--------------- Ox at 07:55:16 on 04-Jun-2025 ---------------

Ox 9.10 (Windows_64/Parallel) (C) J.A. Doornik, 1994-2023 (oxlang.dev)
******************************************
------------------------------------------
	Configuracao de variaveis
------------------------------------------

REGIOES
	Quantidade de lags: 8
	Quantidade de Regioes: 110
	Quantidade de Variaveis Dependente: 3
Variaveis Dependentes:
[0] = ETANOL_HIDRATADO
[1] = OLEO_DIESEL
[2] = GASOLINA_COMUM

DATABASE
	Macrovariaveis: ../export/database for ox/db_oil_withSesonal.in7
	Regioes: ../export/database for ox/db_oil_withSesonal.in7
	Database Star: ../export/database for ox/db_oil_withSesonal_Star.in7

DIRETORIOS
	W Matrix Dir: ./mat_files/W_mat/
	Cointeration Matrix Dir: ./mat_files/Cointegration/
	Raw Matrix Dir: ./mat_files/RawMatrix/
	A Matrix Dir: ./mat_files/A_Matrix/
	G Matrix Dir: ./mat_files/G_Matrix/
	Result Matrix Dir: ./mat_files/Result_Matrix/

WEIGHT MATRIX
	Matrix de Pesos: ./mat_files/W_mat/All/PIB_PC_1.mat

Configuracoes
	is_IIS_ON: 1
	IIS_pvalue: 0.01
	is_DUMMY_ON: 1
	type_DUMMY: U
******************************************
Script responsavel pela estimacao dos modelos individuais 
GVAR Passo 1 Inicializado
Carregando matrix de pessos W
Using :./mat_files/W_mat/All/PIB_PC_1.mat
*** Iniciando estimacao dos modelos *** 


*****************************************
             Regiao 1
*****************************************

Iniciando um nomo objeto do tipo PcGive referente a regiao 1
PcGive package version 16.10, object created on  4-06-2025
(C) Jurgen A Doornik - requires a licensed version of PcGive Professional

Carregando base de dados para regiao 1
	Periodo da base de dados
	Data inicial: 2004-5
	Data final: 2018-41
(1) Iniciando construcao das variaveis star para a regiao 1
	Adicionando variavel star da regiao 1
	Adicionando variavel star da regiao 1 (ETANOL_HIDRATADO)
	Adicionando variavel star da regiao 1 (OLEO_DIESEL)
	Adicionando variavel star da regiao 1 (GASOLINA_COMUM)
	Concluido construcao das variaveis star para a regiao 1
(2) Iniciando construcao da variavel Delta para a regiao 1
	Adicionando variavel Delta da regiao 1 (ETANOL_HIDRATADO)
	Adicionando variavel Delta* da regiao 1 (star_ETANOL_HIDRATADO)
	Adicionando variavel Delta da regiao 1 (OLEO_DIESEL)
	Adicionando variavel Delta* da regiao 1 (star_OLEO_DIESEL)
	Adicionando variavel Delta da regiao 1 (GASOLINA_COMUM)
	Adicionando variavel Delta* da regiao 1 (star_GASOLINA_COMUM)
	Concluido construcao da variavel Delta para a regiao 1
(3) Iniciando construcao da variavel beta*Z (Cointegracao) para a regiao 1
	Adicionando variavel R_1_ETANOL_HIDRATADO
	Adicionando variavel R_1_OLEO_DIESEL
	Adicionando variavel R_1_GASOLINA_COMUM
	Adicionando variavel star_ETANOL_HIDRATADO
	Adicionando variavel star_OLEO_DIESEL
	Adicionando variavel star_GASOLINA_COMUM
	Adicionando variavel brent
	Adicionando variavel lnCambio

                ETA          DIS          GAS         ETA*         DIS*         GAS*        brent           FX
T_1         0.34889      0.41476      0.79638      0.14241      0.35944      0.70799       3.6298       1.1361
T_2         0.34819      0.41277      0.79254      0.13313      0.35943      0.70593       3.6192       1.1460
T_3         0.34075      0.41641      0.79751      0.15242      0.35910      0.70624       3.6137       1.1467
T_4         0.34501      0.41012      0.79027      0.19011      0.35974      0.71380       3.6110       1.1436
            0.35977      0.42461      0.80514      0.19750      0.35866      0.71657       3.5694       1.1379
            0.34854      0.42820      0.80110      0.20415      0.37483      0.72717       3.5746       1.1446

                T_1          T_2          T_3          T_4                                                    
ETA         0.00000      0.00000      0.00000      0.00000      0.00000      0.00000      0.00000      0.00000
rows: 
[0] = betaZ_1
	Concluido construcao da variavel beta*Z (Cointegracao) para a regiao 1
(4) Iniciando adicao de macrovariaveis para a regiao 1
	Adicao de macrovariaveis em primeira differenca para a regiao 1
(6) Construindo modelo de estimacao da regiao 1
	Adicionando variavel dependente da regiao 1 (ETANOL_HIDRATADO)
	Adicionando variavel dependente da regiao 1 (OLEO_DIESEL)
	Adicionando variavel dependente da regiao 1 (GASOLINA_COMUM)
	Adicionando variavel independente (lag da independente) da regiao 1 (ETANOL_HIDRATADO)
	Adicionando variavel independente (lag da independente) da regiao 1 (OLEO_DIESEL)
	Adicionando variavel independente (lag da independente) da regiao 1 (GASOLINA_COMUM)
	Adicionando variavel star da regiao 1 (ETANOL_HIDRATADO)
	Adicionando variavel star da regiao 1 (OLEO_DIESEL)
	Adicionando variavel star da regiao 1 (GASOLINA_COMUM)
	Adicionado: D_brent
	Adicionado: D_lnCambio
	Adicionado: Constant
	Adicionado: CSeasonal U
Processo IIS LIGADO para esta regiao
INICIANDO ESTIMACAO

Autometrics identification block search over regressors
no. initial regressors    715  no. of observations       715
significance level       0.01  block method         standard
extension effort     standard  reduction effort     standard
block backtesting        GUM0  used in blocks      A,B,C1,D1


A. Step 1: block search for omitted regressors
   significance           0.01  diagnostics             off
   no of blocks              6  blocked by         variable
   0(127):9OMP: Warning #227: Cannot determine machine load balance - Using KMP_DYNAMIC_MODE=thread limit
 1(127):9 2(127):0 3(127):0 4(127):0 5(80):14  found: 32
A. Step 2   size= 32 #pars= 462 loglik=     7774.13 selected: 32

B. Step 1: block search for omitted regressors
   significance           0.01  diagnostics         delayed
   no of blocks              6  blocked by         variable
   0(159):0 1(159):0 2(159):0 3(159):84 4(159):13 5(80):0  found: 97
B. Step 2   size=129 #pars= 525 loglik=     8143.21 selected: 53

B. Step 1: block search for omitted regressors
   significance           0.01  diagnostics         delayed
   no of blocks              6  blocked by         variable
   0(180):14 1(180):11 2(180):11 3(180):0 4(180):0 5(80):3  found: 39
B. Step 2   size= 92 #pars= 630 loglik=     8693.11 selected: 88

B. Step 1: block search for omitted regressors
   significance           0.01  diagnostics              on
   no of blocks              5  blocked by         variable
   0(215):36 1(215):28 2(215):79 3(215):47 4(207):10  found: 200
B. Step 1 (continued): 
   significance           0.01  diagnostics              on
   0(215):83 1(161):33  found: 116
B. Step 2   size=204 #pars= 747 loglik=     9107.73 selected: 127

B. Step 1: block search for omitted regressors
   significance           0.01  diagnostics              on
   no of blocks              5  blocked by         variable
   0(254):12 1(254):2 2(254):0 3(254):0 4(207):8  found: 22
B. Step 2   size=149 #pars= 810 loglik=     9294.37 selected: 148

B. Step 1: block search for omitted regressors
   significance           0.01  diagnostics              on
   no of blocks              5  blocked by         variable
   0(275):11 1(275):5 2(275):1 3(275):127 4(207):1  found: 145
B. Step 1 (continued): 
   significance           0.01  diagnostics              on
   0(293):131  found: 131
B. Step 2   size=276 #pars=1128 loglik=     9821.90 selected: 254

B. Step 1: block search for omitted regressors
   significance           0.01  diagnostics              on
   no of blocks              4  blocked by         variable
   0(381):26 1(381):3 2(381):0 3(334):1  found: 30
B. Step 2   size=284 #pars=1137 loglik=     10051.4 selected: 257

B. Step 1: block search for omitted regressors
   significance           0.01  diagnostics              on
   no of blocks              4  blocked by         variable
   0(384):8 1(384):0 2(384):0 3(334):3  found: 11
B. Step 2   size=268 #pars=1137 loglik=     10130.8 selected: 257

B. Step 1: block search for omitted regressors
   significance           0.01  diagnostics              on
   no of blocks              4  blocked by         variable
   0(384):7 1(384):0 2(384):0 3(334):1  found: 8
B. Step 2   size=265 #pars=1155 loglik=     10212.0 selected: 263

B. Step 1: block search for omitted regressors
   significance           0.01  diagnostics              on
   no of blocks              4  blocked by         variable
   0(390):5 1(390):0 2(390):0 3(334):2  found: 7
B. Step 2   size=270 #pars=1170 loglik=     10284.2 selected: 268

B. Step 1: block search for omitted regressors
   significance           0.01  diagnostics              on
   no of blocks              4  blocked by         variable
   0(395):4 1(395):0 2(395):0 3(334):0  found: 4
B. Step 2   size=272 #pars=1182 loglik=     10328.8 selected: 272

C. Step 1: block search for omitted regressors
   significance           0.01  diagnostics              on
   no of blocks              4  blocked by         variable
   0(399):2 1(399):0 2(399):0 3(334):0  found: 2
C. Step 2   size=274 #pars= 765 loglik=     9188.67 selected: 133

Block search complete, estimated 64138 models in  2:08:54.61
- final selection size=316 regs=316 total= 438 loglik=     10491.0


---------- Autometrics: dimensions of initial GUM ----------
no. of observations       715  no. of parameters        1314
no. free regressors (k1)  316  no. free components (k2)    0
no. of equations            3  no. diagnostic tests        4

Fixed regressors:  D_R_1_ETANOL_HIDRATADO_1 D_R_1_ETANOL_HIDRATADO_2 D_R_1_ETANOL_HIDRATADO_3 D_R_1_ETANOL_HIDRATADO_4
 D_R_1_ETANOL_HIDRATADO_5 D_R_1_ETANOL_HIDRATADO_6 D_R_1_ETANOL_HIDRATADO_7 D_R_1_ETANOL_HIDRATADO_8
 D_R_1_OLEO_DIESEL_1 D_R_1_OLEO_DIESEL_2 D_R_1_OLEO_DIESEL_3 D_R_1_OLEO_DIESEL_4 D_R_1_OLEO_DIESEL_5
 D_R_1_OLEO_DIESEL_6 D_R_1_OLEO_DIESEL_7 D_R_1_OLEO_DIESEL_8 D_R_1_GASOLINA_COMUM_1 D_R_1_GASOLINA_COMUM_2
 D_R_1_GASOLINA_COMUM_3 D_R_1_GASOLINA_COMUM_4 D_R_1_GASOLINA_COMUM_5 D_R_1_GASOLINA_COMUM_6 D_R_1_GASOLINA_COMUM_7
 D_R_1_GASOLINA_COMUM_8 D_star_ETANOL_HIDRATADO D_star_ETANOL_HIDRATADO_1 D_star_ETANOL_HIDRATADO_2 D_star_ETANOL_HIDRATADO_3
 D_star_ETANOL_HIDRATADO_4 D_star_ETANOL_HIDRATADO_5 D_star_ETANOL_HIDRATADO_6 D_star_ETANOL_HIDRATADO_7
 D_star_ETANOL_HIDRATADO_8 D_star_OLEO_DIESEL D_star_OLEO_DIESEL_1 D_star_OLEO_DIESEL_2 D_star_OLEO_DIESEL_3
 D_star_OLEO_DIESEL_4 D_star_OLEO_DIESEL_5 D_star_OLEO_DIESEL_6 D_star_OLEO_DIESEL_7 D_star_OLEO_DIESEL_8
 D_star_GASOLINA_COMUM D_star_GASOLINA_COMUM_1 D_star_GASOLINA_COMUM_2 D_star_GASOLINA_COMUM_3 D_star_GASOLINA_COMUM_4
 D_star_GASOLINA_COMUM_5 D_star_GASOLINA_COMUM_6 D_star_GASOLINA_COMUM_7 D_star_GASOLINA_COMUM_8 betaZ_1
 D_brent D_brent_1 D_brent_2 D_brent_3 D_brent_4 D_brent_5 D_brent_6 D_brent_7 D_brent_8 D_lnCambio D_lnCambio_1
 D_lnCambio_2 D_lnCambio_3 D_lnCambio_4 D_lnCambio_5 D_lnCambio_6 D_lnCambio_7 D_lnCambio_8 Constant
 CSeasonal CSeasonal_1 ... CSeasonal_50

Presearch reduction: none removed

[0.3] Testing GUM 0 at 0.114127:  LRF(948) [0.0000] kept

[1.0] Start of Autometrics tree search

Searching from GUM 0  k= 316 loglik=     10491.0
Found new terminal 1  k= 251 loglik=     10207.8 SC=   -18.268
Found new terminal 2  k= 252 loglik=     10211.8 SC=   -18.251
Found new terminal 3  k= 253 loglik=     10215.4 SC=   -18.233
Found new terminal 4  k= 254 loglik=     10218.3 SC=   -18.214
Found new terminal 5  k= 252 loglik=     10210.1 SC=   -18.246
Found new terminal 6  k= 253 loglik=     10215.0 SC=   -18.232
Found new terminal 7  k= 252 loglik=     10211.9 SC=   -18.251
Found new terminal 8  k= 252 loglik=     10211.1 SC=   -18.249
Found new terminal 9  k= 252 loglik=     10211.2 SC=   -18.249
Found new terminal 10 k= 255 loglik=     10222.5 SC=   -18.198
Found new terminal 11 k= 253 loglik=     10215.3 SC=   -18.233
Found new terminal 12 k= 253 loglik=     10214.5 SC=   -18.231
Found new terminal 13 k= 254 loglik=     10218.9 SC=   -18.216
Found new terminal 14 k= 252 loglik=     10211.4 SC=   -18.250
Found new terminal 15 k= 254 loglik=     10217.5 SC=   -18.212
Found new terminal 16 k= 253 loglik=     10215.5 SC=   -18.234
Found new terminal 17 k= 252 loglik=     10212.2 SC=   -18.252
Found new terminal 18 k= 252 loglik=     10212.2 SC=   -18.252
Found new terminal 19 k= 251 loglik=     10207.3 SC=   -18.266
Found new terminal 20 k= 253 loglik=     10216.0 SC=   -18.235
Maximum number of terminal candidates reached

Searching for contrasting terminals in terminal paths
Maximum number of terminal candidates reached

Encompassing test against GUM 0 removes: none

Searching from GUM 1  k= 272 loglik=     10330.1 LRF_GUM0(44) [0.4492]
Recalling terminal 1  k= 251 loglik=     10207.8 SC=   -18.268
Recalling terminal 2  k= 252 loglik=     10211.8 SC=   -18.251
Recalling terminal 3  k= 253 loglik=     10215.4 SC=   -18.233
Recalling terminal 4  k= 254 loglik=     10218.3 SC=   -18.214
Recalling terminal 5  k= 252 loglik=     10210.1 SC=   -18.246
Recalling terminal 6  k= 253 loglik=     10215.0 SC=   -18.232
Recalling terminal 7  k= 252 loglik=     10211.9 SC=   -18.251
Recalling terminal 8  k= 252 loglik=     10211.1 SC=   -18.249
Recalling terminal 9  k= 252 loglik=     10211.2 SC=   -18.249
Recalling terminal 10 k= 255 loglik=     10222.5 SC=   -18.198
Recalling terminal 11 k= 253 loglik=     10215.3 SC=   -18.233
Recalling terminal 12 k= 253 loglik=     10214.5 SC=   -18.231
Recalling terminal 13 k= 254 loglik=     10218.9 SC=   -18.216
Recalling terminal 14 k= 252 loglik=     10211.4 SC=   -18.250
Recalling terminal 15 k= 254 loglik=     10217.5 SC=   -18.212
Recalling terminal 16 k= 253 loglik=     10215.5 SC=   -18.234
Recalling terminal 17 k= 252 loglik=     10212.2 SC=   -18.252
Recalling terminal 18 k= 252 loglik=     10212.2 SC=   -18.252
Recalling terminal 19 k= 251 loglik=     10207.3 SC=   -18.266
Recalling terminal 20 k= 253 loglik=     10216.0 SC=   -18.235
Maximum number of terminal candidates reached

Searching for contrasting terminals in terminal paths
Maximum number of terminal candidates reached

[2.0] Selection of final model from terminal candidates: terminal 1

p-values in Final GUM and terminal model(s)
                 Final GUM  terminal 1  terminal 2  terminal 3  terminal 4  terminal 5  terminal 6  terminal 7  terminal 8  terminal 9 terminal 10 terminal 11 terminal 12 terminal 13 terminal 14 terminal 15 terminal 16 terminal 17 terminal 18 terminal 19 terminal 20
II#2005-05-01   0.00571513  0.00949435  0.00516299  0.00705406  0.00609055  0.00425084  0.01125608  0.01187617  0.00883651  0.01448570  0.00816639  0.01126467  0.00931553  0.00715790  0.00765644  0.00493372  0.01248264  0.01081668  0.00979448  0.00867429  0.01111118
II#2005-05-08   0.02147421  0.06072787  0.06249466  0.05039303  0.02243469  0.03819888  0.05926930  0.06764901  0.03551538           .  0.05075981           .  0.02544856  0.04871231  0.04766750  0.04987402  0.03596146  0.06580525  0.05580264  0.04542683  0.08292597
II#2005-05-15   0.03006979  0.04701760  0.05785202  0.03361406  0.02271892  0.03364344  0.04555061           .  0.06426787  0.05087136  0.03183076  0.06255567  0.04241842  0.04913026  0.02529000  0.03333142  0.03794998  0.04573923  0.04818281  0.02653115  0.04253455
II#2005-06-05   0.00878433  0.00469304  0.00632946  0.00458274  0.01095135  0.00663815  0.00632205  0.00600254  0.00607360  0.00482759  0.00459619  0.00650393  0.01334083  0.01095073  0.00491916  0.00504449  0.00597073  0.00552904  0.00567131  0.00502608  0.00458788
II#2005-06-12   0.00099125  0.00131052  0.00266626  0.00128572  0.00246453  0.00112368  0.00182672  0.00269864  0.00191027  0.00183140  0.00258016  0.00135620  0.00151899  0.00066042  0.00088724  0.00167114  0.00139176  0.00207192  0.00101007  0.00177025  0.00217141
II#2005-06-19   0.00684739  0.00968609  0.01676203  0.00763275  0.01062012  0.00992594  0.01160722  0.01227654  0.01094808  0.01525122  0.00358297  0.01146301  0.00861976  0.00975912  0.00769418  0.00541239  0.00767979  0.01251198  0.01149936  0.01182740  0.01691898
II#2005-06-26   0.00000194  0.00000513  0.00000827  0.00000320  0.00000142  0.00000130  0.00000688  0.00000992  0.00000660  0.00001372  0.00000642  0.00001202  0.00000084  0.00000348  0.00000356  0.00000661  0.00000194  0.00000983  0.00000543  0.00000495  0.00000958
II#2005-07-10   0.00088132  0.00009585  0.00024504  0.00009048  0.00011061  0.00010299  0.00016315  0.00017551  0.00014118  0.00023277  0.00013489  0.00023201  0.00057443  0.00011926  0.00007338  0.00011282  0.00007185  0.00018629  0.00015639  0.00018575  0.00016152
II#2005-07-17   0.00000000  0.00000000  0.00000000  0.00000000  0.00000000  0.00000000  0.00000000  0.00000000  0.00000000  0.00000000  0.00000000  0.00000000  0.00000000  0.00000000  0.00000000  0.00000000  0.00000000  0.00000000  0.00000000  0.00000000  0.00000000
II#2005-08-07   0.00034617  0.00036748  0.00029810  0.00032936  0.00082974  0.00036593  0.00046188  0.00041773  0.00040204  0.00055205  0.00116049  0.00037096  0.00040998  0.00030714  0.00037295  0.00063936  0.00043570  0.00051487  0.00038451  0.00050008  0.00120988
II#2005-08-14   0.00000000  0.00000000  0.00000000  0.00000000  0.00000000  0.00000000  0.00000000  0.00000000  0.00000000  0.00000000  0.00000000  0.00000000  0.00000000  0.00000000  0.00000000  0.00000000  0.00000000  0.00000000  0.00000000  0.00000000  0.00000000
II#2005-08-21   0.00000000  0.00000000  0.00000000  0.00000000  0.00000000  0.00000000  0.00000000  0.00000000  0.00000000  0.00000000  0.00000000  0.00000000  0.00000000  0.00000000  0.00000000  0.00000000  0.00000000  0.00000000  0.00000000  0.00000000  0.00000000
II#2005-08-28   0.00000000  0.00000000  0.00000000  0.00000000  0.00000000  0.00000000  0.00000000  0.00000000  0.00000000  0.00000000  0.00000000  0.00000000  0.00000000  0.00000000  0.00000000  0.00000000  0.00000000  0.00000000  0.00000000  0.00000000  0.00000000
II#2005-09-04   0.00000000  0.00000000  0.00000000  0.00000000  0.00000000  0.00000000  0.00000000  0.00000000  0.00000000  0.00000000  0.00000000  0.00000000  0.00000000  0.00000000  0.00000000  0.00000000  0.00000000  0.00000000  0.00000000  0.00000000  0.00000000
II#2005-09-18   0.00000000  0.00000000  0.00000000  0.00000000  0.00000000  0.00000000  0.00000000  0.00000000  0.00000000  0.00000000  0.00000000  0.00000000  0.00000000  0.00000000  0.00000000  0.00000000  0.00000000  0.00000000  0.00000000  0.00000000  0.00000000
II#2005-09-25   0.00586605  0.00023534  0.00485330  0.00110126           .  0.00160994  0.00006725  0.00013305  0.00013505  0.00028943  0.00129051  0.00009860  0.00092306  0.00278563  0.00113411  0.00226609  0.00093983  0.00027587  0.00017818  0.00077991  0.00017613
II#2005-10-02   0.31400862           .  0.07041262           .           .           .           .           .           .           .           .           .           .           .           .           .           .           .           .           .           .
II#2005-10-09   0.00000000  0.00000000  0.00000000  0.00000000  0.00000000  0.00000000  0.00000000  0.00000000  0.00000000  0.00000000  0.00000000  0.00000000  0.00000000  0.00000000  0.00000000  0.00000000  0.00000000  0.00000000  0.00000000  0.00000000  0.00000000
II#2005-10-16   0.00000000  0.00000000  0.00000000  0.00000000  0.00000000  0.00000000  0.00000000  0.00000000  0.00000000  0.00000000  0.00000000  0.00000000  0.00000000  0.00000000  0.00000000  0.00000000  0.00000000  0.00000000  0.00000000  0.00000000  0.00000000
II#2005-10-23   0.20762832           .           .           .           .           .           .           .           .           .           .  0.11830549           .           .           .           .           .           .           .           .           .
II#2005-10-30   0.00000023  0.00000012  0.00000006  0.00000040  0.00000010  0.00000012  0.00000010  0.00000008  0.00000009  0.00000004  0.00000009  0.00000049  0.00000047  0.00000021  0.00000043  0.00000012  0.00000021  0.00000027  0.00000028  0.00000018  0.00000012
II#2005-11-06   0.00036187  0.00021036  0.00046260  0.00054958  0.00038286  0.00020552  0.00027672  0.00024245  0.00035678  0.00078939  0.00000875  0.00034499  0.00124946  0.00024862  0.00022089  0.00078212  0.00050054  0.00027021  0.00035022  0.00012392  0.00021153
II#2005-11-13   0.00000000  0.00000000  0.00000000  0.00000000  0.00000000  0.00000000  0.00000000  0.00000000  0.00000000  0.00000000  0.00000000  0.00000000  0.00000000  0.00000000  0.00000000  0.00000000  0.00000000  0.00000000  0.00000000  0.00000000  0.00000000
II#2005-11-20   0.04062410  0.04364965  0.04383833  0.03208562  0.06006175  0.02542221  0.05727768  0.04577295  0.05016885  0.04435545  0.06566651  0.04102941  0.04376348  0.03986638  0.04789104  0.03551769  0.04434359  0.04134979  0.03201607           .  0.01977129
II#2005-11-27   0.00055517  0.00051820  0.00043964  0.00071558  0.00046105  0.00051709  0.00051735  0.00060957  0.00077803  0.00049619  0.00096758  0.00056704  0.00046733  0.00016770  0.00094800  0.00166271  0.00063739  0.00042431  0.00049657  0.00137617  0.00053004
II#2005-12-04   0.00002032  0.00001122  0.00001348  0.00001724  0.00004454  0.00001070  0.00002000  0.00001368  0.00001286  0.00000853  0.00004302  0.00001863  0.00001515  0.00006214  0.00001904  0.00007397  0.00003230  0.00001319  0.00001615  0.00001037  0.00001024
II#2005-12-11   0.00000090  0.00000056  0.00000132  0.00000186  0.00000050  0.00000094  0.00000063  0.00000033  0.00000033  0.00000050  0.00000194  0.00000043  0.00000017  0.00000015  0.00000022  0.00000040  0.00000016  0.00000076  0.00000026  0.00000098  0.00000255
II#2005-12-18   0.00395257  0.00316514  0.00285194  0.00494424  0.00418865  0.00610830  0.00396756  0.00406222  0.00614931  0.00416848  0.00247071  0.00432818  0.00855761  0.00597435  0.00457590  0.00579112  0.00568842  0.00439454  0.00502336  0.00389085  0.00256601
II#2006-01-01   0.12052899           .           .  0.11842524  0.09947784  0.10275852  0.09513572           .           .  0.09055496           .  0.12240943           .           .           .           .           .  0.06632311           .           .  0.07964407
II#2006-01-08   0.00000000  0.00000000  0.00000000  0.00000000  0.00000000  0.00000000  0.00000000  0.00000000  0.00000000  0.00000000  0.00000000  0.00000000  0.00000000  0.00000000  0.00000000  0.00000000  0.00000000  0.00000000  0.00000000  0.00000000  0.00000000
II#2006-01-22   0.00028562  0.00035555  0.00068980  0.00027139  0.00042298  0.00022590  0.00028888  0.00042624  0.00053681  0.00029298  0.00043266  0.00063098  0.00016582  0.00019674  0.00015023  0.00022836  0.00034098  0.00037927  0.00027186  0.00043950  0.00023586
II#2006-01-29   0.00673695  0.00336569  0.00335049  0.00411351  0.00591579  0.00573608  0.00509630  0.00339815  0.00303761  0.00300033  0.00203044  0.00342775  0.00907607  0.00568878  0.00383681  0.00364611  0.00330542  0.00354462  0.00498151  0.00296552  0.00408496
II#2006-03-05   0.00000000  0.00000000  0.00000000  0.00000000  0.00000000  0.00000000  0.00000000  0.00000000  0.00000000  0.00000000  0.00000000  0.00000000  0.00000000  0.00000000  0.00000000  0.00000000  0.00000000  0.00000000  0.00000000  0.00000000  0.00000000
II#2006-03-19   0.03828585  0.02494245  0.03781792  0.01674638  0.02331585  0.02592347  0.02229976  0.04575215  0.05781228  0.02001270  0.02593514           .  0.02080224  0.00759913  0.01308992  0.01570917  0.01435679  0.01470664  0.02055163  0.02652301  0.01977747
II#2006-04-02   0.00000042  0.00000173  0.00000077  0.00000020  0.00000111  0.00000050  0.00000125  0.00000069  0.00000068  0.00000186  0.00000649  0.00000123  0.00000128  0.00000064  0.00000099  0.00000260  0.00000234  0.00000252  0.00000121  0.00000119  0.00000261
II#2006-04-09   0.00883522  0.00926379  0.00650914  0.00817684  0.00711890  0.01040051  0.00950379  0.00679917  0.00650863  0.01267802  0.01289364  0.01060688  0.00440846  0.00581742  0.00694810  0.00466308  0.00750784  0.01272970  0.00719572  0.00711080           .
II#2006-04-23   0.00168634  0.00744689  0.00767150  0.00459554  0.00305191  0.00262551  0.00769803  0.01394512  0.00979195  0.01748204  0.00452673  0.00654512  0.00240532  0.00396359  0.00361979  0.00487701  0.00383710  0.01755202  0.00682013  0.00591204  0.00712560
II#2006-04-30   0.00746107  0.02185526  0.01318926  0.01625162  0.01818206  0.01660274  0.01501909  0.02349680  0.01966952  0.01420941  0.00611741  0.01505515  0.02110464  0.03569766  0.01289905  0.00982061  0.03599509  0.01732308  0.02443887  0.01040370  0.01052594
II#2006-05-07   0.00000005  0.00000003  0.00000004  0.00000006  0.00000003  0.00000001  0.00000002  0.00000003  0.00000000  0.00000001  0.00000008  0.00000003  0.00000001  0.00000003  0.00000002  0.00000001  0.00000001  0.00000002  0.00000004  0.00000002  0.00000004
II#2006-06-04   0.00016880  0.00106545  0.00138535  0.00012638  0.00017288  0.00147470  0.00033069  0.00043572  0.00035976  0.00049550  0.00164259  0.00047389  0.00071545  0.00028821  0.00041440  0.00032251  0.00041385  0.00072469  0.00047061  0.00025975  0.00086354
II#2006-06-11   0.00456719  0.03912154  0.00911032  0.00121462  0.00332869  0.01058153  0.01323632  0.01267806  0.01118297  0.01198091  0.02821357  0.01155648  0.00671423  0.02888019  0.01240346  0.00648884  0.02621464  0.01165803  0.03081117  0.00346974  0.03346934
II#2006-06-18   0.00000000  0.00000000  0.00000000  0.00000000  0.00000000  0.00000000  0.00000000  0.00000000  0.00000000  0.00000000  0.00000000  0.00000000  0.00000000  0.00000000  0.00000000  0.00000000  0.00000000  0.00000000  0.00000000  0.00000000  0.00000000
II#2006-06-25   0.00530533  0.00839751  0.00914776  0.00765964  0.00302864  0.00850105  0.00996070  0.00961859  0.00929448  0.01668951  0.00528225  0.02402830  0.00694080  0.00646253  0.01509042  0.00706592  0.00600245  0.01390915  0.01000186  0.00742403  0.01007173
II#2006-07-02   0.00071941  0.00307781  0.00282341  0.00262311  0.00209130  0.00198981  0.00366591  0.00296742  0.00429674  0.00234287  0.00256284  0.00130290  0.00217282  0.00360130  0.00169262  0.00231769  0.00100525  0.00307496  0.00217735  0.00220887  0.00248201
II#2006-07-09   0.00171434  0.00068493  0.00072667  0.00070783  0.00033276  0.00210061  0.00117353  0.00081129  0.00079679  0.00173933  0.00061874  0.00083405  0.00315367  0.00036007  0.00086174  0.00166363  0.00091775  0.00150826  0.00089210  0.00050961  0.00102864
II#2006-07-16   0.06905887  0.07675391  0.07923695  0.07253583  0.07402386           .  0.09140028  0.07658913  0.07325133  0.08610671  0.08149011  0.05508780           .  0.08890129  0.08168798           .           .           .  0.06896190  0.04488821  0.08716297
II#2006-07-30   0.00095763  0.00018530  0.00087460  0.00095613  0.00184034  0.00192202  0.00024047  0.00017800  0.00019046  0.00018519  0.00054269  0.00016067  0.00106588  0.00058881  0.00039977  0.00090903  0.00034491  0.00024571  0.00016891  0.00020333  0.00017304
II#2006-08-20   0.00000000  0.00000000  0.00000000  0.00000000  0.00000000  0.00000000  0.00000000  0.00000000  0.00000000  0.00000000  0.00000000  0.00000000  0.00000000  0.00000000  0.00000000  0.00000000  0.00000000  0.00000000  0.00000000  0.00000000  0.00000000
II#2006-08-27   0.00000049  0.00000106  0.00000036  0.00000552  0.00000026  0.00000256  0.00000131  0.00000114  0.00000120  0.00000069  0.00000158  0.00000126  0.00000366  0.00000063  0.00000173  0.00000384  0.00000378  0.00000156  0.00000118  0.00000077  0.00000107
II#2006-10-08   0.01971572  0.04390881  0.03212728  0.02833219  0.02989570  0.02946550  0.03971596  0.03843744  0.03926318  0.04295329  0.01394574  0.04014507  0.05254613  0.03401539  0.03845633  0.03809135  0.04542163  0.04196079           .  0.02452996  0.03691998
II#2006-12-17   0.00087887  0.00117132  0.00126942  0.00106521  0.00095175  0.00274135  0.00105529  0.00137275  0.00143729  0.00118605  0.00146169  0.00166001  0.00174317  0.00137675  0.00115643  0.00097268  0.00112071  0.00140192  0.00137928  0.00163421  0.00122822
II#2007-02-11   0.00144451  0.00257409  0.00150560  0.00164360  0.00222977  0.00198077  0.00199053  0.00222267  0.00222924  0.00255479  0.00272147  0.00439691  0.00295196  0.00267187  0.00318214  0.00342345  0.00209018  0.00326726  0.00285572  0.00115025  0.00517759
II#2007-03-18   0.00000088  0.00000129  0.00000034  0.00000070  0.00000055  0.00000039  0.00000158  0.00000129  0.00000124  0.00000163  0.00000163  0.00000199  0.00000075  0.00000110  0.00000085  0.00000147  0.00000039  0.00000138  0.00000152  0.00000072  0.00000227
II#2007-04-08   0.00005997  0.00005098  0.00011967  0.00004804  0.00006505  0.00006042  0.00006266  0.00004626  0.00006064  0.00003846  0.00001922  0.00002785  0.00005485  0.00010531  0.00003676  0.00004791  0.00012938  0.00004831  0.00005071  0.00003164  0.00003480
II#2007-04-22   0.01230841  0.03545921  0.02897474  0.04548097  0.03296041  0.03588984  0.04410603  0.03579746  0.03269233  0.06205210  0.06732022  0.02118002  0.01538758  0.01685213  0.02282140  0.01758235  0.02805751           .  0.01778096  0.03366988  0.06190093
II#2007-05-27   0.00000000  0.00000000  0.00000000  0.00000000  0.00000000  0.00000000  0.00000000  0.00000000  0.00000000  0.00000000  0.00000000  0.00000000  0.00000000  0.00000000  0.00000000  0.00000000  0.00000000  0.00000000  0.00000000  0.00000000  0.00000000
II#2007-06-03   0.00000749  0.00002196  0.00003283  0.00002650  0.00000786  0.00007176  0.00000662  0.00000506  0.00000539  0.00000937  0.00002289  0.00000777  0.00000749  0.00000347  0.00000627  0.00000570  0.00000799  0.00001330  0.00000696  0.00000896  0.00002959
II#2007-06-10   0.00000001  0.00000000  0.00000000  0.00000001  0.00000008  0.00000001  0.00000001  0.00000001  0.00000001  0.00000001  0.00000005  0.00000000  0.00000002  0.00000000  0.00000002  0.00000011  0.00000001  0.00000002  0.00000000  0.00000002  0.00000001
II#2007-06-24   0.00000000  0.00000000  0.00000001  0.00000001  0.00000001  0.00000001  0.00000000  0.00000000  0.00000000  0.00000000  0.00000000  0.00000000  0.00000001  0.00000001  0.00000000  0.00000000  0.00000000  0.00000000  0.00000000  0.00000000  0.00000000
II#2007-07-22   0.00000000  0.00000000  0.00000000  0.00000000  0.00000000  0.00000000  0.00000000  0.00000000  0.00000000  0.00000000  0.00000000  0.00000000  0.00000000  0.00000000  0.00000000  0.00000000  0.00000000  0.00000000  0.00000000  0.00000000  0.00000000
II#2007-07-29   0.00000000  0.00000000  0.00000000  0.00000000  0.00000000  0.00000000  0.00000000  0.00000000  0.00000000  0.00000000  0.00000000  0.00000000  0.00000000  0.00000000  0.00000000  0.00000000  0.00000000  0.00000000  0.00000000  0.00000000  0.00000000
II#2007-08-26   0.03466295  0.01119772  0.02059895           .  0.01608421  0.01531495  0.01268776  0.01438492  0.01656578  0.00870814  0.01749308  0.01415173  0.00491259  0.01069401  0.01326904  0.01223413  0.00513374  0.00709294  0.01046631  0.01921006  0.00965071
II#2007-09-16   0.01884979  0.01063862  0.01007609  0.01076048  0.01532310  0.00787818  0.00931497  0.01190845  0.01299607  0.00933782  0.01221463  0.02264090  0.01382325  0.01161335  0.01336105  0.01068083  0.01052714  0.00823096  0.01087268  0.01633175  0.01101929
II#2007-09-30   0.02829663  0.02627624  0.02028657  0.02216920  0.02467238  0.05279209  0.02959538  0.02941386  0.02675014  0.02063833  0.03370951  0.02439471           .  0.02935770  0.03242348  0.04988064  0.04550356  0.03665598  0.02713500  0.03818727  0.02774985
II#2007-10-14   0.01816702  0.02363288  0.03849969  0.02323231  0.02615039  0.02644757  0.03008118  0.01931420  0.01919683  0.02599822  0.02513544  0.01423141  0.02297590           .  0.02382910  0.03236795  0.02470532  0.02776939  0.02347770  0.01880338  0.02720352
II#2007-10-21   0.00000000  0.00000000  0.00000000  0.00000000  0.00000000  0.00000000  0.00000000  0.00000000  0.00000000  0.00000000  0.00000000  0.00000000  0.00000000  0.00000000  0.00000000  0.00000000  0.00000000  0.00000000  0.00000000  0.00000000  0.00000000
II#2007-10-28   0.00000000  0.00000000  0.00000000  0.00000000  0.00000000  0.00000000  0.00000000  0.00000000  0.00000000  0.00000000  0.00000000  0.00000000  0.00000000  0.00000000  0.00000000  0.00000000  0.00000000  0.00000000  0.00000000  0.00000000  0.00000000
II#2007-11-11   0.00072644  0.00028241  0.00027695  0.00055077  0.00064364  0.00025696  0.00030300  0.00037603  0.00039385  0.00032115  0.00189949  0.00043889  0.00049195  0.00042332  0.00051381  0.00142064  0.00049400  0.00030320  0.00037976  0.00065454  0.00039467
II#2007-11-18   0.00000001  0.00000005  0.00000003  0.00000000  0.00000001  0.00000001  0.00000002  0.00000002  0.00000002  0.00000002  0.00000005  0.00000001  0.00000005  0.00000003  0.00000003  0.00000003  0.00000003  0.00000003  0.00000006  0.00000001  0.00000035
II#2007-11-25   0.00000000  0.00000000  0.00000000  0.00000000  0.00000000  0.00000000  0.00000000  0.00000000  0.00000000  0.00000000  0.00000000  0.00000000  0.00000000  0.00000000  0.00000000  0.00000000  0.00000000  0.00000000  0.00000000  0.00000000  0.00000000
II#2007-12-02   0.00000000  0.00000000  0.00000000  0.00000000  0.00000000  0.00000000  0.00000000  0.00000000  0.00000000  0.00000000  0.00000000  0.00000000  0.00000000  0.00000000  0.00000000  0.00000000  0.00000000  0.00000000  0.00000000  0.00000000  0.00000000
II#2007-12-09   0.00000000  0.00000000  0.00000000  0.00000000  0.00000000  0.00000000  0.00000000  0.00000000  0.00000000  0.00000000  0.00000000  0.00000000  0.00000000  0.00000000  0.00000000  0.00000000  0.00000000  0.00000000  0.00000000  0.00000000  0.00000000
II#2007-12-16   0.00000000  0.00000000  0.00000000  0.00000000  0.00000000  0.00000000  0.00000000  0.00000000  0.00000000  0.00000000  0.00000000  0.00000000  0.00000000  0.00000000  0.00000000  0.00000000  0.00000000  0.00000000  0.00000000  0.00000000  0.00000000
II#2007-12-23   0.00000000  0.00000000  0.00000000  0.00000000  0.00000000  0.00000000  0.00000000  0.00000000  0.00000000  0.00000000  0.00000000  0.00000000  0.00000000  0.00000000  0.00000000  0.00000000  0.00000000  0.00000000  0.00000000  0.00000000  0.00000000
II#2007-12-30   0.00000000  0.00000000  0.00000000  0.00000000  0.00000000  0.00000000  0.00000000  0.00000000  0.00000000  0.00000000  0.00000000  0.00000000  0.00000000  0.00000000  0.00000000  0.00000000  0.00000000  0.00000000  0.00000000  0.00000000  0.00000000
II#2008-01-06   0.00054233  0.00067954  0.00064614  0.00069193  0.00041995  0.00054587  0.00059961  0.00051564  0.00054649  0.00058820  0.00094761  0.00048279  0.00034992  0.00050755  0.00057979  0.00041416  0.00038722  0.00063876  0.00047355  0.00083032  0.00054809
II#2008-01-13   0.00000000  0.00000001  0.00000002  0.00000000  0.00000000  0.00000001  0.00000001  0.00000001  0.00000001  0.00000000  0.00000001  0.00000000  0.00000000  0.00000001  0.00000000  0.00000000  0.00000002  0.00000001  0.00000001  0.00000001  0.00000000
II#2008-01-20   0.00000000  0.00000000  0.00000000  0.00000000  0.00000000  0.00000000  0.00000000  0.00000000  0.00000000  0.00000000  0.00000000  0.00000000  0.00000000  0.00000000  0.00000000  0.00000000  0.00000000  0.00000000  0.00000000  0.00000000  0.00000000
II#2008-01-27   0.01601929  0.00525458  0.01029684  0.00734541  0.02379557  0.01724736  0.00706766  0.00743818  0.00935536  0.00905792  0.00333488  0.01096635           .  0.01013404  0.00979312  0.01783105  0.01999875  0.01245386  0.01118747  0.00872277  0.00343491
II#2008-02-03   0.00145005  0.00047670  0.00054157  0.00080004  0.00167259  0.00120179  0.00055256  0.00051875  0.00054904  0.00080638  0.00081153  0.00083572  0.00052284  0.00037023  0.00086798  0.00132838  0.00078139  0.00103523  0.00046690  0.00047022  0.00089984
II#2008-03-02   0.00243183  0.00119311  0.00122174  0.00211979  0.00148634  0.00074496  0.00172660  0.00157641  0.00200699  0.00076928  0.00483537  0.00175989  0.00086150  0.00080822  0.00094683  0.00099316  0.00072679  0.00114168  0.00065335  0.00195861  0.00121846
II#2008-03-16   0.00645924  0.00545513  0.00920553  0.01091330  0.00294229  0.00875823  0.00619350  0.00606696  0.00513766  0.00489335  0.00543048  0.00391657  0.00340102  0.00803777  0.00724367  0.01192733  0.00521362  0.00446430  0.00543397  0.00719166  0.00392943
II#2008-03-23   0.00010129  0.00007823  0.00022450  0.00013688  0.00049484  0.00014315  0.00007015  0.00008442  0.00007491  0.00008639  0.00007500  0.00010719  0.00011068  0.00028783  0.00012155  0.00025890  0.00007414  0.00007746  0.00010071  0.00009969  0.00008108
II#2008-04-13   0.00000362  0.00002082  0.00001801  0.00000192  0.00000693  0.00000371  0.00001101  0.00000888  0.00001208  0.00001105  0.00001988  0.00000950  0.00002133  0.00001623  0.00001856  0.00001910  0.00001152  0.00000688  0.00002349  0.00001960  0.00000252
II#2008-04-27   0.00036063  0.00012678  0.00025003  0.00012312  0.00018804  0.00012609  0.00010351  0.00056953  0.00062959  0.00010914  0.00042446  0.00098181  0.00017501  0.00020906  0.00012469  0.00030539  0.00008000  0.00009078  0.00016887  0.00023148  0.00006745
II#2008-05-04   0.00011513  0.00014002  0.00010675  0.00005248  0.00003555  0.00002409  0.00009873  0.00072441  0.00045589  0.00027305  0.00007321  0.00317706  0.00012470  0.00081641  0.00023936  0.00019295  0.00008405  0.00026707  0.00031459  0.00009889  0.00010097
II#2008-05-18   0.05038115  0.04829410  0.05692112  0.02634841  0.00743975  0.03490138  0.03014873           .           .  0.05676597  0.03043285           .  0.02502864  0.05671647  0.02800640  0.03015571  0.02717838  0.05479175  0.05249336  0.02179184  0.04891881
II#2008-05-25   0.00000016  0.00000017  0.00000023  0.00000018  0.00000013  0.00000010  0.00000012  0.00000018  0.00000012  0.00000012  0.00000009  0.00000014  0.00000018  0.00000016  0.00000008  0.00000022  0.00000036  0.00000012  0.00000029  0.00000004  0.00000014
II#2008-06-29   0.01528851  0.00347956  0.00234397  0.00473999  0.00653292  0.00831030  0.00346488  0.00397572  0.00331569  0.00388920  0.00360691  0.00335178  0.01065167  0.00855356  0.00522653  0.00755509           .  0.00354801  0.00403464  0.00167353  0.00246870
II#2008-07-06   0.00130405  0.00096507  0.00068416  0.00069866  0.00053081  0.00066481  0.00072932  0.00084989  0.00082324  0.00096772  0.00056474  0.00144439  0.00051642  0.00131202  0.00042224  0.00048228  0.00058100  0.00075021  0.00089452  0.00050885  0.00065462
II#2008-07-13   0.00000000  0.00000000  0.00000000  0.00000000  0.00000000  0.00000000  0.00000000  0.00000000  0.00000000  0.00000000  0.00000000  0.00000000  0.00000000  0.00000000  0.00000000  0.00000000  0.00000000  0.00000000  0.00000000  0.00000000  0.00000000
II#2008-07-20   0.10482796  0.08945496  0.07775691           .           .           .  0.09251406  0.04037248  0.04877080  0.08366187           .  0.04180442           .  0.08346071           .           .           .  0.09939540  0.09229927           .  0.08628880
II#2008-07-27   0.08825257           .           .  0.11490134  0.02905829  0.08000226           .           .           .           .  0.09874249           .  0.07197372  0.09289304  0.07279280  0.10301856  0.07093099           .           .           .           .
II#2008-08-10   0.01733631  0.01614652  0.01975829  0.01581790  0.02498123  0.01309773  0.03194828  0.01657684  0.01688322  0.01572809  0.01924197  0.02031681  0.01384546  0.01721439  0.01660851  0.02209847  0.01565110  0.01543817  0.02035710  0.01200791  0.01724277
II#2008-08-17   0.01257691  0.02067063  0.02470552  0.01244038  0.01428320  0.01186040  0.02012907  0.02041332  0.02060254  0.01754238  0.03879639  0.01324937  0.01502274  0.01928517  0.01819512  0.02246195  0.01499095  0.01494624  0.01881739  0.02779827  0.02795436
II#2008-08-24   0.00007555  0.00004319  0.00005692  0.00012929  0.00049830  0.00009877  0.00005872  0.00005769  0.00005041  0.00007380  0.00010944  0.00005746  0.00009468  0.00009690  0.00010187  0.00015974  0.00020716  0.00006646  0.00006534  0.00006428  0.00005631
II#2008-09-14   0.00000027  0.00000062  0.00000069  0.00000060  0.00000035  0.00000039  0.00000075  0.00000107  0.00000195  0.00000055  0.00000060  0.00000122  0.00000074  0.00000018  0.00000085  0.00000110  0.00000048  0.00000028  0.00000064  0.00000087  0.00000046
II#2008-11-16   0.00033342  0.00048809  0.00016382  0.00131936  0.00049202  0.00011844  0.00067405  0.00049205  0.00075350  0.00058097  0.00016559  0.00045580  0.00081337  0.00042751  0.00051406  0.00042666  0.00064646  0.00070096  0.00115240  0.00022416  0.00111441
II#2008-12-14   0.06413276  0.04833512  0.09723685  0.07648924  0.04786068           .  0.03702635  0.06199149  0.07272199  0.03753295  0.06116642  0.06384597  0.09591337  0.09347142  0.06408829  0.07766230  0.06163963  0.04391834  0.06376854  0.04896488  0.04636569
II#2008-12-21   0.01184992  0.00453975  0.00422638  0.00428696  0.00398423  0.00405894  0.00236758  0.00620206  0.00676386  0.00401841  0.00682358  0.00703847  0.00390855  0.00463528  0.00436400  0.00666820  0.00608376  0.00372336  0.00412108  0.01034250  0.00493313
II#2009-02-08   0.00142611  0.00324526  0.00176232  0.00254188  0.00503924  0.00332476  0.00365128  0.00288593  0.00285292  0.00252438  0.00253127  0.00293629  0.00253400  0.00365138  0.00265672  0.00270709  0.00464844  0.00325967  0.00400192  0.00211075  0.00192535
II#2009-02-15   0.00020412  0.00015283  0.00008176  0.00014451  0.00009972  0.00006609  0.00023651  0.00013222  0.00013046  0.00017055  0.00025661  0.00012145  0.00015346  0.00017538  0.00011555  0.00027547  0.00017248  0.00021885  0.00016665  0.00017694  0.00018072
II#2009-03-15   0.00002658  0.00002497  0.00002959  0.00003412  0.00003259  0.00000925  0.00003906  0.00003087  0.00004666  0.00002285  0.00002789  0.00000301  0.00001618  0.00003564  0.00004560  0.00002103  0.00002518  0.00002766  0.00002489  0.00006760  0.00002769
II#2009-03-22   0.00950624  0.01684052  0.00781264  0.00494281  0.00431978  0.00862597  0.01114918  0.00913386  0.01005734  0.01399889  0.01311824  0.01567971  0.00827367  0.00550629  0.01003180  0.01020077  0.00894631  0.01324056  0.01094817  0.00753899  0.01940671
II#2009-04-26   0.01326748  0.00810578  0.00822617  0.00400008  0.01584540  0.00883778  0.00889915  0.00734217  0.00712107  0.00583182  0.01028392  0.00780098  0.02365090  0.00991097  0.00783210  0.01208947  0.01012824  0.01032675  0.00952967  0.00728490  0.01092260
II#2009-05-03   0.01933517  0.01467193  0.01621281  0.01910286  0.02238410  0.01222830  0.01688690  0.01582100  0.01558820  0.01225147  0.02459928  0.01320693  0.01562592  0.01463929  0.01295330  0.01968985  0.01320594  0.01822655  0.01312591  0.02339370  0.02119809
II#2009-05-17   0.00948355  0.00873994  0.00790538  0.01926428  0.00707772  0.00946672  0.00937538  0.01067526  0.01214540  0.01037084  0.00959714  0.00994318  0.00489886  0.00707483  0.01155410  0.01422895  0.00689576  0.00654567  0.00900323  0.01119768  0.00860197
II#2009-05-31   0.02008560  0.01530442  0.01441847  0.03590358  0.03046887  0.01679079  0.03397175  0.04025335  0.03716641  0.03959236  0.01759227  0.03880373  0.01880001  0.03437730  0.03561598  0.03631423  0.03120692  0.03209435  0.03480325  0.03991492  0.01738655
II#2009-06-28   0.00000000  0.00000000  0.00000000  0.00000000  0.00000001  0.00000000  0.00000000  0.00000000  0.00000000  0.00000000  0.00000000  0.00000000  0.00000001  0.00000000  0.00000000  0.00000000  0.00000000  0.00000000  0.00000000  0.00000000  0.00000000
II#2009-07-12   0.02841854  0.01727914  0.01684749  0.02409589  0.02448536  0.04454831  0.01906386  0.01485942  0.01420738  0.02107861  0.03569433  0.02156253  0.03527178  0.01844039           .  0.04225367  0.03023364  0.02497615  0.01540935  0.01712843  0.02365744
II#2009-07-26   0.01018711  0.00939900  0.00866126  0.00769721  0.00649546  0.00762930  0.01170115  0.00879882  0.00897829  0.00895422  0.00726014  0.01018129  0.00624148  0.00542147  0.00641996  0.00703645  0.00609751  0.00889191  0.00949676  0.01359415  0.00788979
II#2009-08-09   0.00000582  0.00000861  0.00002272  0.00000849  0.00001854  0.00002205  0.00000624  0.00001337  0.00001636  0.00000814  0.00000680  0.00001982  0.00001480  0.00002263  0.00000078  0.00000436  0.00000637  0.00001769  0.00000535  0.00000346  0.00000846
II#2009-08-16   0.00000002  0.00000002  0.00000002  0.00000005  0.00000001  0.00000003  0.00000003  0.00000003  0.00000003  0.00000002  0.00000002  0.00000003  0.00000001  0.00000001  0.00000002  0.00000007  0.00000010  0.00000003  0.00000002  0.00000004  0.00000002
II#2009-08-23   0.00000275  0.00000308  0.00000333  0.00000133  0.00001889  0.00001644  0.00000975  0.00000339  0.00000406  0.00000319  0.00000745  0.00000272  0.00002512  0.00000836  0.00000735  0.00001409  0.00001695  0.00000658  0.00000342  0.00000461  0.00000373
II#2009-08-30   0.00000002  0.00000001  0.00000002  0.00000000  0.00000001  0.00000001  0.00000002  0.00000001  0.00000001  0.00000001  0.00000001  0.00000000  0.00000003  0.00000003  0.00000000  0.00000003  0.00000003  0.00000002  0.00000001  0.00000000  0.00000001
II#2009-09-06   0.00000000  0.00000000  0.00000000  0.00000000  0.00000000  0.00000000  0.00000000  0.00000000  0.00000000  0.00000000  0.00000000  0.00000000  0.00000000  0.00000000  0.00000000  0.00000000  0.00000000  0.00000000  0.00000000  0.00000000  0.00000000
II#2009-09-13   0.00000000  0.00000000  0.00000000  0.00000000  0.00000000  0.00000000  0.00000000  0.00000000  0.00000000  0.00000000  0.00000000  0.00000000  0.00000000  0.00000000  0.00000000  0.00000000  0.00000000  0.00000000  0.00000000  0.00000000  0.00000000
II#2009-09-20   0.00000000  0.00000000  0.00000000  0.00000000  0.00000000  0.00000000  0.00000000  0.00000000  0.00000000  0.00000000  0.00000000  0.00000000  0.00000000  0.00000000  0.00000000  0.00000000  0.00000000  0.00000000  0.00000000  0.00000000  0.00000000
II#2009-09-27   0.04785760  0.00312118  0.00289755  0.01224698           .  0.03507634  0.00368499  0.00075544  0.00079057  0.00194555  0.01857704  0.00103844  0.01382637  0.01230758  0.01132223  0.00858011  0.01190862  0.00160348  0.00207784  0.00449528  0.00381451
II#2009-10-04   0.00008711  0.00007460  0.00002962  0.00013291  0.00015882  0.00003810  0.00010072  0.00006034  0.00007799  0.00017644  0.00011396  0.00004437  0.00026090  0.00004073  0.00010303  0.00011822  0.00015525  0.00011874  0.00003279  0.00011998  0.00009641
II#2009-10-11   0.06522112           .           .           .  0.05924502  0.07793685           .           .           .           .           .           .  0.09827600           .           .           .           .           .           .           .           .
II#2009-10-18   0.00000066  0.00000178  0.00000101  0.00000007  0.00000075  0.00000064  0.00000129  0.00000088  0.00000104  0.00000169  0.00000205  0.00000032  0.00000763  0.00000184  0.00000101  0.00000140  0.00000216  0.00000092  0.00000386  0.00000054  0.00000078
II#2009-10-25   0.00128981  0.00044446  0.00036624  0.00065043  0.00093663  0.00022571  0.00052959  0.00037248  0.00037679  0.00042175  0.00096981  0.00038198  0.00035162  0.00050547  0.00055116  0.00100393  0.00098957  0.00056152  0.00032724  0.00054580  0.00049643
II#2009-11-22   0.00000573  0.00000209  0.00000411  0.00000385  0.00001358  0.00000124  0.00000449  0.00000350  0.00000258  0.00000508  0.00000377  0.00000338  0.00000425  0.00000556  0.00000369  0.00000753  0.00000351  0.00000406  0.00000316  0.00000447  0.00000156
II#2009-11-29   0.00000000  0.00000000  0.00000000  0.00000000  0.00000000  0.00000000  0.00000000  0.00000000  0.00000000  0.00000000  0.00000000  0.00000000  0.00000000  0.00000000  0.00000000  0.00000000  0.00000000  0.00000000  0.00000000  0.00000000  0.00000000
II#2009-12-06   0.00009783  0.00002709  0.00007492  0.00004205  0.00005532  0.00003780  0.00005548  0.00002552  0.00002862  0.00005095  0.00004476  0.00002653  0.00003047  0.00006180  0.00003063  0.00003107  0.00001468  0.00002828  0.00002687  0.00003404  0.00002962
II#2010-01-03   0.00000000  0.00000000  0.00000000  0.00000000  0.00000000  0.00000000  0.00000000  0.00000000  0.00000000  0.00000000  0.00000000  0.00000000  0.00000000  0.00000000  0.00000000  0.00000000  0.00000000  0.00000000  0.00000000  0.00000000  0.00000000
II#2010-01-10   0.00000000  0.00000000  0.00000000  0.00000000  0.00000000  0.00000000  0.00000000  0.00000000  0.00000000  0.00000000  0.00000000  0.00000000  0.00000000  0.00000000  0.00000000  0.00000000  0.00000000  0.00000000  0.00000000  0.00000000  0.00000000
II#2010-01-17   0.00007541  0.00001909  0.00002436  0.00001013  0.00003470  0.00000932  0.00005231  0.00000769  0.00000774  0.00001211  0.00003546  0.00000567  0.00000749  0.00006536  0.00000973  0.00003952  0.00001703  0.00001263  0.00002548  0.00003148  0.00001805
II#2010-01-24   0.00000000  0.00000000  0.00000000  0.00000000  0.00000000  0.00000000  0.00000000  0.00000000  0.00000000  0.00000000  0.00000000  0.00000000  0.00000000  0.00000000  0.00000000  0.00000000  0.00000000  0.00000000  0.00000000  0.00000000  0.00000000
II#2010-01-31   0.00830160  0.00025795  0.00023523  0.00042567  0.00099221  0.00007372  0.00054515  0.00071879  0.00142077  0.00032043  0.00041228  0.00163445  0.00077809  0.00516442  0.00099291  0.00089107  0.00028194  0.00027990  0.00078546  0.00059824  0.00016220
II#2010-02-07   0.01290669  0.02203751  0.00798625  0.03903490  0.01162956  0.02475774  0.02314348  0.02608761  0.02813559  0.02624915  0.02661233  0.03519019  0.01034542  0.01050797  0.03793339  0.01328422  0.01091875  0.01825144  0.02285494  0.02003231  0.02593176
II#2010-03-07   0.00110942  0.00106812  0.00259986  0.00345147  0.00421909  0.00153387  0.00152964  0.00167145  0.00261634  0.00108479  0.00070874  0.00258257  0.00072926  0.00127090  0.00065353  0.00111131  0.00125264  0.00098404  0.00110388  0.00207746  0.00122913
II#2010-04-04   0.00010673  0.00018742  0.00019109  0.00028647  0.00012071  0.00041568  0.00018259  0.00017306  0.00015171  0.00023471  0.00014660  0.00017575  0.00026094  0.00015339  0.00019984  0.00020171  0.00029879  0.00018965  0.00022645  0.00017929  0.00005997
II#2010-04-18   0.00000223  0.00000515  0.00000497  0.00000255  0.00000286  0.00000190  0.00000303  0.00000233  0.00000253  0.00000336  0.00000445  0.00000166  0.00000092  0.00000084  0.00000090  0.00000145  0.00000365  0.00000642  0.00000207  0.00000379  0.00000376
II#2010-05-09   0.00000000  0.00000000  0.00000000  0.00000000  0.00000000  0.00000000  0.00000000  0.00000000  0.00000000  0.00000000  0.00000000  0.00000000  0.00000000  0.00000000  0.00000000  0.00000000  0.00000000  0.00000000  0.00000000  0.00000000  0.00000000
II#2010-06-06   0.00003327  0.00020882  0.00001946  0.00000940  0.00001716  0.00012902  0.00005931  0.00004073  0.00003813  0.00005784  0.00009327  0.00004537  0.00004903  0.00010502  0.00007470  0.00004031  0.00019959  0.00006021  0.00018321  0.00001258  0.00008118
II#2010-06-13   0.00000000  0.00000000  0.00000000  0.00000000  0.00000000  0.00000000  0.00000000  0.00000000  0.00000000  0.00000000  0.00000001  0.00000000  0.00000000  0.00000000  0.00000000  0.00000000  0.00000000  0.00000000  0.00000000  0.00000000  0.00000000
II#2010-09-19   0.00000000  0.00000000  0.00000000  0.00000000  0.00000000  0.00000000  0.00000000  0.00000000  0.00000000  0.00000000  0.00000000  0.00000000  0.00000000  0.00000000  0.00000000  0.00000000  0.00000000  0.00000000  0.00000000  0.00000000  0.00000000
II#2010-10-17   0.00000000  0.00000000  0.00000000  0.00000000  0.00000000  0.00000000  0.00000000  0.00000000  0.00000000  0.00000000  0.00000000  0.00000000  0.00000000  0.00000000  0.00000000  0.00000000  0.00000000  0.00000000  0.00000000  0.00000000  0.00000000
II#2011-02-27   0.00000000  0.00000000  0.00000000  0.00000000  0.00000000  0.00000000  0.00000000  0.00000000  0.00000000  0.00000000  0.00000000  0.00000000  0.00000000  0.00000000  0.00000000  0.00000000  0.00000000  0.00000000  0.00000000  0.00000000  0.00000000
II#2011-03-27   0.00000000  0.00000000  0.00000000  0.00000000  0.00000000  0.00000000  0.00000000  0.00000000  0.00000000  0.00000000  0.00000000  0.00000000  0.00000000  0.00000000  0.00000000  0.00000000  0.00000000  0.00000000  0.00000000  0.00000000  0.00000000
II#2011-04-03   0.00000000  0.00000000  0.00000000  0.00000000  0.00000000  0.00000000  0.00000000  0.00000000  0.00000000  0.00000000  0.00000000  0.00000000  0.00000000  0.00000000  0.00000000  0.00000000  0.00000000  0.00000000  0.00000000  0.00000000  0.00000000
II#2011-04-17   0.00024978  0.00007150  0.00019290  0.00003450  0.00010888  0.00006631  0.00002670  0.00002196  0.00002548  0.00002042  0.00002415  0.00006699  0.00005673  0.00024022  0.00007171  0.00005928  0.00004198  0.00000438  0.00010085  0.00003630  0.00002290
II#2011-05-01   0.00000000  0.00000000  0.00000000  0.00000000  0.00000000  0.00000000  0.00000000  0.00000000  0.00000000  0.00000000  0.00000000  0.00000000  0.00000000  0.00000000  0.00000000  0.00000000  0.00000000  0.00000000  0.00000000  0.00000000  0.00000000
II#2011-05-15   0.00000000  0.00000000  0.00000000  0.00000000  0.00000000  0.00000000  0.00000000  0.00000000  0.00000000  0.00000000  0.00000000  0.00000000  0.00000000  0.00000000  0.00000000  0.00000000  0.00000000  0.00000000  0.00000000  0.00000000  0.00000000
II#2011-05-29   0.00000000  0.00000000  0.00000000  0.00000000  0.00000000  0.00000000  0.00000000  0.00000000  0.00000000  0.00000000  0.00000000  0.00000000  0.00000000  0.00000000  0.00000000  0.00000000  0.00000000  0.00000000  0.00000000  0.00000000  0.00000000
II#2012-02-12   0.00000000  0.00000000  0.00000000  0.00000000  0.00000000  0.00000000  0.00000000  0.00000000  0.00000000  0.00000000  0.00000000  0.00000000  0.00000000  0.00000000  0.00000000  0.00000000  0.00000000  0.00000000  0.00000000  0.00000000  0.00000000
II#2012-08-05   0.00190193  0.00303495  0.00252695  0.00236748  0.00356513  0.00226178  0.00256074  0.00105339  0.00091088  0.00216689  0.00355750  0.00081475  0.00305501  0.00401329  0.00286804  0.00397122  0.00362359  0.00226514  0.00331113  0.00182537  0.00231300
II#2012-08-19   0.00000004  0.00000003  0.00000004  0.00000003  0.00000004  0.00000003  0.00000003  0.00000004  0.00000008  0.00000002  0.00000006  0.00000008  0.00000004  0.00000010  0.00000009  0.00000004  0.00000003  0.00000002  0.00000003  0.00000003  0.00000002
II#2012-09-30   0.00000000  0.00000000  0.00000000  0.00000000  0.00000000  0.00000000  0.00000000  0.00000000  0.00000000  0.00000000  0.00000000  0.00000000  0.00000000  0.00000000  0.00000000  0.00000000  0.00000000  0.00000000  0.00000000  0.00000000  0.00000000
II#2013-02-03   0.00000000  0.00000000  0.00000000  0.00000000  0.00000000  0.00000000  0.00000000  0.00000000  0.00000000  0.00000000  0.00000000  0.00000000  0.00000000  0.00000000  0.00000000  0.00000000  0.00000000  0.00000000  0.00000000  0.00000000  0.00000000
II#2013-02-10   0.00028009  0.00002015  0.00001619  0.00011993  0.00003485  0.00021574  0.00001543  0.00004001  0.00002694  0.00001723  0.00001886  0.00002710  0.00002429  0.00003203  0.00001587  0.00001783  0.00002049  0.00001717  0.00002395  0.00001165  0.00001577
II#2013-02-24   0.00052826  0.00000548  0.00012369  0.00000614  0.00002415  0.00000230  0.00000478  0.00000927  0.00000953  0.00000609  0.00000684  0.00001028  0.00001155  0.00000855  0.00000803  0.00003346  0.00000585  0.00000839  0.00000553  0.00001483  0.00000347
II#2013-12-01   0.00000000  0.00000000  0.00000000  0.00000000  0.00000000  0.00000000  0.00000000  0.00000000  0.00000000  0.00000000  0.00000000  0.00000000  0.00000000  0.00000000  0.00000000  0.00000000  0.00000000  0.00000000  0.00000000  0.00000000  0.00000000
II#2014-02-23   0.00000000  0.00000000  0.00000000  0.00000000  0.00000000  0.00000000  0.00000000  0.00000000  0.00000000  0.00000000  0.00000000  0.00000000  0.00000000  0.00000000  0.00000000  0.00000000  0.00000000  0.00000000  0.00000000  0.00000000  0.00000000
II#2014-03-09   0.00000345  0.00000385  0.00000205  0.00000686  0.00000159  0.00000588  0.00000365  0.00000687  0.00000904  0.00000394  0.00000404  0.00001684  0.00000268  0.00000082  0.00000285  0.00000461  0.00000343  0.00000362  0.00000344  0.00000565  0.00000323
II#2014-03-16   0.00000000  0.00000000  0.00000000  0.00000000  0.00000000  0.00000000  0.00000000  0.00000000  0.00000000  0.00000000  0.00000000  0.00000000  0.00000000  0.00000000  0.00000000  0.00000000  0.00000000  0.00000000  0.00000000  0.00000000  0.00000000
II#2014-03-23   0.00000000  0.00000000  0.00000000  0.00000000  0.00000000  0.00000000  0.00000000  0.00000000  0.00000000  0.00000000  0.00000000  0.00000000  0.00000000  0.00000000  0.00000000  0.00000000  0.00000000  0.00000000  0.00000000  0.00000000  0.00000000
II#2014-03-30   0.00000000  0.00000000  0.00000000  0.00000000  0.00000000  0.00000000  0.00000000  0.00000000  0.00000000  0.00000000  0.00000000  0.00000000  0.00000000  0.00000000  0.00000000  0.00000000  0.00000000  0.00000000  0.00000000  0.00000000  0.00000000
II#2014-04-06   0.00000000  0.00000000  0.00000000  0.00000000  0.00000000  0.00000000  0.00000000  0.00000000  0.00000000  0.00000000  0.00000000  0.00000000  0.00000000  0.00000000  0.00000000  0.00000000  0.00000000  0.00000000  0.00000000  0.00000000  0.00000000
II#2014-05-18   0.00000000  0.00000000  0.00000000  0.00000000  0.00000000  0.00000000  0.00000000  0.00000000  0.00000000  0.00000000  0.00000000  0.00000000  0.00000000  0.00000000  0.00000000  0.00000000  0.00000000  0.00000000  0.00000000  0.00000000  0.00000000
II#2014-05-25   0.06796796           .           .  0.07670356  0.09647421           .  0.10257699  0.09664839  0.07940834  0.11996268           .  0.05982623  0.04495801  0.04529487  0.08476421  0.06076171  0.07672773  0.11069236  0.08300136  0.07994808           .
II#2014-06-08   0.01764043  0.01537436  0.01181218  0.01092846  0.01124207  0.00795102  0.01080035  0.01218423  0.01004782  0.01091024           .  0.00911912  0.00928981  0.01253633  0.01333135  0.01764669  0.01349343  0.01234558  0.01220455  0.01800937  0.01512174
II#2014-06-15   0.00000000  0.00000000  0.00000000  0.00000000  0.00000000  0.00000000  0.00000000  0.00000000  0.00000000  0.00000000  0.00000000  0.00000000  0.00000000  0.00000000  0.00000000  0.00000000  0.00000000  0.00000000  0.00000000  0.00000000  0.00000000
II#2014-06-22   0.18989240           .           .           .           .           .           .           .           .           .           .           .           .           .           .           .  0.09147814           .           .           .           .
II#2014-07-13   0.06938006  0.03971218  0.04952850           .  0.07339780  0.03463632  0.05447112  0.04774293  0.05183516  0.04678853  0.06334083  0.05079701  0.02866938  0.05081316  0.04085944  0.03891365  0.03055189  0.04260419  0.04260020  0.06272194  0.05263456
II#2014-07-27   0.01398521  0.01229506  0.01300232  0.01533571  0.01841421  0.01366763  0.01384089  0.01234401  0.01303456  0.01227007  0.01572236  0.01378798  0.01371879  0.01177376  0.01480401  0.01398574  0.01811057  0.01259856  0.01329228  0.01440882  0.01479563
II#2014-09-21   0.00203155  0.00211080  0.00305628  0.00169205  0.00388873  0.00187542  0.00162184  0.00152307  0.00127222  0.00215180  0.00282868  0.00122489  0.00052678  0.00186728  0.00174140  0.00176518  0.00190801  0.00173089  0.00148071  0.00290232  0.00265844
II#2014-11-16   0.00806078  0.00843810  0.00900799  0.00576666  0.00671160  0.00708293  0.00770784  0.01058072  0.01224734  0.01199682  0.00664013  0.01647940  0.00528216  0.01425725  0.00892302  0.00657783  0.00581915  0.01011953  0.00877526  0.00545221  0.01037526
II#2014-12-07   0.14895657  0.07287319           .  0.08728021           .  0.10389547  0.06501735  0.07872835  0.07573148  0.08657993  0.10305691  0.07747559  0.09203179  0.08413304  0.08158916           .  0.05668371  0.06802766  0.06697139  0.08734970  0.07472593
II#2014-12-14   0.02741263  0.03292135  0.03045113  0.03467048  0.03467909  0.02924856           .  0.02336814  0.02219172  0.03038875  0.03167695  0.02577661  0.02931046  0.03733818  0.03244411  0.02719340  0.02976957  0.02940413  0.03849780  0.03755016  0.03366927
II#2015-01-25   0.13552982           .           .           .           .           .           .           .           .           .  0.10732243           .           .           .           .           .           .           .           .           .           .
II#2015-02-01   0.00000000  0.00000000  0.00000000  0.00000000  0.00000000  0.00000000  0.00000000  0.00000000  0.00000000  0.00000000  0.00000000  0.00000000  0.00000000  0.00000000  0.00000000  0.00000000  0.00000000  0.00000000  0.00000000  0.00000000  0.00000000
II#2015-02-08   0.17280540           .           .  0.09317721           .  0.07007818           .           .           .           .           .           .           .           .           .           .           .           .           .           .           .
II#2015-02-15   0.25462229           .  0.09743378           .  0.02084368           .           .           .           .           .           .           .           .  0.03636800           .           .           .           .           .           .           .
II#2015-02-22   0.05935651  0.05911881           .  0.05316990  0.03772276           .  0.05263764  0.07098405  0.07282141  0.03766149  0.05533845  0.06626741  0.06134091  0.02743370  0.03976823  0.04460846  0.06657671  0.05413851  0.03719629  0.04618855  0.06557617
II#2015-03-01   0.01149003  0.00191977  0.00187606  0.00147001  0.00200001  0.00083868  0.00144944  0.00166558  0.00148081  0.00229494  0.02026525  0.00267507  0.00257355  0.00227590  0.00282597           .  0.00283089  0.00253340  0.00271463  0.00229796  0.00126929
II#2015-03-08   0.00009739  0.00008046  0.00006208  0.00013862  0.00006959  0.00011218  0.00009074  0.00005169  0.00007328  0.00014667  0.00013007  0.00023866  0.00014658  0.00009656  0.00022810  0.00075598  0.00010876  0.00010726  0.00009768  0.00011499  0.00014409
II#2015-03-22   0.02324221  0.03821667  0.03430384  0.02631355  0.04713708  0.04965685  0.03297486  0.03242490  0.03668857           .  0.01866054  0.04799840  0.04555750  0.03561784  0.04494787  0.05231327  0.04515339  0.04335722  0.03999883  0.03620029  0.03495480
II#2015-03-29   0.02609698  0.00606969  0.00941629  0.00653112  0.01201555  0.00292849  0.00517280  0.00674780  0.00662873  0.00542049           .  0.00437457  0.00646787  0.00684390  0.00809710  0.02019332  0.00685266  0.00764015  0.00345098  0.01520260  0.00298905
II#2015-04-05   0.00001388  0.00004727  0.00006161  0.00008844  0.00004741  0.00004709  0.00005018  0.00003776  0.00005116  0.00004067  0.00000370  0.00003054  0.00003434  0.00003388  0.00003519  0.00003022  0.00006070  0.00004431  0.00006298  0.00005347  0.00003778
II#2015-05-03   0.00027664  0.00037745  0.00080386  0.00075020  0.00062540  0.00066107  0.00030640  0.00046183  0.00046461  0.00041712  0.00043159  0.00028887  0.00064620  0.00038106  0.00035945  0.00050097  0.00046837  0.00049095  0.00028574  0.00057736  0.00058064
II#2015-05-31   0.08076009           .  0.06011021  0.04230929  0.06095419  0.08705330  0.10645666  0.09321034  0.08664418  0.10449915  0.08893663  0.09502874  0.10162713           .  0.08336788  0.09384134           .  0.09871614           .  0.05153768  0.09293941
II#2015-06-21   0.10992486           .           .           .           .           .           .           .           .           .           .           .           .           .           .           .  0.04890453           .           .           .           .
II#2015-06-28   0.11719653           .           .           .           .           .           .           .           .           .           .           .  0.09557603           .           .           .           .           .           .           .           .
II#2015-08-16   0.00000001  0.00000003  0.00000003  0.00000001  0.00000003  0.00000003  0.00000003  0.00000002  0.00000002  0.00000003  0.00000001  0.00000003  0.00000003  0.00000002  0.00000002  0.00000002  0.00000004  0.00000003  0.00000006  0.00000003  0.00000003
II#2015-08-23   0.00000000  0.00000002  0.00000001  0.00000001  0.00000001  0.00000002  0.00000003  0.00000002  0.00000002  0.00000003  0.00000001  0.00000002  0.00000001  0.00000001  0.00000002  0.00000001  0.00000001  0.00000003  0.00000003  0.00000001  0.00000008
II#2015-09-06   0.00000000  0.00000000  0.00000000  0.00000000  0.00000000  0.00000000  0.00000000  0.00000000  0.00000000  0.00000000  0.00000000  0.00000000  0.00000000  0.00000000  0.00000000  0.00000000  0.00000000  0.00000000  0.00000000  0.00000000  0.00000000
II#2015-09-13   0.00000000  0.00000000  0.00000000  0.00000000  0.00000000  0.00000000  0.00000000  0.00000000  0.00000000  0.00000000  0.00000000  0.00000000  0.00000000  0.00000000  0.00000000  0.00000000  0.00000000  0.00000000  0.00000000  0.00000000  0.00000000
II#2015-09-20   0.12909822           .           .           .           .           .           .           .           .           .           .           .           .           .           .           .           .           .           .  0.05621868           .
II#2015-09-27   0.22516208           .           .           .  0.06576962           .           .           .           .           .           .           .           .           .           .           .           .           .           .           .           .
II#2015-10-04   0.00000000  0.00000000  0.00000000  0.00000000  0.00000000  0.00000000  0.00000000  0.00000000  0.00000000  0.00000000  0.00000000  0.00000000  0.00000000  0.00000000  0.00000000  0.00000000  0.00000000  0.00000000  0.00000000  0.00000000  0.00000000
II#2015-10-11   0.00000000  0.00000000  0.00000000  0.00000000  0.00000000  0.00000000  0.00000000  0.00000000  0.00000000  0.00000000  0.00000000  0.00000000  0.00000000  0.00000000  0.00000000  0.00000000  0.00000000  0.00000000  0.00000000  0.00000000  0.00000000
II#2015-10-18   0.00909217  0.00132543  0.00875541  0.00179821  0.04186048  0.00136581  0.00267202  0.00226545  0.00357298  0.00125936  0.00085824  0.00107835  0.00256012           .  0.00095669  0.00261242  0.00277964  0.00215626  0.00269040  0.00065036  0.00087596
II#2015-10-25   0.00011006  0.00000485  0.00003297  0.00000714  0.00016512  0.00000768  0.00000580  0.00000424  0.00000399  0.00000099  0.00000550  0.00000263  0.00002861  0.00001268  0.00001073  0.00003280  0.00002607  0.00001062  0.00000766  0.00000861  0.00000282
II#2015-11-01   0.18609308           .           .           .           .           .           .           .           .           .  0.12734680           .           .           .           .  0.08065116           .           .           .           .           .
II#2015-11-15   0.00000000  0.00000000  0.00000000  0.00000000  0.00000000  0.00000000  0.00000000  0.00000000  0.00000000  0.00000000  0.00000000  0.00000000  0.00000000  0.00000000  0.00000000  0.00000000  0.00000000  0.00000000  0.00000000  0.00000000  0.00000000
II#2015-11-22   0.00428875  0.01418167  0.00666046  0.00368576  0.00371234  0.00511862  0.00723588  0.01197088  0.01307691  0.01159692  0.00782030  0.00742173  0.02780516  0.01618172  0.01864853  0.02635391  0.02426717  0.00757303  0.03159789  0.00916929  0.00458773
II#2015-11-29   0.15593042           .           .           .           .           .           .           .           .           .  0.07339681           .           .           .           .           .           .           .           .           .           .
II#2015-12-06   0.01505835  0.00618134  0.00750941  0.00292821  0.00855237  0.00375434  0.00511352  0.00351075  0.00355698  0.00405072  0.01144392  0.00392902  0.00352359  0.00718680  0.00344119  0.00766030  0.00518566  0.00401593  0.00528218  0.00329513  0.00475504
II#2015-12-20   0.00056454  0.00062883  0.00031509  0.00032631  0.00058995  0.00052382  0.00060929  0.00041824  0.00047782  0.00112296  0.00070257  0.00068294  0.00029458  0.00032859  0.00060987  0.00032071  0.00070492  0.00092866  0.00044614  0.00073147  0.00111040
II#2016-01-24   0.00000000  0.00000000  0.00000000  0.00000000  0.00000000  0.00000000  0.00000000  0.00000000  0.00000000  0.00000000  0.00000000  0.00000000  0.00000000  0.00000000  0.00000000  0.00000000  0.00000000  0.00000000  0.00000000  0.00000000  0.00000000
II#2016-01-31   0.00000000  0.00000000  0.00000000  0.00000000  0.00000000  0.00000000  0.00000000  0.00000000  0.00000000  0.00000000  0.00000000  0.00000000  0.00000000  0.00000000  0.00000000  0.00000000  0.00000000  0.00000000  0.00000000  0.00000000  0.00000000
II#2016-02-14   0.04105582  0.01978131  0.05290459  0.02822253  0.03315970  0.02173654           .  0.01499647  0.01966988  0.02284601  0.02011861  0.01332049  0.02131219  0.07106361  0.02066641  0.01973148  0.01623248  0.02420351  0.01968475  0.03115741  0.02182203
II#2016-02-21   0.00000000  0.00000000  0.00000000  0.00000000  0.00000000  0.00000000  0.00000000  0.00000000  0.00000000  0.00000000  0.00000001  0.00000000  0.00000000  0.00000000  0.00000000  0.00000000  0.00000000  0.00000000  0.00000000  0.00000000  0.00000001
II#2016-03-06   0.00031238  0.00025992  0.00017478  0.00023378  0.00043331  0.00017593  0.00063945  0.00018199  0.00015840  0.00019683  0.00036165  0.00016498  0.00029073  0.00035819  0.00020531  0.00043304  0.00042477  0.00020794  0.00031410  0.00016329  0.00027430
II#2016-04-03   0.00000000  0.00000000  0.00000000  0.00000000  0.00000000  0.00000000  0.00000000  0.00000000  0.00000000  0.00000000  0.00000000  0.00000000  0.00000000  0.00000000  0.00000000  0.00000000  0.00000000  0.00000000  0.00000000  0.00000000  0.00000000
II#2016-04-10   0.09426165           .           .           .           .           .           .           .           .           .           .  0.09559497  0.09092866  0.08196681  0.09185639  0.11357755           .           .  0.10572980           .           .
II#2016-04-17   0.00874743  0.00513851  0.00400869  0.00890115  0.00635804  0.00574419  0.00589810  0.00588078  0.00599895  0.00381443  0.01005056  0.00597780  0.00575496  0.00495400  0.00623487  0.00708654  0.00519379  0.00422509  0.00575789  0.00815126  0.00399092
II#2016-04-24   0.01613520  0.02303878  0.04035618  0.04049943  0.02875032  0.02185569  0.02906009  0.04466638           .  0.01439591  0.01930612  0.01973492  0.03411926  0.03890742  0.02277586  0.03036538  0.02435224  0.02107104  0.02812397  0.03657973  0.01689520
II#2016-05-29   0.06962236  0.04475737           .           .           .  0.07945390  0.11002985  0.09859670  0.12962962  0.07072816  0.09658644  0.06233060  0.08602481  0.06751356  0.04932137  0.06865547  0.04186983  0.08197313  0.04150262           .  0.06509238
II#2016-06-19   0.06306356           .           .  0.08950570           .  0.07765052           .           .           .           .           .           .           .           .           .  0.12989255  0.05075684           .           .           .           .
II#2016-07-17   0.00001901  0.00000616  0.00001036  0.00001714  0.00002346  0.00001653  0.00001132  0.00000939  0.00000737  0.00000504  0.00001413  0.00000816  0.00003092  0.00001252  0.00000950  0.00001997  0.00001438  0.00000942  0.00000626  0.00000808  0.00000741
II#2016-07-31   0.08924738  0.08812642  0.06091144           .  0.09096756           .  0.09009347  0.07381915  0.08904713  0.11056589  0.09734354  0.09176071  0.09384882  0.06333836           .           .  0.08461058  0.09365856  0.08710256           .  0.08985310
II#2016-09-04   0.00376008  0.00634535  0.00606925  0.00887675  0.00942387  0.01341726  0.00536876  0.00589751  0.00647662  0.00647343  0.00645377  0.00607614  0.00916581  0.00717080  0.00878460  0.01255759  0.00623210  0.00666945  0.00683804  0.00653061  0.00620953
II#2016-09-11   0.09474515           .  0.07631800  0.09235266  0.08146458  0.10461267  0.10103195  0.09137342  0.09499391           .  0.08539756           .           .  0.10337948           .  0.10294616           .           .           .  0.07920987           .
II#2016-11-06   0.10428185           .           .           .           .           .           .           .           .           .  0.09699949           .           .           .           .  0.09518949           .           .           .           .  0.10454308
II#2016-11-13   0.00061560  0.00136165  0.00053816  0.00092519  0.00100557  0.00094951  0.00084367  0.00117066  0.00110927  0.00078822  0.00035882  0.00120419  0.00128323  0.00113245  0.00103920  0.00053522  0.00299278  0.00108848  0.00146440  0.00109557  0.00066690
II#2016-11-27   0.00077556  0.00230984  0.00558617  0.00175123  0.00400255  0.00152891  0.00217556  0.00230957  0.00273027  0.00257594  0.00107909  0.00106219  0.00404025  0.00347713  0.00154976  0.00193181  0.00255512  0.00226094  0.00205571  0.00230541  0.00263307
II#2016-12-04   0.00077721  0.00154145  0.00089236  0.00163672  0.00104253  0.00228090  0.00169102  0.00129807  0.00130109  0.00176867  0.00042382  0.00145458  0.00265551  0.00141589  0.00203988  0.00093379  0.00245997  0.00163780  0.00259644  0.00189510  0.00080432
II#2016-12-11   0.00000005  0.00000007  0.00000009  0.00000003  0.00000015  0.00000004  0.00000003  0.00000010  0.00000007  0.00000015  0.00000007  0.00000011  0.00000010  0.00000011  0.00000011  0.00000004  0.00000004  0.00000008  0.00000006  0.00000005  0.00000007
II#2016-12-25   0.00018309  0.00077206  0.00052290  0.00041255  0.00033116  0.00023810  0.00116231  0.00081556  0.00061337  0.00077527  0.00051405  0.00074200  0.00066552  0.00051376  0.00054248  0.00032708  0.00068887  0.00066591  0.00103836  0.00093319  0.00036244
II#2017-02-05   0.03716280  0.01850174  0.02584927  0.01936268  0.03899115           .  0.01790540  0.01789113  0.01713050  0.01905983  0.01336238  0.01839235  0.02430577  0.01742644  0.01988572  0.01941559  0.01418022  0.01723192  0.01586163  0.01589713  0.01931722
II#2017-02-12   0.00355872  0.00364167  0.00457168  0.00239013  0.00343165  0.00219335  0.00793615  0.00345182  0.00307866  0.00304056  0.00582999  0.00290651  0.00303630  0.00481006  0.00298889  0.00209323  0.00256791  0.00298246  0.00442212  0.00555556  0.00396678
II#2017-03-12   0.00000002  0.00000002  0.00000002  0.00000000  0.00000001  0.00000001  0.00000002  0.00000003  0.00000002  0.00000001  0.00000002  0.00000006  0.00000001  0.00000001  0.00000002  0.00000001  0.00000001  0.00000001  0.00000001  0.00000001  0.00000001
II#2017-04-23   0.00000052  0.00000053  0.00000066  0.00000041  0.00000173  0.00000022  0.00000031  0.00000076  0.00000046  0.00000003  0.00000195  0.00000006  0.00000061  0.00000067  0.00000051  0.00000201  0.00000092  0.00000051  0.00000048  0.00000058  0.00000033
II#2017-05-28   0.00000004  0.00000029  0.00000013  0.00000045  0.00000027  0.00000014  0.00000021  0.00000013  0.00000023  0.00000013  0.00000013  0.00000006  0.00000013  0.00000061  0.00000009  0.00000021  0.00000030  0.00000012  0.00000028  0.00000013  0.00000010
II#2017-06-04   0.00125629  0.00076999  0.00072026  0.00131721  0.00173384  0.00077115  0.00066391  0.00049754  0.00061214  0.00061878  0.00040884  0.00088738  0.00092731  0.00120989  0.00072431  0.00122426  0.00068045  0.00066659  0.00089354  0.00129108  0.00073440
II#2017-06-18   0.00000000  0.00000000  0.00000000  0.00000000  0.00000000  0.00000000  0.00000000  0.00000000  0.00000000  0.00000000  0.00000000  0.00000000  0.00000000  0.00000000  0.00000000  0.00000000  0.00000000  0.00000000  0.00000000  0.00000000  0.00000000
II#2017-06-25   0.00000001  0.00000009  0.00000007  0.00000002  0.00000002  0.00000002  0.00000006  0.00000006  0.00000007  0.00000010  0.00000002  0.00000007  0.00000001  0.00000005  0.00000005  0.00000001  0.00000005  0.00000009  0.00000006  0.00000004  0.00000014
II#2017-07-23   0.00000000  0.00000000  0.00000000  0.00000000  0.00000000  0.00000000  0.00000000  0.00000000  0.00000000  0.00000000  0.00000000  0.00000000  0.00000000  0.00000000  0.00000000  0.00000000  0.00000000  0.00000000  0.00000000  0.00000000  0.00000000
II#2017-07-30   0.00000000  0.00000000  0.00000000  0.00000000  0.00000000  0.00000000  0.00000000  0.00000000  0.00000000  0.00000000  0.00000000  0.00000000  0.00000000  0.00000000  0.00000000  0.00000000  0.00000000  0.00000000  0.00000000  0.00000000  0.00000000
II#2017-08-06   0.00000002  0.00000000  0.00000004  0.00000000  0.00000000  0.00000000  0.00000000  0.00000000  0.00000000  0.00000000  0.00000000  0.00000000  0.00000000  0.00000000  0.00000000  0.00000000  0.00000000  0.00000000  0.00000000  0.00000000  0.00000000
II#2017-08-13   0.00000000  0.00000000  0.00000000  0.00000000  0.00000000  0.00000000  0.00000000  0.00000000  0.00000000  0.00000000  0.00000000  0.00000000  0.00000000  0.00000000  0.00000000  0.00000000  0.00000000  0.00000000  0.00000000  0.00000000  0.00000000
II#2017-08-20   0.00043219  0.00001524  0.00003524  0.00000585  0.00001929  0.00000904  0.00000485  0.00000775  0.00000756  0.00000773  0.00049838  0.00001084  0.00001416  0.00002168  0.00001096  0.00232742  0.00002417  0.00000741  0.00001656  0.00000293  0.00000532
II#2017-08-27   0.00292995  0.00547386  0.00286897  0.00774903  0.00451469  0.00717576  0.00720156  0.00534178  0.00399074  0.00601367  0.00226400  0.00581649  0.00295109  0.00352671  0.00566798  0.00586926  0.00561440  0.00403412  0.00559306  0.00797848  0.00142074
II#2017-09-10   0.00000001  0.00000000  0.00000000  0.00000001  0.00000002  0.00000004  0.00000001  0.00000000  0.00000000  0.00000002  0.00000001  0.00000001  0.00000001  0.00000000  0.00000001  0.00000003  0.00000001  0.00000001  0.00000000  0.00000001  0.00000000
II#2017-09-17   0.00000000  0.00000000  0.00000000  0.00000000  0.00000000  0.00000000  0.00000000  0.00000000  0.00000000  0.00000000  0.00000000  0.00000000  0.00000000  0.00000000  0.00000000  0.00000000  0.00000000  0.00000000  0.00000000  0.00000000  0.00000000
II#2017-09-24   0.00000000  0.00000000  0.00000000  0.00000000  0.00000000  0.00000000  0.00000000  0.00000000  0.00000000  0.00000000  0.00000000  0.00000000  0.00000000  0.00000000  0.00000000  0.00000000  0.00000000  0.00000000  0.00000000  0.00000000  0.00000000
II#2017-10-01   0.00004117  0.00000614  0.00000251  0.00000148  0.00000417  0.00000553  0.00000513  0.00000218  0.00000219  0.00000266  0.00003412  0.00000240  0.00000129  0.00000106  0.00000170  0.00008223  0.00000867  0.00000257  0.00001001  0.00000184  0.00000748
II#2017-10-15   0.00001465  0.00001645  0.00002478  0.00001693  0.00000952  0.00001122  0.00003219  0.00003638  0.00002787  0.00003301  0.00003669  0.00001274  0.00001185  0.00003936  0.00002481  0.00002136  0.00000941  0.00003468  0.00001275  0.00001606  0.00002107
II#2017-10-29   0.00000000  0.00000000  0.00000000  0.00000000  0.00000000  0.00000000  0.00000000  0.00000000  0.00000000  0.00000000  0.00000000  0.00000000  0.00000000  0.00000000  0.00000000  0.00000000  0.00000000  0.00000000  0.00000000  0.00000000  0.00000000
II#2017-11-05   0.00000000  0.00000005  0.00000002  0.00000001  0.00000001  0.00000000  0.00000004  0.00000005  0.00000003  0.00000003  0.00000001  0.00000008  0.00000002  0.00000003  0.00000001  0.00000001  0.00000004  0.00000002  0.00000006  0.00000007  0.00000001
II#2017-11-19   0.00000002  0.00000002  0.00000001  0.00000000  0.00000001  0.00000000  0.00000002  0.00000000  0.00000000  0.00000001  0.00000000  0.00000001  0.00000001  0.00000004  0.00000001  0.00000000  0.00000003  0.00000001  0.00000004  0.00000000  0.00000001
II#2017-11-26   0.00000000  0.00000000  0.00000000  0.00000000  0.00000000  0.00000000  0.00000000  0.00000000  0.00000000  0.00000000  0.00000000  0.00000000  0.00000000  0.00000000  0.00000000  0.00000000  0.00000000  0.00000000  0.00000000  0.00000000  0.00000000
II#2017-12-03   0.00000000  0.00000000  0.00000000  0.00000000  0.00000000  0.00000000  0.00000000  0.00000000  0.00000000  0.00000000  0.00000000  0.00000000  0.00000000  0.00000000  0.00000000  0.00000000  0.00000000  0.00000000  0.00000000  0.00000000  0.00000000
II#2017-12-17   0.00198616  0.00052557  0.00051808  0.00134289  0.00513224  0.00107837  0.00129256  0.00025882  0.00037375  0.00132156  0.00061484  0.00202000  0.00047033  0.00081654  0.00043790  0.00083669  0.00029445  0.00140372  0.00043636  0.00041979  0.00078775
II#2017-12-31   0.00178318  0.00132832  0.00126766  0.00140995  0.00192108  0.00080487  0.00199680  0.00136995  0.00127617  0.00108292  0.00337433  0.00112977  0.00109717  0.00181619  0.00121929  0.00333934  0.00192980  0.00128109  0.00110030  0.00141850  0.00128898
II#2018-01-07   0.00000000  0.00000000  0.00000000  0.00000000  0.00000000  0.00000000  0.00000000  0.00000000  0.00000000  0.00000000  0.00000000  0.00000000  0.00000000  0.00000000  0.00000000  0.00000000  0.00000000  0.00000000  0.00000000  0.00000000  0.00000000
II#2018-01-21   0.00045280  0.00036611  0.00013483  0.00083130  0.00057051  0.00101138  0.00024923  0.00021488  0.00021387  0.00046768  0.00040619  0.00056098  0.00038488  0.00022264  0.00058817  0.00042153  0.00045977  0.00039393  0.00027602  0.00044536  0.00081584
II#2018-03-11   0.00000359  0.00001151  0.00001466  0.00002508  0.00001189  0.00003207  0.00001349  0.00001178  0.00001125  0.00002531  0.00001478  0.00001147  0.00000730  0.00000982  0.00001242  0.00001360  0.00001741  0.00002390  0.00001194  0.00001466  0.00001962
II#2018-03-18   0.00000010  0.00000010  0.00000011  0.00000008  0.00000011  0.00000007  0.00000012  0.00000007  0.00000007  0.00000012  0.00000029  0.00000016  0.00000014  0.00000010  0.00000009  0.00000016  0.00000009  0.00000029  0.00000013  0.00000014  0.00000033
II#2018-04-01   0.00000000  0.00000000  0.00000000  0.00000000  0.00000000  0.00000000  0.00000000  0.00000000  0.00000000  0.00000000  0.00000000  0.00000000  0.00000000  0.00000000  0.00000000  0.00000000  0.00000000  0.00000000  0.00000000  0.00000000  0.00000000
II#2018-04-08   0.00000000  0.00000001  0.00000000  0.00000001  0.00000001  0.00000001  0.00000001  0.00000001  0.00000001  0.00000001  0.00000001  0.00000000  0.00000000  0.00000000  0.00000000  0.00000000  0.00000001  0.00000002  0.00000000  0.00000000  0.00000002
II#2018-05-13   0.00000053  0.00000102  0.00000058  0.00000078  0.00000098  0.00000306  0.00000105  0.00000249  0.00000120  0.00000232  0.00000132  0.00000261  0.00000157  0.00000086  0.00000112  0.00000119  0.00000108  0.00000119  0.00000103  0.00000107  0.00000089
II#2018-05-20   0.00042975  0.00026110  0.00059666  0.00022126  0.00048955  0.00017371  0.00068445  0.00038667  0.00040923  0.00049263  0.00042112  0.00025513  0.00056323  0.00039971  0.00024281  0.00066274  0.00029799  0.00049100  0.00078439  0.00056631  0.00036919
II#2018-05-27   0.00000000  0.00000000  0.00000000  0.00000000  0.00000000  0.00000000  0.00000000  0.00000000  0.00000000  0.00000000  0.00000000  0.00000000  0.00000000  0.00000000  0.00000000  0.00000000  0.00000000  0.00000000  0.00000000  0.00000000  0.00000000
II#2018-06-03   0.00000000  0.00000000  0.00000000  0.00000000  0.00000000  0.00000000  0.00000000  0.00000000  0.00000000  0.00000000  0.00000000  0.00000000  0.00000000  0.00000000  0.00000000  0.00000000  0.00000000  0.00000000  0.00000000  0.00000000  0.00000000
II#2018-06-10   0.00000000  0.00000000  0.00000000  0.00000000  0.00000000  0.00000000  0.00000000  0.00000000  0.00000000  0.00000000  0.00000000  0.00000000  0.00000000  0.00000000  0.00000000  0.00000000  0.00000000  0.00000000  0.00000000  0.00000000  0.00000000
II#2018-06-17   0.00000000  0.00000000  0.00000000  0.00000000  0.00000000  0.00000000  0.00000000  0.00000000  0.00000000  0.00000000  0.00000000  0.00000000  0.00000000  0.00000000  0.00000000  0.00000000  0.00000000  0.00000000  0.00000000  0.00000000  0.00000000
II#2018-07-08   0.00000004  0.00000001  0.00000002  0.00000005  0.00000001  0.00000001  0.00000001  0.00000001  0.00000001  0.00000000  0.00000003  0.00000001  0.00000002  0.00000000  0.00000003  0.00000003  0.00000005  0.00000000  0.00000001  0.00000001  0.00000000
II#2018-07-29   0.00046138  0.00075239  0.00028744  0.00098475  0.00128202  0.00046982  0.00101995  0.00100350  0.00092553  0.00097271  0.00043790  0.00129706  0.00224972  0.00193278  0.00103152  0.00045044  0.03077625  0.00094837  0.00119992  0.00042922  0.00058526
II#2018-08-05   0.00000000  0.00000001  0.00000002  0.00000002  0.00000002  0.00000000  0.00000001  0.00000001  0.00000001  0.00000001  0.00000001  0.00000000  0.00000000  0.00000000  0.00000000  0.00000000  0.00000000  0.00000002  0.00000000  0.00000002  0.00000003
II#2018-08-12   0.00000467  0.00000467  0.00000874  0.00001679  0.00000358  0.00000695  0.00000301  0.00000452  0.00000476  0.00000317  0.00000586  0.00000419  0.00001690  0.00000567  0.00000615  0.00000403  0.00000513  0.00000195  0.00000546  0.00001192  0.00000086
II#2018-08-19   0.00000013  0.00000101  0.00000051  0.00000082  0.00000089  0.00000053  0.00000086  0.00000065  0.00000119  0.00000154  0.00000003  0.00000098  0.00000406  0.00000138  0.00000138  0.00000075  0.00000127  0.00000136  0.00000385  0.00000049  0.00000093
II#2018-09-02   0.00000000  0.00000000  0.00000000  0.00000000  0.00000000  0.00000000  0.00000000  0.00000000  0.00000000  0.00000000  0.00000000  0.00000000  0.00000000  0.00000000  0.00000000  0.00000000  0.00000000  0.00000000  0.00000000  0.00000000  0.00000000
II#2018-09-09   0.00000000  0.00000000  0.00000000  0.00000000  0.00000000  0.00000000  0.00000000  0.00000000  0.00000000  0.00000000  0.00000000  0.00000000  0.00000000  0.00000000  0.00000000  0.00000000  0.00000000  0.00000000  0.00000000  0.00000000  0.00000000
II#2018-09-23   0.01848546  0.02280292  0.02378395  0.01076146  0.00016073  0.00461939  0.02600120  0.03033282  0.02785329  0.02952739  0.01290996  0.03173175  0.00484139  0.01606700  0.00679560  0.02214748  0.00329216  0.02215479  0.01487142  0.01567601  0.02265410
II#2018-10-21   0.00049288  0.00018500  0.00029778  0.00021087  0.00051217  0.00024659  0.00039219  0.00006301  0.00006561  0.00026276  0.00015782  0.00018042  0.00024303  0.00051008  0.00014984  0.00049893  0.00032150  0.00024265  0.00022201  0.00013512  0.00016330
II#2018-11-18   0.00000001  0.00000000  0.00000002  0.00000001  0.00000009  0.00000002  0.00000000  0.00000000  0.00000000  0.00000000  0.00000000  0.00000000  0.00000001  0.00000003  0.00000001  0.00000001  0.00000002  0.00000000  0.00000000  0.00000000  0.00000000
II#2018-11-25   0.00000000  0.00000000  0.00000000  0.00000000  0.00000000  0.00000000  0.00000000  0.00000000  0.00000000  0.00000000  0.00000000  0.00000000  0.00000000  0.00000000  0.00000000  0.00000000  0.00000000  0.00000000  0.00000000  0.00000000  0.00000000
k                      272         251         252         253         254         252         253         252         252         252         255         253         253         254         252         254         253         252         252         251         253
parameters            1182        1119        1122        1125        1128        1122        1125        1122        1122        1122        1131        1125        1125        1128        1122        1128        1125        1122        1122        1119        1125
loglik              10330.      10208.      10212.      10215.      10218.      10210.      10215.      10212.      10211.      10211.      10223.      10215.      10214.      10219.      10211.      10218.      10215.      10212.      10212.      10207.      10216.
AIC                -25.589     -25.423     -25.426     -25.428     -25.427     -25.421     -25.427     -25.426     -25.424     -25.424     -25.431     -25.427     -25.425     -25.429     -25.425     -25.425     -25.428     -25.427     -25.427     -25.422     -25.429
HQ                 -22.670     -22.660     -22.655     -22.649     -22.642     -22.651     -22.648     -22.656     -22.653     -22.653     -22.638     -22.649     -22.647     -22.643     -22.654     -22.640     -22.650     -22.656     -22.656     -22.658     -22.651
SC                 -18.030     -18.268     -18.251     -18.233     -18.214     -18.246     -18.232     -18.251     -18.249     -18.249     -18.198     -18.233     -18.231     -18.216     -18.250     -18.212     -18.234     -18.252     -18.252     -18.266     -18.235
                               =======

p-values of diagnostic checks for model validity
          Initial GUM     cut-off   Final GUM     cut-off Final model
AR(7)         0.43674     0.01000     0.72795     0.01000     0.83119
Normality     0.00000     0.00000     0.00000     0.00000     0.00000
Hetero        1.00000     0.01000     1.00000     0.01000     1.00000
Chow(70%)     1.00000     0.01000     1.00000     0.01000     1.00000

*** Warning: Final model failed 1 diagnostic test(s)

The final model has 37 insignificant coefficients:
Joint significance  LRF(111) [0.0000] LRF_GUM0(306) [0.0000]
II#2005-05-08       Failed backtest against GUM0
II#2005-05-15       Failed backtest against GUM0
II#2005-11-20       Failed backtest against GUM0
II#2006-03-19       Failed backtest against GUM0
II#2006-04-30       Failed backtest against GUM0
II#2006-06-11       Failed backtest against GUM0
II#2006-07-16       Failed backtest against GUM0
II#2006-10-08       Failed backtest against GUM0
II#2007-04-22       Failed backtest against GUM0
II#2007-08-26       Failed backtest against GUM0
II#2007-09-16       Failed backtest against GUM0
II#2007-09-30       Failed backtest against GUM0
II#2007-10-14       Failed backtest against GUM0
II#2008-05-18       Failed backtest against GUM0
II#2008-07-20       Failed backtest against GUM0
II#2008-08-10       Failed backtest against GUM0
II#2008-08-17       Failed backtest against GUM0
II#2008-12-14       Failed backtest against GUM0
II#2009-03-22       Failed backtest against GUM0
II#2009-05-03       Failed backtest against GUM0
II#2009-05-31       Failed backtest against GUM0
II#2009-07-12       Failed backtest against GUM0
II#2010-02-07       Failed backtest against GUM0
II#2014-06-08       Failed backtest against GUM0
II#2014-07-13       Failed backtest against GUM0
II#2014-07-27       Failed backtest against GUM0
II#2014-12-07       Failed backtest against GUM0
II#2014-12-14       Failed backtest against GUM0
II#2015-02-22       Failed backtest against GUM0
II#2015-03-22       Failed backtest against GUM0
II#2015-11-22       Failed backtest against GUM0
II#2016-02-14       Failed backtest against GUM0
II#2016-04-24       Failed backtest against GUM0
II#2016-05-29       Failed backtest against GUM0
II#2016-07-31       Failed backtest against GUM0
II#2017-02-05       Failed backtest against GUM0
II#2018-09-23       Failed backtest against GUM0

Summary of Autometrics search
initial search space    2^316  final search space      2^272
no. estimated models     2650  no. terminal models        20
test form                LR-F  target size        Small:0.01
large residuals            no  presearch reduction      lags
backtesting              GUM0  tie-breaker                SC
diagnostics p-value      0.01  search effort        standard
time               2:14:08.09  Autometrics version       2.3

*** Warning: regressors are linearly dependent (numerically or exact - some coefficients set to zero)

SYS( 2) Estimating the system by OLS
        The dataset is: ../export/database for ox/db_oil_withSesonal.in7
        The estimation sample is: 2005-04-24 - 2018-12-30

URF equation for: D_R_1_ETANOL_HIDRATADO
                             Coefficient  Std.Error  t-value  t-prob
D_R_1_ETANOL_HIDRATADO_1      -0.0138510    0.02148   -0.645  0.5195
D_R_1_ETANOL_HIDRATADO_2       0.0542778    0.01992     2.72  0.0068
D_R_1_ETANOL_HIDRATADO_3      0.00253980    0.01848    0.137  0.8908
D_R_1_ETANOL_HIDRATADO_4      -0.0712516    0.02079    -3.43  0.0007
D_R_1_ETANOL_HIDRATADO_5      0.00785313    0.01982    0.396  0.6922
D_R_1_ETANOL_HIDRATADO_6      0.00647590    0.01927    0.336  0.7371
D_R_1_ETANOL_HIDRATADO_7     -0.00504679    0.01684   -0.300  0.7646
D_R_1_ETANOL_HIDRATADO_8     -0.00926893    0.01681   -0.551  0.5817
D_R_1_OLEO_DIESEL_1            -0.197630    0.04296    -4.60  0.0000
D_R_1_OLEO_DIESEL_2           -0.0219026    0.04225   -0.518  0.6045
D_R_1_OLEO_DIESEL_3            0.0446059    0.03914     1.14  0.2553
D_R_1_OLEO_DIESEL_4            0.0291284    0.03638    0.801  0.4239
D_R_1_OLEO_DIESEL_5           -0.0795997    0.03676    -2.17  0.0310
D_R_1_OLEO_DIESEL_6           -0.0546185    0.03876    -1.41  0.1597
D_R_1_OLEO_DIESEL_7            0.0503908    0.03619     1.39  0.1648
D_R_1_OLEO_DIESEL_8          -0.00421435    0.03498   -0.120  0.9042
D_R_1_GASOLINA_COMUM_1        -0.0167494    0.04163   -0.402  0.6877
D_R_1_GASOLINA_COMUM_2        -0.0538581    0.04303    -1.25  0.2116
D_R_1_GASOLINA_COMUM_3         0.0412044    0.03885     1.06  0.2896
D_R_1_GASOLINA_COMUM_4        -0.0570206    0.03878    -1.47  0.1424
D_R_1_GASOLINA_COMUM_5        -0.0998643    0.03753    -2.66  0.0082
D_R_1_GASOLINA_COMUM_6         0.0341765    0.03704    0.923  0.3568
D_R_1_GASOLINA_COMUM_7          0.111170    0.03533     3.15  0.0018
D_R_1_GASOLINA_COMUM_8      -2.64000e-05    0.03409-0.000774  0.9994
II#2005-05-01                -0.00837574   0.004629    -1.81  0.0712
II#2005-05-08                 0.00289298   0.004660    0.621  0.5352
II#2005-05-15                -0.00746827   0.004553    -1.64  0.1018
II#2005-06-05                  0.0100309   0.004627     2.17  0.0309
II#2005-06-12               -6.35603e-06   0.004694 -0.00135  0.9989
II#2005-06-19                -0.00567635   0.004634    -1.22  0.2215
II#2005-06-26                0.000267869   0.004554   0.0588  0.9531
II#2005-07-10                 0.00264817   0.004578    0.578  0.5633
II#2005-07-17                 -0.0254463   0.004550    -5.59  0.0000
II#2005-08-07                 0.00786967   0.004586     1.72  0.0871
II#2005-08-14                -0.00427695   0.004676   -0.915  0.3611
II#2005-08-21                2.95408e-05   0.004801  0.00615  0.9951
II#2005-08-28                 0.00661671   0.005106     1.30  0.1959
II#2005-09-04                 0.00413945   0.005081    0.815  0.4158
II#2005-09-18                -0.00327264   0.007176   -0.456  0.6486
II#2005-09-25                 0.00551761   0.007313    0.755  0.4510
II#2005-10-09                  0.0351767   0.006919     5.08  0.0000
II#2005-10-16                  0.0507445   0.006772     7.49  0.0000
II#2005-10-30                 -0.0216832   0.006934    -3.13  0.0019
II#2005-11-06                  0.0293261   0.006763     4.34  0.0000
II#2005-11-13                 -0.0103105   0.005158    -2.00  0.0464
II#2005-11-20                  0.0111455   0.005083     2.19  0.0290
II#2005-11-27                -0.00987091   0.004976    -1.98  0.0481
II#2005-12-04                 0.00904963   0.004993     1.81  0.0708
II#2005-12-11                  0.0270697   0.005159     5.25  0.0000
II#2005-12-18                 -0.0156135   0.004900    -3.19  0.0016
II#2006-01-08                  0.0852842   0.004759     17.9  0.0000
II#2006-01-22                 -0.0151014   0.004893    -3.09  0.0022
II#2006-01-29                  0.0145190   0.004770     3.04  0.0025
II#2006-03-05                  0.0683896   0.005226     13.1  0.0000
II#2006-03-19                -0.00265108   0.005042   -0.526  0.5993
II#2006-04-02                  0.0235215   0.004998     4.71  0.0000
II#2006-04-09                  0.0109388   0.005051     2.17  0.0310
II#2006-04-23               -0.000607998   0.004857   -0.125  0.9005
II#2006-04-30                 0.00186313   0.004953    0.376  0.7070
II#2006-05-07                 -0.0298697   0.004810    -6.21  0.0000
II#2006-06-04                 -0.0148967   0.004817    -3.09  0.0021
II#2006-06-11                 -0.0124858   0.004975    -2.51  0.0125
II#2006-06-18                 -0.0321112   0.004829    -6.65  0.0000
II#2006-06-25                -0.00740446   0.004821    -1.54  0.1255
II#2006-07-02                -0.00452910   0.004731   -0.957  0.3390
II#2006-07-09                -0.00284663   0.004792   -0.594  0.5529
II#2006-07-16                -0.00681933   0.004749    -1.44  0.1519
II#2006-07-30                -0.00794051   0.004608    -1.72  0.0858
II#2006-08-20                -0.00738367   0.004573    -1.61  0.1073
II#2006-08-27                 0.00236516   0.004780    0.495  0.6211
II#2006-10-08                 -0.0107568   0.004600    -2.34  0.0199
II#2006-12-17                 -0.0152814   0.004500    -3.40  0.0008
II#2007-02-11                 0.00253539   0.004738    0.535  0.5929
II#2007-03-18                -0.00394477   0.004750   -0.831  0.4068
II#2007-04-08               -0.000614905   0.004679   -0.131  0.8955
II#2007-04-22                 0.00181175   0.004687    0.387  0.6993
II#2007-05-27                  0.0160991   0.004471     3.60  0.0004
II#2007-06-03                 -0.0185751   0.004635    -4.01  0.0001
II#2007-06-10                  0.0117219   0.004695     2.50  0.0130
II#2007-06-24                 -0.0280311   0.004611    -6.08  0.0000
II#2007-07-22                 -0.0328322   0.004703    -6.98  0.0000
II#2007-07-29                 -0.0364817   0.004561    -8.00  0.0000
II#2007-08-26                  0.0143711   0.004882     2.94  0.0035
II#2007-09-16                 0.00507700   0.004704     1.08  0.2812
II#2007-09-30                 0.00965824   0.004538     2.13  0.0340
II#2007-10-14                -0.00129029   0.004507   -0.286  0.7748
II#2007-10-21                 -0.0330114   0.004543    -7.27  0.0000
II#2007-10-28                  0.0328329   0.004642     7.07  0.0000
II#2007-11-11                  0.0148886   0.004650     3.20  0.0015
II#2007-11-18                 -0.0255269   0.004723    -5.40  0.0000
II#2007-11-25                  0.0495451   0.004921     10.1  0.0000
II#2007-12-02                 -0.0395784   0.004919    -8.05  0.0000
II#2007-12-09                  0.0285577   0.004962     5.76  0.0000
II#2007-12-16                -0.00341701   0.005053   -0.676  0.4993
II#2007-12-23                 -0.0361477   0.004908    -7.36  0.0000
II#2007-12-30                  0.0684205   0.004853     14.1  0.0000
II#2008-01-06                  0.0200118   0.004920     4.07  0.0001
II#2008-01-13                 0.00183634   0.004875    0.377  0.7066
II#2008-01-20                 -0.0735361   0.004954    -14.8  0.0000
II#2008-01-27                  0.0176702   0.005206     3.39  0.0008
II#2008-02-03                 0.00338943   0.005123    0.662  0.5087
II#2008-03-02                  0.0140908   0.004872     2.89  0.0041
II#2008-03-16                -0.00666253   0.005019    -1.33  0.1852
II#2008-03-23                0.000128065   0.004877   0.0263  0.9791
II#2008-04-13                 -0.0245828   0.004985    -4.93  0.0000
II#2008-04-27                 0.00684290   0.004872     1.40  0.1611
II#2008-05-04                -0.00412941   0.006741   -0.613  0.5406
II#2008-05-18                -0.00191847   0.006665   -0.288  0.7736
II#2008-05-25                  0.0207355   0.005927     3.50  0.0005
II#2008-06-29                 0.00121383   0.006272    0.194  0.8467
II#2008-07-06                 -0.0102909   0.004645    -2.22  0.0274
II#2008-07-13                 0.00996896   0.004660     2.14  0.0331
II#2008-07-20                 0.00351867   0.004841    0.727  0.4678
II#2008-08-10                -0.00657932   0.004630    -1.42  0.1563
II#2008-08-17                 0.00786370   0.004626     1.70  0.0900
II#2008-08-24                -0.00193426   0.004751   -0.407  0.6842
II#2008-09-14                 -0.0156228   0.004697    -3.33  0.0010
II#2008-11-16                 -0.0174037   0.005454    -3.19  0.0015
II#2008-12-14                 -0.0115005   0.005015    -2.29  0.0224
II#2008-12-21                 0.00320547   0.004845    0.662  0.5087
II#2009-02-08                 0.00298052   0.004675    0.638  0.5242
II#2009-02-15                -0.00646133   0.004670    -1.38  0.1674
II#2009-03-15                -0.00260147   0.004730   -0.550  0.5827
II#2009-03-22                  0.0120850   0.004691     2.58  0.0104
II#2009-04-26                 -0.0150179   0.004638    -3.24  0.0013
II#2009-05-03                  0.0109374   0.004690     2.33  0.0203
II#2009-05-17                 0.00823197   0.004524     1.82  0.0697
II#2009-05-31                 0.00176087   0.004521    0.390  0.6971
II#2009-06-28                 -0.0176028   0.004684    -3.76  0.0002
II#2009-07-12                 0.00212619   0.004752    0.447  0.6548
II#2009-07-26                 0.00842968   0.004671     1.80  0.0720
II#2009-08-09                 -0.0142445   0.004960    -2.87  0.0043
II#2009-08-16                -0.00679470   0.004772    -1.42  0.1554
II#2009-08-23                 -0.0101284   0.004851    -2.09  0.0375
II#2009-08-30                 -0.0102515   0.004755    -2.16  0.0318
II#2009-09-06                -0.00917708   0.004683    -1.96  0.0509
II#2009-09-13                 0.00181067   0.004795    0.378  0.7059
II#2009-09-20                  0.0767169   0.005507     13.9  0.0000
II#2009-09-27                -0.00608054   0.006006    -1.01  0.3120
II#2009-10-04                  0.0235301   0.005793     4.06  0.0001
II#2009-10-18                  0.0316804   0.005733     5.53  0.0000
II#2009-10-25                  0.0183996   0.005600     3.29  0.0011
II#2009-11-22                -0.00712857   0.004776    -1.49  0.1365
II#2009-11-29                 -0.0275817   0.004731    -5.83  0.0000
II#2009-12-06                 -0.0137839   0.004721    -2.92  0.0037
II#2010-01-03                  0.0372287   0.004651     8.00  0.0000
II#2010-01-10                  0.0172072   0.004703     3.66  0.0003
II#2010-01-17                 -0.0160271   0.004980    -3.22  0.0014
II#2010-01-24                  0.0953885   0.004833     19.7  0.0000
II#2010-01-31               -7.66703e-05   0.005500  -0.0139  0.9889
II#2010-02-07                -0.00649252   0.005502    -1.18  0.2388
II#2010-03-07                 -0.0109262   0.005353    -2.04  0.0420
II#2010-04-04                 -0.0199829   0.004607    -4.34  0.0000
II#2010-04-18                  0.0179980   0.004545     3.96  0.0001
II#2010-05-09                 -0.0314138   0.004569    -6.88  0.0000
II#2010-06-06                 -0.0133192   0.004644    -2.87  0.0044
II#2010-06-13                  0.0216148   0.004607     4.69  0.0000
II#2010-09-19                 -0.0743617   0.004424    -16.8  0.0000
II#2010-10-17                  0.0515972   0.004819     10.7  0.0000
II#2011-02-27                  0.0821828   0.004540     18.1  0.0000
II#2011-03-27                  0.0250992   0.005075     4.95  0.0000
II#2011-04-03                  0.0615210   0.005266     11.7  0.0000
II#2011-04-17                -0.00885519   0.005329    -1.66  0.0975
II#2011-05-01                  0.0194940   0.005383     3.62  0.0003
II#2011-05-15                 -0.0165828   0.005528    -3.00  0.0029
II#2011-05-29                 -0.0373245   0.005529    -6.75  0.0000
II#2012-02-12                 -0.0145089   0.004402    -3.30  0.0011
II#2012-08-05                 0.00549221   0.004650     1.18  0.2384
II#2012-08-19                 0.00217839   0.004673    0.466  0.6414
II#2012-09-30                 -0.0125683   0.004500    -2.79  0.0055
II#2013-02-03                 0.00908696   0.004914     1.85  0.0653
II#2013-02-10                -0.00536972   0.004908    -1.09  0.2747
II#2013-02-24                 0.00952806   0.005036     1.89  0.0593
II#2013-12-01                0.000922324   0.004920    0.187  0.8514
II#2014-02-23                  0.0348808   0.004555     7.66  0.0000
II#2014-03-09               -0.000743723   0.004621   -0.161  0.8722
II#2014-03-16                  0.0540485   0.004526     11.9  0.0000
II#2014-03-23               -0.000199404   0.005256  -0.0379  0.9698
II#2014-03-30                -0.00772473   0.005453    -1.42  0.1575
II#2014-04-06                  0.0355464   0.005748     6.18  0.0000
II#2014-05-18                 -0.0512903   0.004674    -11.0  0.0000
II#2014-06-08                  0.0133849   0.004575     2.93  0.0037
II#2014-06-15                  0.0337663   0.004538     7.44  0.0000
II#2014-07-13                 -0.0113882   0.004519    -2.52  0.0122
II#2014-07-27               -0.000154725   0.004391  -0.0352  0.9719
II#2014-09-21                2.29706e-05   0.004389  0.00523  0.9958
II#2014-11-16                 0.00224908   0.004567    0.492  0.6227
II#2014-12-07                -0.00372824   0.004636   -0.804  0.4218
II#2014-12-14                -0.00812970   0.004509    -1.80  0.0723
II#2015-02-01                 0.00494315   0.005651    0.875  0.3823
II#2015-02-22                 -0.0119671   0.005917    -2.02  0.0439
II#2015-03-01                 0.00567994   0.005516     1.03  0.3039
II#2015-03-08                -0.00677742   0.005482    -1.24  0.2172
II#2015-03-22                 -0.0105743   0.005635    -1.88  0.0614
II#2015-03-29                 -0.0108644   0.005425    -2.00  0.0460
II#2015-04-05                  0.0187349   0.004748     3.95  0.0001
II#2015-05-03                 -0.0182848   0.004493    -4.07  0.0001
II#2015-08-16                 -0.0136221   0.004635    -2.94  0.0035
II#2015-08-23                 -0.0132394   0.004529    -2.92  0.0037
II#2015-09-06                  0.0102630   0.004817     2.13  0.0339
II#2015-09-13                  0.0151827   0.004754     3.19  0.0015
II#2015-10-04                  0.0176747   0.005658     3.12  0.0019
II#2015-10-11                -0.00640977   0.005690    -1.13  0.2607
II#2015-10-18                 0.00485568   0.006352    0.764  0.4451
II#2015-10-25                 0.00110101   0.005936    0.185  0.8530
II#2015-11-15                  0.0721502   0.005493     13.1  0.0000
II#2015-11-22                 -0.0178767   0.005945    -3.01  0.0028
II#2015-12-06                  0.0109572   0.005031     2.18  0.0301
II#2015-12-20                  0.0188971   0.004796     3.94  0.0001
II#2016-01-24                  0.0257792   0.004666     5.52  0.0000
II#2016-01-31                  0.0314576   0.004750     6.62  0.0000
II#2016-02-14                 0.00436441   0.004721    0.924  0.3559
II#2016-02-21                  0.0115161   0.004897     2.35  0.0193
II#2016-03-06                  0.0181595   0.004958     3.66  0.0003
II#2016-04-03                  0.0353496   0.004608     7.67  0.0000
II#2016-04-17                 -0.0137357   0.004643    -2.96  0.0033
II#2016-04-24                 0.00717982   0.004699     1.53  0.1275
II#2016-05-29                  0.0120550   0.004639     2.60  0.0098
II#2016-07-17                 -0.0131870   0.004422    -2.98  0.0031
II#2016-07-31                 0.00691658   0.004549     1.52  0.1293
II#2016-09-04                -0.00901389   0.004536    -1.99  0.0477
II#2016-11-13                -0.00863880   0.004607    -1.87  0.0616
II#2016-11-27                  0.0160081   0.004698     3.41  0.0007
II#2016-12-04                 -0.0149376   0.004733    -3.16  0.0017
II#2016-12-11                  0.0186018   0.004619     4.03  0.0001
II#2016-12-25                  0.0160983   0.004621     3.48  0.0006
II#2017-02-05                -0.00512209   0.004497    -1.14  0.2555
II#2017-02-12                 -0.0120797   0.004458    -2.71  0.0071
II#2017-03-12                -0.00880931   0.004541    -1.94  0.0532
II#2017-04-23                -0.00148807   0.004621   -0.322  0.7476
II#2017-05-28                 0.00506784   0.004617     1.10  0.2731
II#2017-06-04                -0.00469127   0.004695   -0.999  0.3184
II#2017-06-18                 -0.0696871   0.004558    -15.3  0.0000
II#2017-06-25                 -0.0267802   0.004782    -5.60  0.0000
II#2017-07-23                  0.0516247   0.006288     8.21  0.0000
II#2017-07-30                0.000290606   0.006304   0.0461  0.9633
II#2017-08-06                 -0.0401816   0.006191    -6.49  0.0000
II#2017-08-13                  0.0210183   0.006637     3.17  0.0017
II#2017-08-20                  0.0197224   0.006391     3.09  0.0022
II#2017-08-27               -0.000999442   0.006437   -0.155  0.8767
II#2017-09-10                -0.00134447   0.006918   -0.194  0.8460
II#2017-09-17                 0.00736818   0.006759     1.09  0.2764
II#2017-09-24                -0.00811739   0.005701    -1.42  0.1554
II#2017-10-01                  0.0187071   0.005642     3.32  0.0010
II#2017-10-15                 -0.0150019   0.005194    -2.89  0.0041
II#2017-10-29                 -0.0256856   0.005546    -4.63  0.0000
II#2017-11-05                  0.0247926   0.005349     4.64  0.0000
II#2017-11-19                 -0.0140130   0.005204    -2.69  0.0074
II#2017-11-26                  0.0455834   0.005064     9.00  0.0000
II#2017-12-03                 -0.0466003   0.005075    -9.18  0.0000
II#2017-12-17                 0.00532115   0.005101     1.04  0.2976
II#2017-12-31                  0.0154281   0.005200     2.97  0.0032
II#2018-01-07                  0.0108102   0.005081     2.13  0.0341
II#2018-01-21                 0.00927640   0.005017     1.85  0.0653
II#2018-03-11                 -0.0102812   0.004497    -2.29  0.0229
II#2018-03-18                  0.0221759   0.004523     4.90  0.0000
II#2018-04-01                  0.0149607   0.004533     3.30  0.0011
II#2018-04-08                  0.0201229   0.004563     4.41  0.0000
II#2018-05-13                  0.0101968   0.004687     2.18  0.0303
II#2018-05-20                  0.0216345   0.005273     4.10  0.0001
II#2018-05-27                 -0.0444880   0.005824    -7.64  0.0000
II#2018-06-03                  0.0301735   0.007908     3.82  0.0002
II#2018-06-10                 -0.0280812   0.007298    -3.85  0.0001
II#2018-06-17                -0.00586709   0.008309   -0.706  0.4806
II#2018-07-08                 0.00557297   0.007277    0.766  0.4443
II#2018-07-29                 0.00740352   0.007205     1.03  0.3049
II#2018-08-05                 -0.0319515   0.005142    -6.21  0.0000
II#2018-08-12                  0.0263699   0.004971     5.30  0.0000
II#2018-08-19                 -0.0244961   0.004828    -5.07  0.0000
II#2018-09-02                 0.00129603   0.004962    0.261  0.7941
II#2018-09-09                  0.0336558   0.005319     6.33  0.0000
II#2018-09-23                 0.00383510   0.005429    0.706  0.4804
II#2018-10-21                3.33393e-05   0.004997  0.00667  0.9947
II#2018-11-18                 0.00740198   0.004694     1.58  0.1157
II#2018-11-25                 -0.0358245   0.004728    -7.58  0.0000
D_star_ETANOL_HIDRATADO  U    -0.0911749    0.04030    -2.26  0.0243
D_star_ETANOL_HIDRATADO_1U     0.0292844    0.04661    0.628  0.5303
D_star_ETANOL_HIDRATADO_2U     0.0137520    0.04648    0.296  0.7675
D_star_ETANOL_HIDRATADO_3U    -0.0547482    0.04491    -1.22  0.2236
D_star_ETANOL_HIDRATADO_4U     0.0343155    0.04630    0.741  0.4591
D_star_ETANOL_HIDRATADO_5U      0.214070    0.04570     4.68  0.0000
D_star_ETANOL_HIDRATADO_6U    -0.0381858    0.04084   -0.935  0.3504
D_star_ETANOL_HIDRATADO_7U    -0.0919635    0.04420    -2.08  0.0382
D_star_ETANOL_HIDRATADO_8U     0.0357099    0.04067    0.878  0.3806
D_star_OLEO_DIESEL       U     0.0348863    0.06352    0.549  0.5832
D_star_OLEO_DIESEL_1     U      0.161539    0.05157     3.13  0.0019
D_star_OLEO_DIESEL_2     U    -0.0386815    0.07448   -0.519  0.6039
D_star_OLEO_DIESEL_3     U     -0.141346    0.05912    -2.39  0.0174
D_star_OLEO_DIESEL_4     U     0.0945989    0.04752     1.99  0.0473
D_star_OLEO_DIESEL_5     U     0.0693418    0.05251     1.32  0.1876
D_star_OLEO_DIESEL_6     U    0.00334065    0.04797   0.0696  0.9445
D_star_OLEO_DIESEL_7     U    -0.0481906    0.04618    -1.04  0.2974
D_star_OLEO_DIESEL_8     U     0.0169997    0.06601    0.258  0.7969
D_star_GASOLINA_COMUM    U     0.0419943    0.08066    0.521  0.6030
D_star_GASOLINA_COMUM_1  U     0.0146110    0.07258    0.201  0.8406
D_star_GASOLINA_COMUM_2  U      0.131435    0.07883     1.67  0.0964
D_star_GASOLINA_COMUM_3  U      0.197508    0.08240     2.40  0.0171
D_star_GASOLINA_COMUM_4  U     -0.165065    0.07217    -2.29  0.0228
D_star_GASOLINA_COMUM_5  U    -0.0371081    0.07270   -0.510  0.6101
D_star_GASOLINA_COMUM_6  U     0.0483950    0.06154    0.786  0.4322
D_star_GASOLINA_COMUM_7  U     0.0479066    0.07004    0.684  0.4944
D_star_GASOLINA_COMUM_8  U     0.0175501    0.08126    0.216  0.8291
betaZ_1                  U      0.000000        ---
D_brent                  U    -0.0133410   0.006391    -2.09  0.0376
D_brent_1                U    0.00718519   0.007011     1.02  0.3061
D_brent_2                U    -0.0397618   0.007007    -5.67  0.0000
D_brent_3                U    0.00949271   0.007279     1.30  0.1931
D_brent_4                U    -0.0109223   0.006911    -1.58  0.1149
D_brent_5                U     0.0161443   0.007242     2.23  0.0265
D_brent_6                U   -0.00455339   0.007034   -0.647  0.5179
D_brent_7                U   -0.00641614   0.007487   -0.857  0.3921
D_brent_8                U    0.00212638   0.007424    0.286  0.7747
D_lnCambio               U     0.0342298    0.01305     2.62  0.0091
D_lnCambio_1             U     0.0100884    0.01311    0.769  0.4422
D_lnCambio_2             U    -0.0154682    0.01371    -1.13  0.2599
D_lnCambio_3             U    -0.0327086    0.01409    -2.32  0.0209
D_lnCambio_4             U    -0.0179733    0.01389    -1.29  0.1967
D_lnCambio_5             U     0.0382888    0.01381     2.77  0.0059
D_lnCambio_6             U   -0.00139395    0.01451  -0.0961  0.9235
D_lnCambio_7             U  -0.000417820    0.01428  -0.0293  0.9767
D_lnCambio_8             U    -0.0106934    0.01409   -0.759  0.4483
Constant                 U   2.76390e-05  0.0002165    0.128  0.8985
CSeasonal                U   0.000442509   0.002320    0.191  0.8488
CSeasonal_1              U  -4.57446e-05   0.002279  -0.0201  0.9840
CSeasonal_2              U    0.00106984   0.002185    0.490  0.6248
CSeasonal_3              U   -0.00177014   0.002126   -0.833  0.4056
CSeasonal_4              U   -0.00449985   0.002293    -1.96  0.0506
CSeasonal_5              U    0.00171791   0.002157    0.796  0.4263
CSeasonal_6              U   0.000507920   0.002097    0.242  0.8088
CSeasonal_7              U   -0.00391832   0.002138    -1.83  0.0677
CSeasonal_8              U   -0.00329250   0.002254    -1.46  0.1450
CSeasonal_9              U   -0.00632611   0.002313    -2.73  0.0066
CSeasonal_10             U  -2.62251e-05   0.002290  -0.0115  0.9909
CSeasonal_11             U    0.00177918   0.002218    0.802  0.4230
CSeasonal_12             U   -0.00224550   0.002214    -1.01  0.3112
CSeasonal_13             U   -0.00110541   0.002217   -0.499  0.6183
CSeasonal_14             U   -0.00278293   0.002203    -1.26  0.2073
CSeasonal_15             U    0.00223873   0.002144     1.04  0.2972
CSeasonal_16             U   -0.00403513   0.002156    -1.87  0.0621
CSeasonal_17             U   -0.00144664   0.002075   -0.697  0.4862
CSeasonal_18             U   -0.00501192   0.002276    -2.20  0.0283
CSeasonal_19             U   -0.00155214   0.002205   -0.704  0.4819
CSeasonal_20             U   -0.00267888   0.002513    -1.07  0.2871
CSeasonal_21             U   0.000516022   0.002129    0.242  0.8086
CSeasonal_22             U   -0.00290081   0.002087    -1.39  0.1654
CSeasonal_23             U   0.000274494   0.002304    0.119  0.9052
CSeasonal_24             U   -0.00147167   0.002214   -0.665  0.5067
CSeasonal_25             U   -0.00175470   0.002152   -0.815  0.4154
CSeasonal_26             U   -0.00271955   0.002236    -1.22  0.2247
CSeasonal_27             U  -0.000181557   0.002190  -0.0829  0.9340
CSeasonal_28             U  -0.000767557   0.002210   -0.347  0.7286
CSeasonal_29             U   -0.00220252   0.002183    -1.01  0.3137
CSeasonal_30             U   -0.00401128   0.002140    -1.87  0.0618
CSeasonal_31             U   -0.00537141   0.002162    -2.48  0.0135
CSeasonal_32             U   -0.00284030   0.002158    -1.32  0.1890
CSeasonal_33             U   -0.00273492   0.002261    -1.21  0.2274
CSeasonal_34             U   -0.00146429   0.002233   -0.656  0.5125
CSeasonal_35             U  -0.000523072   0.002356   -0.222  0.8245
CSeasonal_36             U  -0.000785178   0.002442   -0.321  0.7480
CSeasonal_37             U   0.000646089   0.002108    0.306  0.7595
CSeasonal_38             U   -0.00173103   0.002091   -0.828  0.4083
CSeasonal_39             U   -0.00273036   0.002142    -1.27  0.2034
CSeasonal_40             U   -0.00289787   0.002135    -1.36  0.1757
CSeasonal_41             U   7.17466e-05   0.002180   0.0329  0.9738
CSeasonal_42             U   -0.00365372   0.002137    -1.71  0.0882
CSeasonal_43             U   0.000270650   0.002149    0.126  0.8998
CSeasonal_44             U   -0.00229042   0.002323   -0.986  0.3248
CSeasonal_45             U    0.00207509   0.002305    0.900  0.3686
CSeasonal_46             U   -0.00230780   0.002111    -1.09  0.2750
CSeasonal_47             U   -0.00366928   0.002329    -1.58  0.1160
CSeasonal_48             U   5.84250e-06   0.002161  0.00270  0.9978
CSeasonal_49             U   -0.00407362   0.002481    -1.64  0.1015
CSeasonal_50             U   -0.00318995   0.002310    -1.38  0.1682

sigma = 0.0040574   RSS = 0.005630177455

URF equation for: D_R_1_OLEO_DIESEL
                             Coefficient  Std.Error  t-value  t-prob
D_R_1_ETANOL_HIDRATADO_1       0.0315165    0.01592     1.98  0.0485
D_R_1_ETANOL_HIDRATADO_2     -0.00435467    0.01476   -0.295  0.7682
D_R_1_ETANOL_HIDRATADO_3      0.00122263    0.01369   0.0893  0.9289
D_R_1_ETANOL_HIDRATADO_4      0.00213998    0.01540    0.139  0.8896
D_R_1_ETANOL_HIDRATADO_5     -0.00989217    0.01468   -0.674  0.5009
D_R_1_ETANOL_HIDRATADO_6      -0.0297215    0.01428    -2.08  0.0382
D_R_1_ETANOL_HIDRATADO_7     -0.00590167    0.01248   -0.473  0.6365
D_R_1_ETANOL_HIDRATADO_8     -0.00790785    0.01245   -0.635  0.5258
D_R_1_OLEO_DIESEL_1            -0.262071    0.03183    -8.23  0.0000
D_R_1_OLEO_DIESEL_2           -0.0260294    0.03130   -0.832  0.4063
D_R_1_OLEO_DIESEL_3           -0.0944130    0.02900    -3.26  0.0012
D_R_1_OLEO_DIESEL_4           -0.0768726    0.02696    -2.85  0.0046
D_R_1_OLEO_DIESEL_5           -0.0554551    0.02723    -2.04  0.0425
D_R_1_OLEO_DIESEL_6            0.0267877    0.02872    0.933  0.3516
D_R_1_OLEO_DIESEL_7            0.0379801    0.02682     1.42  0.1576
D_R_1_OLEO_DIESEL_8           -0.0518682    0.02592    -2.00  0.0462
D_R_1_GASOLINA_COMUM_1         0.0671571    0.03085     2.18  0.0301
D_R_1_GASOLINA_COMUM_2         0.0692648    0.03188     2.17  0.0305
D_R_1_GASOLINA_COMUM_3         0.0282613    0.02878    0.982  0.3268
D_R_1_GASOLINA_COMUM_4         0.0598023    0.02874     2.08  0.0382
D_R_1_GASOLINA_COMUM_5        -0.0266416    0.02781   -0.958  0.3387
D_R_1_GASOLINA_COMUM_6       -0.00905708    0.02744   -0.330  0.7416
D_R_1_GASOLINA_COMUM_7         0.0237293    0.02618    0.906  0.3653
D_R_1_GASOLINA_COMUM_8         0.0681257    0.02526     2.70  0.0073
II#2005-05-01                -0.00554997   0.003429    -1.62  0.1065
II#2005-05-08                 0.00783562   0.003453     2.27  0.0239
II#2005-05-15                -0.00865906   0.003373    -2.57  0.0107
II#2005-06-05                0.000912310   0.003428    0.266  0.7903
II#2005-06-12                -0.00638207   0.003478    -1.83  0.0674
II#2005-06-19                 0.00394483   0.003434     1.15  0.2514
II#2005-06-26                -0.00994424   0.003374    -2.95  0.0034
II#2005-07-10                -0.00690168   0.003392    -2.03  0.0426
II#2005-07-17                 0.00805693   0.003371     2.39  0.0174
II#2005-08-07                -0.00530500   0.003398    -1.56  0.1194
II#2005-08-14                  0.0253897   0.003465     7.33  0.0000
II#2005-08-21                  0.0300076   0.003557     8.44  0.0000
II#2005-08-28                  0.0282921   0.003783     7.48  0.0000
II#2005-09-04                  0.0321241   0.003764     8.53  0.0000
II#2005-09-18                 -0.0196429   0.005316    -3.69  0.0003
II#2005-09-25                 0.00583040   0.005418     1.08  0.2826
II#2005-10-09                 -0.0167864   0.005126    -3.27  0.0012
II#2005-10-16                 -0.0180904   0.005018    -3.61  0.0004
II#2005-10-30                  0.0117197   0.005137     2.28  0.0231
II#2005-11-06                 0.00723255   0.005011     1.44  0.1498
II#2005-11-13                 0.00834647   0.003821     2.18  0.0296
II#2005-11-20                 0.00539162   0.003766     1.43  0.1532
II#2005-11-27               -5.14004e-05   0.003686  -0.0139  0.9889
II#2005-12-04                 0.00282676   0.003699    0.764  0.4453
II#2005-12-11                -0.00257815   0.003822   -0.675  0.5004
II#2005-12-18                 0.00329647   0.003631    0.908  0.3646
II#2006-01-08                 0.00966255   0.003526     2.74  0.0065
II#2006-01-22                 0.00580881   0.003625     1.60  0.1100
II#2006-01-29                 0.00885465   0.003534     2.51  0.0127
II#2006-03-05                  0.0105844   0.003872     2.73  0.0066
II#2006-03-19                  0.0101801   0.003735     2.73  0.0068
II#2006-04-02                 0.00105681   0.003703    0.285  0.7755
II#2006-04-09                -0.00318122   0.003742   -0.850  0.3959
II#2006-04-23                -0.00859800   0.003599    -2.39  0.0174
II#2006-04-30                 0.00841988   0.003669     2.29  0.0224
II#2006-05-07                -0.00412828   0.003564    -1.16  0.2475
II#2006-06-04                 0.00509398   0.003569     1.43  0.1544
II#2006-06-11                -0.00297201   0.003686   -0.806  0.4206
II#2006-06-18                -0.00458145   0.003578    -1.28  0.2012
II#2006-06-25                 -0.0119735   0.003572    -3.35  0.0009
II#2006-07-02                  0.0104579   0.003505     2.98  0.0031
II#2006-07-09                -0.00217587   0.003551   -0.613  0.5404
II#2006-07-16                 0.00185642   0.003518    0.528  0.5981
II#2006-07-30                -0.00351918   0.003414    -1.03  0.3034
II#2006-08-20                -0.00197476   0.003388   -0.583  0.5604
II#2006-08-27                 0.00100220   0.003542    0.283  0.7774
II#2006-10-08                -0.00175225   0.003408   -0.514  0.6075
II#2006-12-17                 0.00260673   0.003334    0.782  0.4349
II#2007-02-11                -0.00479238   0.003510    -1.37  0.1731
II#2007-03-18                 0.00221380   0.003519    0.629  0.5297
II#2007-04-08                 0.00955074   0.003467     2.75  0.0062
II#2007-04-22                -0.00798433   0.003472    -2.30  0.0221
II#2007-05-27                  0.0243549   0.003312     7.35  0.0000
II#2007-06-03                 0.00363697   0.003434     1.06  0.2904
II#2007-06-10                -0.00284550   0.003479   -0.818  0.4139
II#2007-06-24                 0.00281007   0.003417    0.822  0.4114
II#2007-07-22                -0.00292773   0.003484   -0.840  0.4014
II#2007-07-29                 -0.0147245   0.003380    -4.36  0.0000
II#2007-08-26                 0.00243482   0.003617    0.673  0.5013
II#2007-09-16                -0.00914557   0.003485    -2.62  0.0091
II#2007-09-30                 0.00403086   0.003362     1.20  0.2314
II#2007-10-14                -0.00627692   0.003339    -1.88  0.0610
II#2007-10-21                 0.00652186   0.003366     1.94  0.0535
II#2007-10-28                0.000594519   0.003439    0.173  0.8629
II#2007-11-11                -0.00463840   0.003445    -1.35  0.1791
II#2007-11-18                0.000527776   0.003500    0.151  0.8802
II#2007-11-25                 0.00280098   0.003646    0.768  0.4429
II#2007-12-02                -0.00155698   0.003645   -0.427  0.6695
II#2007-12-09                 -0.0140875   0.003676    -3.83  0.0002
II#2007-12-16                  0.0217059   0.003744     5.80  0.0000
II#2007-12-23                 0.00558590   0.003636     1.54  0.1254
II#2007-12-30               -0.000946232   0.003596   -0.263  0.7926
II#2008-01-06                 0.00778711   0.003645     2.14  0.0334
II#2008-01-13                 -0.0200171   0.003612    -5.54  0.0000
II#2008-01-20                  0.0110034   0.003670     3.00  0.0029
II#2008-01-27                 0.00322882   0.003857    0.837  0.4031
II#2008-02-03                 -0.0125377   0.003796    -3.30  0.0011
II#2008-03-02                -0.00602624   0.003609    -1.67  0.0959
II#2008-03-16                -0.00552528   0.003718    -1.49  0.1382
II#2008-03-23                 0.00547039   0.003613     1.51  0.1309
II#2008-04-13                -0.00260511   0.003693   -0.705  0.4811
II#2008-04-27                 -0.0131784   0.003610    -3.65  0.0003
II#2008-05-04                  0.0206586   0.004994     4.14  0.0000
II#2008-05-18                 -0.0132342   0.004938    -2.68  0.0077
II#2008-05-25                  0.0207202   0.004392     4.72  0.0000
II#2008-06-29                 0.00387071   0.004647    0.833  0.4055
II#2008-07-06                 -0.0136244   0.003442    -3.96  0.0001
II#2008-07-13                  0.0235388   0.003453     6.82  0.0000
II#2008-07-20                 0.00702168   0.003587     1.96  0.0511
II#2008-08-10                -0.00766488   0.003431    -2.23  0.0261
II#2008-08-17                2.84873e-05   0.003427  0.00831  0.9934
II#2008-08-24                 0.00679349   0.003520     1.93  0.0545
II#2008-09-14                 0.00557216   0.003480     1.60  0.1103
II#2008-11-16                 0.00388622   0.004041    0.962  0.3368
II#2008-12-14                 0.00318376   0.003716    0.857  0.3921
II#2008-12-21                 0.00541859   0.003590     1.51  0.1321
II#2009-02-08                -0.00131284   0.003463   -0.379  0.7049
II#2009-02-15                -0.00278743   0.003460   -0.806  0.4210
II#2009-03-15                 -0.0166561   0.003505    -4.75  0.0000
II#2009-03-22                -0.00303712   0.003476   -0.874  0.3828
II#2009-04-26                -0.00587628   0.003436    -1.71  0.0881
II#2009-05-03                 0.00222926   0.003475    0.642  0.5216
II#2009-05-17                -0.00159817   0.003352   -0.477  0.6338
II#2009-05-31                -0.00631628   0.003350    -1.89  0.0602
II#2009-06-28                 -0.0220026   0.003470    -6.34  0.0000
II#2009-07-12                  0.0109293   0.003521     3.10  0.0021
II#2009-07-26                  0.0114384   0.003461     3.31  0.0010
II#2009-08-09                  0.0110273   0.003675     3.00  0.0029
II#2009-08-16                 0.00373838   0.003536     1.06  0.2911
II#2009-08-23                -0.00167948   0.003594   -0.467  0.6406
II#2009-08-30                0.000739157   0.003523    0.210  0.8339
II#2009-09-06                 -0.0163854   0.003470    -4.72  0.0000
II#2009-09-13                  0.0456805   0.003553     12.9  0.0000
II#2009-09-20                  0.0181553   0.004080     4.45  0.0000
II#2009-09-27                 -0.0163547   0.004450    -3.68  0.0003
II#2009-10-04                 0.00491996   0.004292     1.15  0.2525
II#2009-10-18                 0.00624691   0.004248     1.47  0.1423
II#2009-10-25                 0.00798429   0.004149     1.92  0.0551
II#2009-11-22                -0.00334909   0.003539   -0.946  0.3446
II#2009-11-29                -0.00684954   0.003506    -1.95  0.0515
II#2009-12-06                 0.00114178   0.003498    0.326  0.7443
II#2010-01-03                -0.00764464   0.003446    -2.22  0.0272
II#2010-01-10                  0.0213744   0.003485     6.13  0.0000
II#2010-01-17                -0.00983706   0.003689    -2.67  0.0080
II#2010-01-24                 -0.0348826   0.003581    -9.74  0.0000
II#2010-01-31                  0.0146583   0.004075     3.60  0.0004
II#2010-02-07                 0.00461470   0.004076     1.13  0.2584
II#2010-03-07                 0.00877169   0.003966     2.21  0.0277
II#2010-04-04                -0.00173652   0.003414   -0.509  0.6113
II#2010-04-18                0.000649084   0.003367    0.193  0.8473
II#2010-05-09                -0.00695038   0.003385    -2.05  0.0408
II#2010-06-06                 0.00148583   0.003440    0.432  0.6661
II#2010-06-13                -0.00177291   0.003414   -0.519  0.6038
II#2010-09-19                -0.00903198   0.003277    -2.76  0.0062
II#2010-10-17                  0.0144846   0.003570     4.06  0.0001
II#2011-02-27                 0.00610774   0.003364     1.82  0.0703
II#2011-03-27                -0.00419326   0.003760    -1.12  0.2655
II#2011-04-03                0.000673590   0.003902    0.173  0.8630
II#2011-04-17                0.000149130   0.003948   0.0378  0.9699
II#2011-05-01                0.000637875   0.003988    0.160  0.8730
II#2011-05-15                0.000750753   0.004096    0.183  0.8547
II#2011-05-29                 0.00409078   0.004096    0.999  0.3187
II#2012-02-12                 -0.0229346   0.003262    -7.03  0.0000
II#2012-08-05                  0.0121806   0.003445     3.54  0.0005
II#2012-08-19                 -0.0198388   0.003462    -5.73  0.0000
II#2012-09-30                  0.0285605   0.003334     8.57  0.0000
II#2013-02-03                  0.0313095   0.003641     8.60  0.0000
II#2013-02-10                 -0.0179516   0.003636    -4.94  0.0000
II#2013-02-24                 0.00798537   0.003731     2.14  0.0330
II#2013-12-01                  0.0236572   0.003645     6.49  0.0000
II#2014-02-23                 0.00915736   0.003375     2.71  0.0070
II#2014-03-09                  0.0112343   0.003424     3.28  0.0011
II#2014-03-16                  0.0490630   0.003353     14.6  0.0000
II#2014-03-23                -0.00162300   0.003894   -0.417  0.6771
II#2014-03-30                 -0.0308235   0.004040    -7.63  0.0000
II#2014-04-06                  0.0218246   0.004259     5.12  0.0000
II#2014-05-18                  0.0126603   0.003463     3.66  0.0003
II#2014-06-08               -0.000590413   0.003389   -0.174  0.8618
II#2014-06-15                0.000784691   0.003362    0.233  0.8156
II#2014-07-13                 0.00198142   0.003348    0.592  0.5544
II#2014-07-27                -0.00108771   0.003253   -0.334  0.7383
II#2014-09-21                 -0.0108465   0.003252    -3.34  0.0009
II#2014-11-16                  0.0115195   0.003384     3.40  0.0007
II#2014-12-07                -0.00133292   0.003435   -0.388  0.6982
II#2014-12-14                -0.00650835   0.003341    -1.95  0.0522
II#2015-02-01                  0.0312450   0.004187     7.46  0.0000
II#2015-02-22                 0.00427428   0.004384    0.975  0.3303
II#2015-03-01                -0.00263959   0.004087   -0.646  0.5188
II#2015-03-08                 -0.0100038   0.004061    -2.46  0.0143
II#2015-03-22                -0.00488222   0.004175    -1.17  0.2430
II#2015-03-29                 0.00376331   0.004019    0.936  0.3498
II#2015-04-05                -0.00165232   0.003518   -0.470  0.6388
II#2015-05-03                5.18248e-05   0.003329   0.0156  0.9876
II#2015-08-16                0.000286196   0.003434   0.0833  0.9336
II#2015-08-23                -0.00236647   0.003355   -0.705  0.4811
II#2015-09-06                -0.00688406   0.003569    -1.93  0.0546
II#2015-09-13                 0.00160111   0.003522    0.455  0.6497
II#2015-10-04                -0.00561536   0.004192    -1.34  0.1813
II#2015-10-11                  0.0400659   0.004215     9.50  0.0000
II#2015-10-18                 -0.0150897   0.004706    -3.21  0.0015
II#2015-10-25                -0.00111290   0.004398   -0.253  0.8004
II#2015-11-15                  0.0159716   0.004070     3.92  0.0001
II#2015-11-22                0.000921998   0.004405    0.209  0.8343
II#2015-12-06                 0.00741930   0.003727     1.99  0.0473
II#2015-12-20                 0.00873801   0.003554     2.46  0.0144
II#2016-01-24                -0.00200291   0.003457   -0.579  0.5627
II#2016-01-31                 0.00320945   0.003519    0.912  0.3624
II#2016-02-14                -0.00533516   0.003498    -1.53  0.1281
II#2016-02-21                -0.00689378   0.003628    -1.90  0.0583
II#2016-03-06                 0.00920098   0.003673     2.50  0.0127
II#2016-04-03                -0.00357183   0.003414    -1.05  0.2962
II#2016-04-17                -0.00111278   0.003440   -0.323  0.7465
II#2016-04-24                -0.00657400   0.003482    -1.89  0.0599
II#2016-05-29                -0.00111937   0.003437   -0.326  0.7449
II#2016-07-17                -0.00138562   0.003276   -0.423  0.6726
II#2016-07-31                 0.00391626   0.003370     1.16  0.2461
II#2016-09-04                0.000225975   0.003361   0.0672  0.9464
II#2016-11-13                -0.00405741   0.003414    -1.19  0.2354
II#2016-11-27                0.000247225   0.003481   0.0710  0.9434
II#2016-12-04                -0.00765575   0.003507    -2.18  0.0297
II#2016-12-11                  0.0172590   0.003422     5.04  0.0000
II#2016-12-25                 0.00930703   0.003424     2.72  0.0069
II#2017-02-05                -0.00644933   0.003332    -1.94  0.0537
II#2017-02-12                -0.00667375   0.003303    -2.02  0.0441
II#2017-03-12                 -0.0216820   0.003364    -6.44  0.0000
II#2017-04-23                 -0.0114464   0.003423    -3.34  0.0009
II#2017-05-28                -0.00953206   0.003421    -2.79  0.0056
II#2017-06-04                 0.00547838   0.003479     1.57  0.1162
II#2017-06-18                -0.00772766   0.003377    -2.29  0.0227
II#2017-06-25                 -0.0135770   0.003543    -3.83  0.0002
II#2017-07-23                  0.0210291   0.004659     4.51  0.0000
II#2017-07-30                 -0.0287041   0.004670    -6.15  0.0000
II#2017-08-06                -0.00919710   0.004587    -2.00  0.0458
II#2017-08-13                  0.0217537   0.004918     4.42  0.0000
II#2017-08-20                 0.00949789   0.004735     2.01  0.0457
II#2017-08-27                -0.00617179   0.004769    -1.29  0.1965
II#2017-09-10                 0.00988021   0.005125     1.93  0.0547
II#2017-09-17                  0.0303459   0.005008     6.06  0.0000
II#2017-09-24                 -0.0225996   0.004224    -5.35  0.0000
II#2017-10-01                 0.00456434   0.004180     1.09  0.2757
II#2017-10-15                 -0.0187595   0.003849    -4.87  0.0000
II#2017-10-29                  0.0104688   0.004109     2.55  0.0113
II#2017-11-05                  0.0215945   0.003963     5.45  0.0000
II#2017-11-19                 -0.0166829   0.003855    -4.33  0.0000
II#2017-11-26                 0.00422760   0.003752     1.13  0.2607
II#2017-12-03                -0.00133893   0.003760   -0.356  0.7220
II#2017-12-17                 -0.0122861   0.003779    -3.25  0.0013
II#2017-12-31                 0.00731584   0.003852     1.90  0.0584
II#2018-01-07                  0.0156108   0.003765     4.15  0.0000
II#2018-01-21                -0.00215819   0.003717   -0.581  0.5619
II#2018-03-11                 0.00758636   0.003332     2.28  0.0234
II#2018-03-18                -0.00428574   0.003351    -1.28  0.2018
II#2018-04-01                 0.00174553   0.003359    0.520  0.6036
II#2018-04-08                 0.00166490   0.003381    0.492  0.6227
II#2018-05-13                  0.0126351   0.003473     3.64  0.0003
II#2018-05-20                 0.00326079   0.003907    0.835  0.4045
II#2018-05-27                  0.0259501   0.004315     6.01  0.0000
II#2018-06-03                 -0.0848896   0.005859    -14.5  0.0000
II#2018-06-10                 0.00210794   0.005407    0.390  0.6969
II#2018-06-17                  0.0430283   0.006156     6.99  0.0000
II#2018-07-08                 0.00261923   0.005391    0.486  0.6274
II#2018-07-29                 0.00152089   0.005338    0.285  0.7759
II#2018-08-05                0.000687475   0.003810    0.180  0.8569
II#2018-08-12                 0.00341310   0.003683    0.927  0.3547
II#2018-08-19                 0.00249960   0.003577    0.699  0.4851
II#2018-09-02                  0.0439849   0.003677     12.0  0.0000
II#2018-09-09                -0.00562471   0.003941    -1.43  0.1544
II#2018-09-23                -0.00608885   0.004022    -1.51  0.1310
II#2018-10-21                 0.00744941   0.003702     2.01  0.0450
II#2018-11-18                 0.00172594   0.003478    0.496  0.6200
II#2018-11-25                 0.00549607   0.003503     1.57  0.1176
D_star_ETANOL_HIDRATADO  U     0.0367574    0.02986     1.23  0.2191
D_star_ETANOL_HIDRATADO_1U     -0.100968    0.03454    -2.92  0.0037
D_star_ETANOL_HIDRATADO_2U     0.0306221    0.03444    0.889  0.3745
D_star_ETANOL_HIDRATADO_3U    -0.0410125    0.03327    -1.23  0.2185
D_star_ETANOL_HIDRATADO_4U     0.0905894    0.03431     2.64  0.0087
D_star_ETANOL_HIDRATADO_5U    -0.0199390    0.03386   -0.589  0.5563
D_star_ETANOL_HIDRATADO_6U    -0.0689777    0.03026    -2.28  0.0232
D_star_ETANOL_HIDRATADO_7U     0.0266180    0.03274    0.813  0.4168
D_star_ETANOL_HIDRATADO_8U    0.00930565    0.03014    0.309  0.7577
D_star_OLEO_DIESEL       U      0.246201    0.04706     5.23  0.0000
D_star_OLEO_DIESEL_1     U      0.222305    0.03821     5.82  0.0000
D_star_OLEO_DIESEL_2     U     0.0737775    0.05518     1.34  0.1821
D_star_OLEO_DIESEL_3     U      0.228951    0.04380     5.23  0.0000
D_star_OLEO_DIESEL_4     U      0.119640    0.03521     3.40  0.0008
D_star_OLEO_DIESEL_5     U      0.139579    0.03891     3.59  0.0004
D_star_OLEO_DIESEL_6     U    -0.0381853    0.03554    -1.07  0.2834
D_star_OLEO_DIESEL_7     U    -0.0605812    0.03421    -1.77  0.0775
D_star_OLEO_DIESEL_8     U      0.107095    0.04890     2.19  0.0292
D_star_GASOLINA_COMUM    U     0.0784907    0.05976     1.31  0.1899
D_star_GASOLINA_COMUM_1  U     0.0605021    0.05377     1.13  0.2613
D_star_GASOLINA_COMUM_2  U    -0.0825916    0.05841    -1.41  0.1582
D_star_GASOLINA_COMUM_3  U     -0.181629    0.06105    -2.98  0.0031
D_star_GASOLINA_COMUM_4  U     -0.100312    0.05347    -1.88  0.0615
D_star_GASOLINA_COMUM_5  U     0.0658658    0.05387     1.22  0.2223
D_star_GASOLINA_COMUM_6  U     0.0196916    0.04560    0.432  0.6661
D_star_GASOLINA_COMUM_7  U     0.0871140    0.05189     1.68  0.0941
D_star_GASOLINA_COMUM_8  U     -0.165624    0.06020    -2.75  0.0063
betaZ_1                  U      0.000000        ---
D_brent                  U    0.00541273   0.004735     1.14  0.2538
D_brent_1                U   -0.00217075   0.005194   -0.418  0.6763
D_brent_2                U   -0.00458127   0.005191   -0.883  0.3781
D_brent_3                U   -0.00179224   0.005393   -0.332  0.7399
D_brent_4                U    0.00384326   0.005120    0.751  0.4534
D_brent_5                U    0.00483365   0.005366    0.901  0.3683
D_brent_6                U   -0.00708807   0.005212    -1.36  0.1747
D_brent_7                U     0.0127985   0.005547     2.31  0.0216
D_brent_8                U   -0.00706068   0.005500    -1.28  0.2001
D_lnCambio               U     0.0136833   0.009670     1.41  0.1580
D_lnCambio_1             U     0.0199682   0.009714     2.06  0.0406
D_lnCambio_2             U    -0.0106642    0.01016    -1.05  0.2944
D_lnCambio_3             U    -0.0190078    0.01044    -1.82  0.0695
D_lnCambio_4             U     0.0237291    0.01029     2.30  0.0218
D_lnCambio_5             U     0.0189985    0.01023     1.86  0.0643
D_lnCambio_6             U    -0.0231455    0.01075    -2.15  0.0320
D_lnCambio_7             U   -0.00192152    0.01058   -0.182  0.8560
D_lnCambio_8             U    0.00156976    0.01044    0.150  0.8805
Constant                 U  -7.34607e-05  0.0001604   -0.458  0.6472
CSeasonal                U    0.00147798   0.001719    0.860  0.3905
CSeasonal_1              U   0.000552369   0.001689    0.327  0.7438
CSeasonal_2              U   0.000819155   0.001619    0.506  0.6133
CSeasonal_3              U    0.00115320   0.001575    0.732  0.4645
CSeasonal_4              U    0.00195769   0.001699     1.15  0.2501
CSeasonal_5              U    0.00147641   0.001598    0.924  0.3562
CSeasonal_6              U   0.000608660   0.001554    0.392  0.6955
CSeasonal_7              U   0.000867513   0.001584    0.548  0.5843
CSeasonal_8              U   -0.00141427   0.001670   -0.847  0.3977
CSeasonal_9              U    0.00157714   0.001714    0.920  0.3581
CSeasonal_10             U    0.00194795   0.001696     1.15  0.2516
CSeasonal_11             U    0.00128534   0.001643    0.782  0.4347
CSeasonal_12             U   0.000119074   0.001641   0.0726  0.9422
CSeasonal_13             U  -0.000872382   0.001642   -0.531  0.5956
CSeasonal_14             U  -0.000662720   0.001632   -0.406  0.6849
CSeasonal_15             U   0.000242569   0.001589    0.153  0.8787
CSeasonal_16             U   0.000603665   0.001597    0.378  0.7057
CSeasonal_17             U    0.00136371   0.001538    0.887  0.3758
CSeasonal_18             U   0.000116717   0.001686   0.0692  0.9449
CSeasonal_19             U  -0.000914501   0.001633   -0.560  0.5759
CSeasonal_20             U   0.000257413   0.001862    0.138  0.8901
CSeasonal_21             U  -0.000202750   0.001577   -0.129  0.8978
CSeasonal_22             U  -0.000766690   0.001546   -0.496  0.6203
CSeasonal_23             U   0.000496424   0.001707    0.291  0.7714
CSeasonal_24             U    0.00119423   0.001640    0.728  0.4671
CSeasonal_25             U    0.00283217   0.001594     1.78  0.0766
CSeasonal_26             U   0.000742919   0.001657    0.448  0.6541
CSeasonal_27             U    0.00194608   0.001622     1.20  0.2311
CSeasonal_28             U   -0.00194717   0.001638    -1.19  0.2352
CSeasonal_29             U   0.000397489   0.001617    0.246  0.8060
CSeasonal_30             U   0.000949113   0.001586    0.599  0.5499
CSeasonal_31             U   0.000223155   0.001602    0.139  0.8893
CSeasonal_32             U  -0.000614844   0.001599   -0.385  0.7008
CSeasonal_33             U  -0.000137410   0.001676  -0.0820  0.9347
CSeasonal_34             U    0.00119401   0.001655    0.722  0.4711
CSeasonal_35             U  -0.000161244   0.001746  -0.0924  0.9265
CSeasonal_36             U  -0.000444309   0.001810   -0.246  0.8062
CSeasonal_37             U    0.00105279   0.001562    0.674  0.5008
CSeasonal_38             U    0.00114682   0.001549    0.740  0.4596
CSeasonal_39             U    0.00333825   0.001587     2.10  0.0362
CSeasonal_40             U    0.00106400   0.001582    0.672  0.5017
CSeasonal_41             U   0.000908520   0.001615    0.563  0.5741
CSeasonal_42             U  -0.000494204   0.001583   -0.312  0.7551
CSeasonal_43             U    0.00315217   0.001592     1.98  0.0485
CSeasonal_44             U    0.00181096   0.001721     1.05  0.2934
CSeasonal_45             U    0.00178499   0.001708     1.05  0.2966
CSeasonal_46             U  -0.000656789   0.001564   -0.420  0.6747
CSeasonal_47             U    0.00205747   0.001725     1.19  0.2339
CSeasonal_48             U   0.000109270   0.001601   0.0682  0.9456
CSeasonal_49             U   -0.00344164   0.001838    -1.87  0.0620
CSeasonal_50             U   -0.00174168   0.001711    -1.02  0.3095

sigma = 0.00300615   RSS = 0.003090634006

URF equation for: D_R_1_GASOLINA_COMUM
                             Coefficient  Std.Error  t-value  t-prob
D_R_1_ETANOL_HIDRATADO_1      -0.0172511    0.01336    -1.29  0.1975
D_R_1_ETANOL_HIDRATADO_2    -0.000766458    0.01239  -0.0618  0.9507
D_R_1_ETANOL_HIDRATADO_3     -0.00324375    0.01149   -0.282  0.7780
D_R_1_ETANOL_HIDRATADO_4      -0.0246171    0.01293    -1.90  0.0578
D_R_1_ETANOL_HIDRATADO_5      -0.0339311    0.01233    -2.75  0.0062
D_R_1_ETANOL_HIDRATADO_6      0.00409310    0.01199    0.341  0.7330
D_R_1_ETANOL_HIDRATADO_7      0.00164415    0.01047    0.157  0.8754
D_R_1_ETANOL_HIDRATADO_8       0.0148453    0.01045     1.42  0.1565
D_R_1_OLEO_DIESEL_1           -0.0510906    0.02672    -1.91  0.0567
D_R_1_OLEO_DIESEL_2            0.0517565    0.02628     1.97  0.0497
D_R_1_OLEO_DIESEL_3            0.0134598    0.02435    0.553  0.5807
D_R_1_OLEO_DIESEL_4           0.00205501    0.02263   0.0908  0.9277
D_R_1_OLEO_DIESEL_5            0.0194372    0.02286    0.850  0.3958
D_R_1_OLEO_DIESEL_6           -0.0666027    0.02411    -2.76  0.0060
D_R_1_OLEO_DIESEL_7            0.0123498    0.02251    0.549  0.5836
D_R_1_OLEO_DIESEL_8            0.0269860    0.02176     1.24  0.2157
D_R_1_GASOLINA_COMUM_1        -0.0107037    0.02589   -0.413  0.6796
D_R_1_GASOLINA_COMUM_2        -0.0508675    0.02677    -1.90  0.0582
D_R_1_GASOLINA_COMUM_3        0.00696453    0.02416    0.288  0.7733
D_R_1_GASOLINA_COMUM_4         0.0277048    0.02412     1.15  0.2516
D_R_1_GASOLINA_COMUM_5        -0.0488356    0.02334    -2.09  0.0372
D_R_1_GASOLINA_COMUM_6         0.0322866    0.02304     1.40  0.1619
D_R_1_GASOLINA_COMUM_7         0.0298221    0.02198     1.36  0.1757
D_R_1_GASOLINA_COMUM_8        -0.0224174    0.02120    -1.06  0.2911
II#2005-05-01                -0.00947809   0.002879    -3.29  0.0011
II#2005-05-08                 0.00592413   0.002899     2.04  0.0417
II#2005-05-15                -0.00493712   0.002832    -1.74  0.0821
II#2005-06-05                 0.00951751   0.002878     3.31  0.0010
II#2005-06-12                 -0.0106002   0.002920    -3.63  0.0003
II#2005-06-19                 0.00706284   0.002882     2.45  0.0148
II#2005-06-26                 -0.0130133   0.002832    -4.59  0.0000
II#2005-07-10                 -0.0113361   0.002847    -3.98  0.0001
II#2005-07-17                 0.00262849   0.002830    0.929  0.3536
II#2005-08-07                -0.00841315   0.002853    -2.95  0.0034
II#2005-08-14                  0.0164457   0.002909     5.65  0.0000
II#2005-08-21                  0.0171350   0.002986     5.74  0.0000
II#2005-08-28                  0.0162324   0.003176     5.11  0.0000
II#2005-09-04                  0.0163628   0.003160     5.18  0.0000
II#2005-09-18                 -0.0577721   0.004463    -12.9  0.0000
II#2005-09-25                  0.0200375   0.004548     4.41  0.0000
II#2005-10-09                 0.00590766   0.004303     1.37  0.1707
II#2005-10-16                -0.00634519   0.004212    -1.51  0.1329
II#2005-10-30                  0.0141406   0.004313     3.28  0.0011
II#2005-11-06                  0.0106961   0.004206     2.54  0.0114
II#2005-11-13                  0.0303899   0.003208     9.47  0.0000
II#2005-11-20                -0.00212869   0.003162   -0.673  0.5012
II#2005-11-27                 -0.0122795   0.003095    -3.97  0.0001
II#2005-12-04                 -0.0118968   0.003105    -3.83  0.0002
II#2005-12-11                 0.00304896   0.003209    0.950  0.3427
II#2005-12-18                -0.00179126   0.003048   -0.588  0.5571
II#2006-01-08                 0.00816977   0.002960     2.76  0.0061
II#2006-01-22                 0.00269927   0.003043    0.887  0.3757
II#2006-01-29               -1.34514e-05   0.002967 -0.00453  0.9964
II#2006-03-05                -0.00421709   0.003251    -1.30  0.1954
II#2006-03-19                 0.00126448   0.003136    0.403  0.6870
II#2006-04-02                -0.00367749   0.003108    -1.18  0.2376
II#2006-04-09                -0.00488794   0.003142    -1.56  0.1207
II#2006-04-23                -0.00848575   0.003021    -2.81  0.0053
II#2006-04-30                -0.00422213   0.003080    -1.37  0.1714
II#2006-05-07                -0.00281946   0.002992   -0.942  0.3466
II#2006-06-04                0.000720739   0.002996    0.241  0.8100
II#2006-06-11                 0.00165912   0.003094    0.536  0.5922
II#2006-06-18                 0.00138487   0.003003    0.461  0.6450
II#2006-06-25                -0.00520989   0.002999    -1.74  0.0832
II#2006-07-02                -0.00212422   0.002942   -0.722  0.4708
II#2006-07-09                 -0.0122025   0.002981    -4.09  0.0001
II#2006-07-16                -0.00614828   0.002954    -2.08  0.0381
II#2006-07-30                 -0.0129160   0.002866    -4.51  0.0000
II#2006-08-20                  0.0200929   0.002844     7.06  0.0000
II#2006-08-27                  0.0160525   0.002973     5.40  0.0000
II#2006-10-08                 0.00227119   0.002861    0.794  0.4278
II#2006-12-17                0.000631975   0.002799    0.226  0.8215
II#2007-02-11                -0.00973166   0.002947    -3.30  0.0011
II#2007-03-18                 -0.0152297   0.002954    -5.16  0.0000
II#2007-04-08                -0.00875319   0.002910    -3.01  0.0028
II#2007-04-22                -0.00497163   0.002915    -1.71  0.0890
II#2007-05-27                 0.00389017   0.002781     1.40  0.1627
II#2007-06-03                 0.00239458   0.002883    0.831  0.4068
II#2007-06-10                 -0.0152261   0.002920    -5.21  0.0000
II#2007-06-24                -0.00455956   0.002868    -1.59  0.1128
II#2007-07-22                0.000319168   0.002925    0.109  0.9132
II#2007-07-29                -0.00378776   0.002837    -1.34  0.1827
II#2007-08-26                 0.00732148   0.003037     2.41  0.0164
II#2007-09-16                -0.00278472   0.002926   -0.952  0.3418
II#2007-09-30                 0.00786007   0.002822     2.78  0.0057
II#2007-10-14                 0.00504775   0.002803     1.80  0.0726
II#2007-10-21                 0.00143290   0.002826    0.507  0.6124
II#2007-10-28                8.72509e-05   0.002887   0.0302  0.9759
II#2007-11-11                -0.00312580   0.002892    -1.08  0.2806
II#2007-11-18                 0.00253505   0.002938    0.863  0.3888
II#2007-11-25                -0.00483117   0.003061    -1.58  0.1154
II#2007-12-02                 0.00504075   0.003060     1.65  0.1004
II#2007-12-09                -0.00586448   0.003086    -1.90  0.0583
II#2007-12-16                  0.0136051   0.003143     4.33  0.0000
II#2007-12-23                -0.00414174   0.003053    -1.36  0.1758
II#2007-12-30                 0.00145529   0.003018    0.482  0.6300
II#2008-01-06                 0.00333854   0.003060     1.09  0.2761
II#2008-01-13                 0.00394153   0.003032     1.30  0.1945
II#2008-01-20                -0.00495389   0.003081    -1.61  0.1088
II#2008-01-27                 0.00708765   0.003238     2.19  0.0293
II#2008-02-03                 0.00449535   0.003186     1.41  0.1592
II#2008-03-02                 0.00354143   0.003030     1.17  0.2433
II#2008-03-16                 -0.0111316   0.003121    -3.57  0.0004
II#2008-03-23                  0.0134640   0.003033     4.44  0.0000
II#2008-04-13                -0.00296030   0.003100   -0.955  0.3403
II#2008-04-27                -0.00373174   0.003031    -1.23  0.2190
II#2008-05-04                 0.00276485   0.004193    0.659  0.5101
II#2008-05-18                0.000110601   0.004145   0.0267  0.9787
II#2008-05-25                -0.00344295   0.003687   -0.934  0.3510
II#2008-06-29                  0.0139842   0.003901     3.58  0.0004
II#2008-07-06                -0.00480657   0.002889    -1.66  0.0971
II#2008-07-13                 0.00890202   0.002899     3.07  0.0023
II#2008-07-20                 0.00640694   0.003011     2.13  0.0341
II#2008-08-10                 0.00349282   0.002880     1.21  0.2260
II#2008-08-17                -0.00560061   0.002877    -1.95  0.0524
II#2008-08-24                  0.0127172   0.002955     4.30  0.0000
II#2008-09-14                 -0.0119069   0.002921    -4.08  0.0001
II#2008-11-16                 0.00398460   0.003392     1.17  0.2409
II#2008-12-14               -0.000928207   0.003119   -0.298  0.7662
II#2008-12-21                -0.00777674   0.003014    -2.58  0.0103
II#2009-02-08                -0.00953599   0.002907    -3.28  0.0011
II#2009-02-15                  0.0100949   0.002905     3.48  0.0006
II#2009-03-15               -6.99774e-05   0.002942  -0.0238  0.9810
II#2009-03-22               -0.000716381   0.002918   -0.246  0.8062
II#2009-04-26                -0.00620269   0.002884    -2.15  0.0322
II#2009-05-03                -0.00399304   0.002917    -1.37  0.1720
II#2009-05-17                 0.00813950   0.002814     2.89  0.0041
II#2009-05-31                -0.00716906   0.002812    -2.55  0.0112
II#2009-06-28                -0.00336966   0.002913    -1.16  0.2482
II#2009-07-12                 0.00400593   0.002955     1.36  0.1762
II#2009-07-26                 0.00237537   0.002905    0.818  0.4141
II#2009-08-09                -0.00476982   0.003085    -1.55  0.1230
II#2009-08-16                 -0.0170887   0.002968    -5.76  0.0000
II#2009-08-23                 -0.0159740   0.003017    -5.29  0.0000
II#2009-08-30                 -0.0185737   0.002957    -6.28  0.0000
II#2009-09-06                 -0.0189953   0.002913    -6.52  0.0000
II#2009-09-13                  0.0617642   0.002982     20.7  0.0000
II#2009-09-20                  0.0116698   0.003425     3.41  0.0007
II#2009-09-27                -0.00664959   0.003735    -1.78  0.0759
II#2009-10-04                  0.0129039   0.003603     3.58  0.0004
II#2009-10-18                 0.00448098   0.003566     1.26  0.2097
II#2009-10-25                  0.0128431   0.003483     3.69  0.0003
II#2009-11-22                 -0.0162929   0.002971    -5.48  0.0000
II#2009-11-29                  0.0137740   0.002943     4.68  0.0000
II#2009-12-06                 -0.0124344   0.002937    -4.23  0.0000
II#2010-01-03                  0.0213876   0.002893     7.39  0.0000
II#2010-01-10                 -0.0202934   0.002925    -6.94  0.0000
II#2010-01-17                 0.00561787   0.003097     1.81  0.0706
II#2010-01-24                  0.0170998   0.003006     5.69  0.0000
II#2010-01-31                -0.00480882   0.003421    -1.41  0.1607
II#2010-02-07                -0.00796360   0.003422    -2.33  0.0205
II#2010-03-07                -0.00598680   0.003329    -1.80  0.0730
II#2010-04-04                -0.00607345   0.002866    -2.12  0.0348
II#2010-04-18                -0.00581358   0.002827    -2.06  0.0405
II#2010-05-09                -0.00428254   0.002842    -1.51  0.1328
II#2010-06-06                 0.00650862   0.002888     2.25  0.0249
II#2010-06-13                -0.00942250   0.002866    -3.29  0.0011
II#2010-09-19                 0.00667767   0.002751     2.43  0.0157
II#2010-10-17                  0.0196285   0.002997     6.55  0.0000
II#2011-02-27                  0.0136241   0.002824     4.82  0.0000
II#2011-03-27                  0.0174438   0.003156     5.53  0.0000
II#2011-04-03                -0.00271887   0.003275   -0.830  0.4071
II#2011-04-17                  0.0120808   0.003314     3.65  0.0003
II#2011-05-01                  0.0226333   0.003348     6.76  0.0000
II#2011-05-15                 -0.0422203   0.003438    -12.3  0.0000
II#2011-05-29                -0.00287682   0.003439   -0.837  0.4034
II#2012-02-12                -0.00876019   0.002738    -3.20  0.0015
II#2012-08-05               -0.000515912   0.002892   -0.178  0.8585
II#2012-08-19                0.000434742   0.002906    0.150  0.8812
II#2012-09-30                 0.00318278   0.002799     1.14  0.2563
II#2013-02-03                  0.0169890   0.003056     5.56  0.0000
II#2013-02-10                -0.00661462   0.003052    -2.17  0.0309
II#2013-02-24                 -0.0106498   0.003132    -3.40  0.0008
II#2013-12-01                 0.00922236   0.003060     3.01  0.0028
II#2014-02-23                  0.0208906   0.002833     7.37  0.0000
II#2014-03-09                -0.00907443   0.002874    -3.16  0.0017
II#2014-03-16                  0.0579816   0.002815     20.6  0.0000
II#2014-03-23                 -0.0243939   0.003269    -7.46  0.0000
II#2014-03-30                  0.0115271   0.003392     3.40  0.0008
II#2014-04-06               -0.000339773   0.003575  -0.0950  0.9243
II#2014-05-18                 0.00143606   0.002907    0.494  0.6216
II#2014-06-08               -0.000163858   0.002845  -0.0576  0.9541
II#2014-06-15                -0.00124770   0.002823   -0.442  0.6587
II#2014-07-13                -0.00123271   0.002811   -0.439  0.6613
II#2014-07-27                -0.00857946   0.002731    -3.14  0.0018
II#2014-09-21                -0.00603858   0.002730    -2.21  0.0276
II#2014-11-16                 0.00272162   0.002840    0.958  0.3387
II#2014-12-07                -0.00758522   0.002883    -2.63  0.0089
II#2014-12-14                 0.00238521   0.002805    0.850  0.3957
II#2015-02-01                  0.0421811   0.003515     12.0  0.0000
II#2015-02-22                -0.00389158   0.003680    -1.06  0.2911
II#2015-03-01                 -0.0110188   0.003431    -3.21  0.0014
II#2015-03-08                 -0.0154631   0.003409    -4.54  0.0000
II#2015-03-22                -0.00957541   0.003505    -2.73  0.0066
II#2015-03-29                 0.00648367   0.003374     1.92  0.0555
II#2015-04-05                -0.00314312   0.002953    -1.06  0.2879
II#2015-05-03                -0.00487506   0.002795    -1.74  0.0820
II#2015-08-16                  0.0124635   0.002883     4.32  0.0000
II#2015-08-23                  0.0121615   0.002817     4.32  0.0000
II#2015-09-06                 -0.0182491   0.002996    -6.09  0.0000
II#2015-09-13                 -0.0276676   0.002957    -9.36  0.0000
II#2015-10-04                  0.0479731   0.003519     13.6  0.0000
II#2015-10-11                -0.00207153   0.003539   -0.585  0.5587
II#2015-10-18                 0.00381602   0.003951    0.966  0.3348
II#2015-10-25                 -0.0182173   0.003692    -4.93  0.0000
II#2015-11-15                -0.00148858   0.003417   -0.436  0.6633
II#2015-11-22               -0.000926730   0.003698   -0.251  0.8022
II#2015-12-06                -0.00399085   0.003129    -1.28  0.2030
II#2015-12-20                 0.00671917   0.002983     2.25  0.0249
II#2016-01-24                -0.00676961   0.002902    -2.33  0.0203
II#2016-01-31                  0.0149283   0.002954     5.05  0.0000
II#2016-02-14                 0.00618646   0.002936     2.11  0.0359
II#2016-02-21                 -0.0154742   0.003046    -5.08  0.0000
II#2016-03-06                -0.00128638   0.003084   -0.417  0.6768
II#2016-04-03                 0.00695063   0.002866     2.43  0.0158
II#2016-04-17                -0.00775145   0.002888    -2.68  0.0076
II#2016-04-24                 0.00297698   0.002923     1.02  0.3091
II#2016-05-29                 0.00209038   0.002885    0.724  0.4693
II#2016-07-17                 -0.0134722   0.002750    -4.90  0.0000
II#2016-07-31                 0.00691185   0.002829     2.44  0.0151
II#2016-09-04                -0.00888151   0.002821    -3.15  0.0018
II#2016-11-13                 0.00708307   0.002866     2.47  0.0139
II#2016-11-27                 0.00666145   0.002922     2.28  0.0232
II#2016-12-04                 0.00178632   0.002944    0.607  0.5444
II#2016-12-11                  0.0127334   0.002873     4.43  0.0000
II#2016-12-25                0.000315363   0.002874    0.110  0.9127
II#2017-02-05                -0.00836075   0.002797    -2.99  0.0030
II#2017-02-12                 0.00255708   0.002773    0.922  0.3570
II#2017-03-12                -0.00588490   0.002824    -2.08  0.0379
II#2017-04-23                 -0.0146484   0.002874    -5.10  0.0000
II#2017-05-28                  0.0119040   0.002871     4.15  0.0000
II#2017-06-04                -0.00931445   0.002920    -3.19  0.0016
II#2017-06-18                 -0.0109420   0.002835    -3.86  0.0001
II#2017-06-25                -0.00340199   0.002974    -1.14  0.2535
II#2017-07-23                  0.0437697   0.003911     11.2  0.0000
II#2017-07-30                 -0.0213178   0.003921    -5.44  0.0000
II#2017-08-06                0.000394350   0.003851    0.102  0.9185
II#2017-08-13                 -0.0370184   0.004128    -8.97  0.0000
II#2017-08-20                -0.00947803   0.003975    -2.38  0.0177
II#2017-08-27                  0.0111353   0.004004     2.78  0.0057
II#2017-09-10                 -0.0239060   0.004303    -5.56  0.0000
II#2017-09-17                 -0.0119042   0.004204    -2.83  0.0049
II#2017-09-24                  0.0135436   0.003546     3.82  0.0002
II#2017-10-01                -0.00952801   0.003509    -2.72  0.0070
II#2017-10-15                -0.00488295   0.003231    -1.51  0.1316
II#2017-10-29                  0.0150520   0.003449     4.36  0.0000
II#2017-11-05                 0.00741115   0.003327     2.23  0.0266
II#2017-11-19                 0.00830318   0.003236     2.57  0.0107
II#2017-11-26                -0.00667718   0.003150    -2.12  0.0347
II#2017-12-03                  0.0297815   0.003157     9.43  0.0000
II#2017-12-17                -0.00624744   0.003173    -1.97  0.0498
II#2017-12-31                -0.00364550   0.003234    -1.13  0.2604
II#2018-01-07                  0.0275496   0.003160     8.72  0.0000
II#2018-01-21                -0.00964813   0.003121    -3.09  0.0022
II#2018-03-11                 0.00840398   0.002797     3.00  0.0029
II#2018-03-18                -0.00271165   0.002813   -0.964  0.3358
II#2018-04-01                 -0.0214927   0.002820    -7.62  0.0000
II#2018-04-08                -0.00892937   0.002838    -3.15  0.0018
II#2018-05-13                  0.0152180   0.002915     5.22  0.0000
II#2018-05-20               -0.000808831   0.003280   -0.247  0.8053
II#2018-05-27                  0.0160560   0.003622     4.43  0.0000
II#2018-06-03                 -0.0259539   0.004919    -5.28  0.0000
II#2018-06-10                 -0.0342556   0.004539    -7.55  0.0000
II#2018-06-17                  0.0264457   0.005168     5.12  0.0000
II#2018-07-08                  0.0286424   0.004526     6.33  0.0000
II#2018-07-29                 -0.0152237   0.004481    -3.40  0.0008
II#2018-08-05                -0.00678060   0.003198    -2.12  0.0347
II#2018-08-12                 0.00532995   0.003092     1.72  0.0856
II#2018-08-19                -0.00130582   0.003003   -0.435  0.6639
II#2018-09-02                  0.0106005   0.003086     3.43  0.0007
II#2018-09-09                 0.00955987   0.003308     2.89  0.0041
II#2018-09-23                -0.00799097   0.003377    -2.37  0.0185
II#2018-10-21                 -0.0101923   0.003108    -3.28  0.0011
II#2018-11-18                 -0.0161234   0.002920    -5.52  0.0000
II#2018-11-25                -0.00689078   0.002941    -2.34  0.0197
D_star_ETANOL_HIDRATADO  U    0.00317096    0.02506    0.127  0.8994
D_star_ETANOL_HIDRATADO_1U    -0.0340705    0.02899    -1.18  0.2407
D_star_ETANOL_HIDRATADO_2U   -0.00231755    0.02891  -0.0802  0.9362
D_star_ETANOL_HIDRATADO_3U    -0.0685118    0.02793    -2.45  0.0147
D_star_ETANOL_HIDRATADO_4U     0.0708074    0.02880     2.46  0.0144
D_star_ETANOL_HIDRATADO_5U     0.0461552    0.02842     1.62  0.1053
D_star_ETANOL_HIDRATADO_6U    -0.0328606    0.02540    -1.29  0.1966
D_star_ETANOL_HIDRATADO_7U    -0.0374686    0.02749    -1.36  0.1738
D_star_ETANOL_HIDRATADO_8U     0.0111980    0.02530    0.443  0.6583
D_star_OLEO_DIESEL       U    -0.0437906    0.03951    -1.11  0.2684
D_star_OLEO_DIESEL_1     U     0.0341793    0.03208     1.07  0.2874
D_star_OLEO_DIESEL_2     U     0.0231745    0.04633    0.500  0.6172
D_star_OLEO_DIESEL_3     U    -0.0112571    0.03677   -0.306  0.7597
D_star_OLEO_DIESEL_4     U     0.0263340    0.02956    0.891  0.3736
D_star_OLEO_DIESEL_5     U    -0.0121475    0.03266   -0.372  0.7102
D_star_OLEO_DIESEL_6     U     0.0484789    0.02984     1.62  0.1051
D_star_OLEO_DIESEL_7     U    -0.0820853    0.02872    -2.86  0.0045
D_star_OLEO_DIESEL_8     U     -0.185791    0.04105    -4.53  0.0000
D_star_GASOLINA_COMUM    U      0.268330    0.05017     5.35  0.0000
D_star_GASOLINA_COMUM_1  U      0.192831    0.04514     4.27  0.0000
D_star_GASOLINA_COMUM_2  U     0.0885272    0.04903     1.81  0.0719
D_star_GASOLINA_COMUM_3  U      0.142487    0.05125     2.78  0.0057
D_star_GASOLINA_COMUM_4  U    -0.0790228    0.04489    -1.76  0.0792
D_star_GASOLINA_COMUM_5  U     0.0597893    0.04522     1.32  0.1870
D_star_GASOLINA_COMUM_6  U     0.0855142    0.03828     2.23  0.0261
D_star_GASOLINA_COMUM_7  U     0.0834008    0.04356     1.91  0.0564
D_star_GASOLINA_COMUM_8  U      0.120434    0.05054     2.38  0.0177
betaZ_1                  U      0.000000        ---
D_brent                  U   -0.00500093   0.003975    -1.26  0.2092
D_brent_1                U   0.000409928   0.004360   0.0940  0.9252
D_brent_2                U   -0.00198610   0.004358   -0.456  0.6489
D_brent_3                U    0.00510263   0.004528     1.13  0.2605
D_brent_4                U  -0.000928943   0.004298   -0.216  0.8290
D_brent_5                U     0.0146442   0.004504     3.25  0.0013
D_brent_6                U   -0.00989183   0.004375    -2.26  0.0244
D_brent_7                U    0.00133362   0.004657    0.286  0.7748
D_brent_8                U   -0.00742114   0.004617    -1.61  0.1089
D_lnCambio               U    -0.0165001   0.008118    -2.03  0.0429
D_lnCambio_1             U     0.0208745   0.008155     2.56  0.0109
D_lnCambio_2             U   -0.00857835   0.008525    -1.01  0.3150
D_lnCambio_3             U   -0.00265405   0.008764   -0.303  0.7622
D_lnCambio_4             U    0.00600985   0.008642    0.695  0.4873
D_lnCambio_5             U     0.0418402   0.008592     4.87  0.0000
D_lnCambio_6             U    -0.0144778   0.009025    -1.60  0.1096
D_lnCambio_7             U    -0.0145723   0.008882    -1.64  0.1018
D_lnCambio_8             U    0.00344603   0.008762    0.393  0.6943
Constant                 U   0.000166226  0.0001346     1.23  0.2178
CSeasonal                U    0.00259388   0.001443     1.80  0.0731
CSeasonal_1              U   0.000260301   0.001418    0.184  0.8544
CSeasonal_2              U    0.00187390   0.001359     1.38  0.1689
CSeasonal_3              U    0.00331334   0.001322     2.51  0.0127
CSeasonal_4              U    0.00125757   0.001426    0.882  0.3786
CSeasonal_5              U    0.00164785   0.001342     1.23  0.2202
CSeasonal_6              U    0.00114509   0.001304    0.878  0.3806
CSeasonal_7              U  -0.000303165   0.001330   -0.228  0.8198
CSeasonal_8              U  -0.000184133   0.001402   -0.131  0.8956
CSeasonal_9              U  -9.57178e-05   0.001439  -0.0665  0.9470
CSeasonal_10             U  -0.000631578   0.001424   -0.443  0.6577
CSeasonal_11             U    0.00183102   0.001380     1.33  0.1853
CSeasonal_12             U    0.00211118   0.001377     1.53  0.1262
CSeasonal_13             U   0.000982724   0.001379    0.713  0.4764
CSeasonal_14             U  -0.000360422   0.001370   -0.263  0.7926
CSeasonal_15             U    0.00160305   0.001334     1.20  0.2302
CSeasonal_16             U    0.00322419   0.001341     2.40  0.0167
CSeasonal_17             U    0.00127555   0.001291    0.988  0.3238
CSeasonal_18             U  -0.000802180   0.001416   -0.567  0.5713
CSeasonal_19             U   -0.00169253   0.001371    -1.23  0.2179
CSeasonal_20             U    0.00118462   0.001563    0.758  0.4490
CSeasonal_21             U    0.00153033   0.001324     1.16  0.2486
CSeasonal_22             U   0.000294963   0.001298    0.227  0.8204
CSeasonal_23             U    0.00213131   0.001433     1.49  0.1379
CSeasonal_24             U    0.00251022   0.001377     1.82  0.0692
CSeasonal_25             U  -0.000235309   0.001339   -0.176  0.8606
CSeasonal_26             U  -8.69500e-05   0.001391  -0.0625  0.9502
CSeasonal_27             U   1.32014e-05   0.001362  0.00969  0.9923
CSeasonal_28             U   0.000163978   0.001375    0.119  0.9051
CSeasonal_29             U   8.39959e-05   0.001358   0.0619  0.9507
CSeasonal_30             U   0.000847826   0.001331    0.637  0.5246
CSeasonal_31             U   -0.00170809   0.001345    -1.27  0.2049
CSeasonal_32             U   0.000325943   0.001342    0.243  0.8083
CSeasonal_33             U   0.000343252   0.001407    0.244  0.8073
CSeasonal_34             U   -0.00100663   0.001389   -0.725  0.4692
CSeasonal_35             U    0.00119404   0.001466    0.815  0.4158
CSeasonal_36             U   -0.00109457   0.001519   -0.721  0.4717
CSeasonal_37             U  -1.74942e-06   0.001311 -0.00133  0.9989
CSeasonal_38             U  -7.21647e-05   0.001300  -0.0555  0.9558
CSeasonal_39             U   0.000557016   0.001333    0.418  0.6762
CSeasonal_40             U   0.000361993   0.001328    0.273  0.7854
CSeasonal_41             U   -0.00163701   0.001356    -1.21  0.2281
CSeasonal_42             U  -0.000329388   0.001329   -0.248  0.8044
CSeasonal_43             U    0.00123218   0.001337    0.922  0.3572
CSeasonal_44             U  -0.000183847   0.001445   -0.127  0.8988
CSeasonal_45             U   0.000534234   0.001434    0.373  0.7096
CSeasonal_46             U  -0.000765637   0.001313   -0.583  0.5601
CSeasonal_47             U    0.00160614   0.001448     1.11  0.2682
CSeasonal_48             U   0.000994311   0.001344    0.740  0.4600
CSeasonal_49             U    0.00101544   0.001543    0.658  0.5109
CSeasonal_50             U   -0.00161944   0.001437    -1.13  0.2605

sigma = 0.0025236   RSS = 0.002178049016

*** Warning: unrestricted regressors are linearly dependent (numerically or exact)

log-likelihood     10207.8317  -T/2log|Omega|     13251.4548
|Omega|        7.98001374e-17  log|Y'Y/T|        -28.4196466
R^2(LR)              0.999824  R^2(LM)              0.941519
no. of observations       715  no. of parameters        1119

F-test on regressors except unrestricted: F(825,1020) = 20.8641 [0.0000] **
F-tests on retained regressors, F(3,340) =
D_R_1_ETANOL_HIDRATADO_1       2.79174 [0.040]* D_R_1_ETANOL_HIDRATADO_2       3.14464 [0.025]* 
D_R_1_ETANOL_HIDRATADO_3     0.0512384 [0.985]  D_R_1_ETANOL_HIDRATADO_4       4.83294 [0.003]**
D_R_1_ETANOL_HIDRATADO_5       3.15959 [0.025]* D_R_1_ETANOL_HIDRATADO_6       1.97197 [0.118]  
D_R_1_ETANOL_HIDRATADO_7      0.126034 [0.945]  D_R_1_ETANOL_HIDRATADO_8       1.29970 [0.274]  
D_R_1_OLEO_DIESEL_1       24.3791 [0.000]**D_R_1_OLEO_DIESEL_2       2.27223 [0.080]  
D_R_1_OLEO_DIESEL_3       5.54601 [0.001]**D_R_1_OLEO_DIESEL_4       3.82774 [0.010]* 
D_R_1_OLEO_DIESEL_5       3.55828 [0.015]* D_R_1_OLEO_DIESEL_6       3.93713 [0.009]**
D_R_1_OLEO_DIESEL_7       1.00140 [0.392]  D_R_1_OLEO_DIESEL_8       2.52368 [0.058]  
D_R_1_GASOLINA_COMUM_1       2.22184 [0.085]  D_R_1_GASOLINA_COMUM_2       4.50895 [0.004]**
D_R_1_GASOLINA_COMUM_3      0.543448 [0.653]  D_R_1_GASOLINA_COMUM_4       3.56329 [0.014]* 
D_R_1_GASOLINA_COMUM_5       2.89947 [0.035]* D_R_1_GASOLINA_COMUM_6       1.00488 [0.391]  
D_R_1_GASOLINA_COMUM_7       3.32608 [0.020]* D_R_1_GASOLINA_COMUM_8       3.68264 [0.012]* 
II#2005-05-01       3.87833 [0.009]**II#2005-05-08       2.48315 [0.061]  
II#2005-05-15       2.67788 [0.047]* II#2005-06-05       4.40169 [0.005]**
II#2005-06-12       5.34572 [0.001]**II#2005-06-19       3.86345 [0.010]**
II#2005-06-26       9.45617 [0.000]**II#2005-07-10       7.27932 [0.000]**
II#2005-07-17       18.0809 [0.000]**II#2005-08-07       6.28526 [0.000]**
II#2005-08-14       29.0327 [0.000]**II#2005-08-21       32.3233 [0.000]**
II#2005-08-28       22.9723 [0.000]**II#2005-09-04       29.3692 [0.000]**
II#2005-09-18       61.2505 [0.000]**II#2005-09-25       6.61469 [0.000]**
II#2005-10-09       17.4244 [0.000]**II#2005-10-16       34.5205 [0.000]**
II#2005-10-30       12.2846 [0.000]**II#2005-11-06       6.69765 [0.000]**
II#2005-11-13       39.7024 [0.000]**II#2005-11-20       2.73425 [0.044]* 
II#2005-11-27       6.03130 [0.001]**II#2005-12-04       8.87205 [0.000]**
II#2005-12-11       11.1215 [0.000]**II#2005-12-18       4.69352 [0.003]**
II#2006-01-08       111.995 [0.000]**II#2006-01-22       6.30966 [0.000]**
II#2006-01-29       4.64803 [0.003]**II#2006-03-05       68.4978 [0.000]**
II#2006-03-19       3.15641 [0.025]* II#2006-04-02       10.2709 [0.000]**
II#2006-04-09       3.89663 [0.009]**II#2006-04-23       4.05898 [0.007]**
II#2006-04-30       3.25560 [0.022]* II#2006-05-07       13.3508 [0.000]**
II#2006-06-04       5.49872 [0.001]**II#2006-06-11       2.81717 [0.039]* 
II#2006-06-18       17.3027 [0.000]**II#2006-06-25       3.96967 [0.008]**
II#2006-07-02       4.71423 [0.003]**II#2006-07-09       5.82519 [0.001]**
II#2006-07-16       2.30390 [0.077]  II#2006-07-30       6.79145 [0.000]**
II#2006-08-20       23.3991 [0.000]**II#2006-08-27       10.6335 [0.000]**
II#2006-10-08       2.72976 [0.044]* II#2006-12-17       5.42871 [0.001]**
II#2007-02-11       4.84652 [0.003]**II#2007-03-18       10.4866 [0.000]**
II#2007-04-08       7.74716 [0.000]**II#2007-04-22       2.89146 [0.035]* 
II#2007-05-27       18.9931 [0.000]**II#2007-06-03       8.37238 [0.000]**
II#2007-06-10       15.6725 [0.000]**II#2007-06-24       14.9648 [0.000]**
II#2007-07-22       18.5865 [0.000]**II#2007-07-29       23.5811 [0.000]**
II#2007-08-26       3.75544 [0.011]* II#2007-09-16       3.79360 [0.011]* 
II#2007-09-30       3.11726 [0.026]* II#2007-10-14       3.19692 [0.024]* 
II#2007-10-21       25.5996 [0.000]**II#2007-10-28       19.4785 [0.000]**
II#2007-11-11       6.47990 [0.000]**II#2007-11-18       12.9175 [0.000]**
II#2007-11-25       43.2286 [0.000]**II#2007-12-02       28.8823 [0.000]**
II#2007-12-09       25.3090 [0.000]**II#2007-12-16       17.6742 [0.000]**
II#2007-12-23       23.3992 [0.000]**II#2007-12-30       77.8544 [0.000]**
II#2008-01-06       5.83102 [0.001]**II#2008-01-13       13.9386 [0.000]**
II#2008-01-20       95.5233 [0.000]**II#2008-01-27       4.31787 [0.005]**
II#2008-02-03       6.09297 [0.000]**II#2008-03-02       5.41509 [0.001]**
II#2008-03-16       4.29008 [0.005]**II#2008-03-23       7.42969 [0.000]**
II#2008-04-13       8.41206 [0.000]**II#2008-04-27       7.07223 [0.000]**
II#2008-05-04       6.99875 [0.000]**II#2008-05-18       2.65754 [0.048]* 
II#2008-05-25       12.0128 [0.000]**II#2008-06-29       4.62339 [0.003]**
II#2008-07-06       5.57184 [0.001]**II#2008-07-13       15.8690 [0.000]**
II#2008-07-20       2.18606 [0.089]  II#2008-08-10       3.48228 [0.016]* 
II#2008-08-17       3.29738 [0.021]* II#2008-08-24       7.87009 [0.000]**
II#2008-09-14       11.0418 [0.000]**II#2008-11-16       6.07554 [0.000]**
II#2008-12-14       2.65690 [0.048]* II#2008-12-21       4.42631 [0.005]**
II#2009-02-08       4.67501 [0.003]**II#2009-02-15       6.93396 [0.000]**
II#2009-03-15       8.27678 [0.000]**II#2009-03-22       3.45081 [0.017]* 
II#2009-04-26       3.99596 [0.008]**II#2009-05-03       3.55384 [0.015]* 
II#2009-05-17       3.93994 [0.009]**II#2009-05-31       3.52231 [0.015]* 
II#2009-06-28       14.9995 [0.000]**II#2009-07-12       3.43158 [0.017]* 
II#2009-07-26       3.88584 [0.009]**II#2009-08-09       9.06957 [0.000]**
II#2009-08-16       13.6733 [0.000]**II#2009-08-23       9.83608 [0.000]**
II#2009-08-30       14.6777 [0.000]**II#2009-09-06       17.2981 [0.000]**
II#2009-09-13       184.994 [0.000]**II#2009-09-20       64.8850 [0.000]**
II#2009-09-27       4.70387 [0.003]**II#2009-10-04       7.46497 [0.000]**
II#2009-10-18       10.2462 [0.000]**II#2009-10-25       6.14473 [0.000]**
II#2009-11-22       10.1278 [0.000]**II#2009-11-29       28.3723 [0.000]**
II#2009-12-06       8.21649 [0.000]**II#2010-01-03       42.1128 [0.000]**
II#2010-01-10       46.3034 [0.000]**II#2010-01-17       8.47645 [0.000]**
II#2010-01-24       224.166 [0.000]**II#2010-01-31       6.54687 [0.000]**
II#2010-02-07       3.24937 [0.022]* II#2010-03-07       5.49687 [0.001]**
II#2010-04-04       6.78305 [0.000]**II#2010-04-18       9.45233 [0.000]**
II#2010-05-09       15.8826 [0.000]**II#2010-06-06       6.70308 [0.000]**
II#2010-06-13       16.3606 [0.000]**II#2010-09-19       117.585 [0.000]**
II#2010-10-17       41.3746 [0.000]**II#2011-02-27       114.032 [0.000]**
II#2011-03-27       18.3664 [0.000]**II#2011-04-03       55.7846 [0.000]**
II#2011-04-17       7.49633 [0.000]**II#2011-05-01       17.6046 [0.000]**
II#2011-05-15       55.0156 [0.000]**II#2011-05-29       18.8617 [0.000]**
II#2012-02-12       17.1287 [0.000]**II#2012-08-05       4.72461 [0.003]**
II#2012-08-19       13.3113 [0.000]**II#2012-09-30       35.2827 [0.000]**
II#2013-02-03       28.9825 [0.000]**II#2013-02-10       8.43633 [0.000]**
II#2013-02-24       9.40626 [0.000]**II#2013-12-01       16.2230 [0.000]**
II#2014-02-23       28.3484 [0.000]**II#2014-03-09       9.66995 [0.000]**
II#2014-03-16       171.582 [0.000]**II#2014-03-23       21.1504 [0.000]**
II#2014-03-30       30.7435 [0.000]**II#2014-04-06       19.4609 [0.000]**
II#2014-05-18       61.0478 [0.000]**II#2014-06-08       3.51890 [0.015]* 
II#2014-06-15       22.3154 [0.000]**II#2014-07-13       2.80584 [0.040]* 
II#2014-07-27       3.68574 [0.012]* II#2014-09-21       4.99331 [0.002]**
II#2014-11-16       3.96608 [0.008]**II#2014-12-07       2.34370 [0.073]  
II#2014-12-14       2.94750 [0.033]* II#2015-02-01       59.9066 [0.000]**
II#2015-02-22       2.50364 [0.059]  II#2015-03-01       5.06347 [0.002]**
II#2015-03-08       7.40889 [0.000]**II#2015-03-22       2.83487 [0.038]* 
II#2015-03-29       4.21086 [0.006]**II#2015-04-05       7.80321 [0.000]**
II#2015-05-03       6.26548 [0.000]**II#2015-08-16       13.2922 [0.000]**
II#2015-08-23       13.5222 [0.000]**II#2015-09-06       19.2015 [0.000]**
II#2015-09-13       44.7222 [0.000]**II#2015-10-04       71.6660 [0.000]**
II#2015-10-11       38.0382 [0.000]**II#2015-10-18       5.33736 [0.001]**
II#2015-10-25       9.49804 [0.000]**II#2015-11-15       65.9091 [0.000]**
II#2015-11-22       3.57922 [0.014]* II#2015-12-06       4.19733 [0.006]**
II#2015-12-20       5.88833 [0.001]**II#2016-01-24       17.3318 [0.000]**
II#2016-01-31       18.7656 [0.000]**II#2016-02-14       3.33033 [0.020]* 
II#2016-02-21       15.3562 [0.000]**II#2016-03-06       6.54122 [0.000]**
II#2016-04-03       23.9833 [0.000]**II#2016-04-17       4.33444 [0.005]**
II#2016-04-24       3.21603 [0.023]* II#2016-05-29       2.71525 [0.045]* 
II#2016-07-17       9.31856 [0.000]**II#2016-07-31       2.19760 [0.088]  
II#2016-09-04       4.17789 [0.006]**II#2016-11-13       5.31743 [0.001]**
II#2016-11-27       4.92666 [0.002]**II#2016-12-04       5.22575 [0.002]**
II#2016-12-11       12.7362 [0.000]**II#2016-12-25       5.73671 [0.001]**
II#2017-02-05       3.38042 [0.019]* II#2017-02-12       4.58966 [0.004]**
II#2017-03-12       13.7875 [0.000]**II#2017-04-23       11.1558 [0.000]**
II#2017-05-28       11.6155 [0.000]**II#2017-06-04       5.73870 [0.001]**
II#2017-06-18       79.8955 [0.000]**II#2017-06-25       12.4914 [0.000]**
II#2017-07-23       49.0947 [0.000]**II#2017-07-30       20.7314 [0.000]**
II#2017-08-06       15.9119 [0.000]**II#2017-08-13       52.3356 [0.000]**
II#2017-08-20       8.64393 [0.000]**II#2017-08-27       4.28754 [0.005]**
II#2017-09-10       15.0025 [0.000]**II#2017-09-17       19.8300 [0.000]**
II#2017-09-24       20.4325 [0.000]**II#2017-10-01       9.32203 [0.000]**
II#2017-10-15       8.58724 [0.000]**II#2017-10-29       22.9531 [0.000]**
II#2017-11-05       13.0099 [0.000]**II#2017-11-19       13.6390 [0.000]**
II#2017-11-26       36.6397 [0.000]**II#2017-12-03       85.7507 [0.000]**
II#2017-12-17       6.02086 [0.001]**II#2017-12-31       5.33575 [0.001]**
II#2018-01-07       26.6467 [0.000]**II#2018-01-21       6.28804 [0.000]**
II#2018-03-11       8.85312 [0.000]**II#2018-03-18       12.4197 [0.000]**
II#2018-04-01       32.5041 [0.000]**II#2018-04-08       14.3250 [0.000]**
II#2018-05-13       10.6689 [0.000]**II#2018-05-20       6.53788 [0.000]**
II#2018-05-27       55.8311 [0.000]**II#2018-06-03       99.3079 [0.000]**
II#2018-06-10       22.7857 [0.000]**II#2018-06-17       25.0501 [0.000]**
II#2018-07-08       14.3245 [0.000]**II#2018-07-29       5.75578 [0.001]**
II#2018-08-05       14.5428 [0.000]**II#2018-08-12       9.52577 [0.000]**
II#2018-08-19       10.6739 [0.000]**II#2018-09-02       52.1620 [0.000]**
II#2018-09-09       18.3887 [0.000]**II#2018-09-23       3.22375 [0.023]* 
II#2018-10-21       6.79265 [0.000]**II#2018-11-18       15.0246 [0.000]**
II#2018-11-25       24.8636 [0.000]**D_star_ETANOL_HIDRATADO U     3.16082 [0.025]* 
D_star_ETANOL_HIDRATADO_1 U     3.91567 [0.009]**D_star_ETANOL_HIDRATADO_2 U    0.307671 [0.820]  
D_star_ETANOL_HIDRATADO_3 U     2.12526 [0.097]  D_star_ETANOL_HIDRATADO_4 U     3.45913 [0.017]* 
D_star_ETANOL_HIDRATADO_5 U     8.91198 [0.000]**D_star_ETANOL_HIDRATADO_6 U     1.86946 [0.134]  
D_star_ETANOL_HIDRATADO_7 U     2.59053 [0.053]  D_star_ETANOL_HIDRATADO_8 U    0.264106 [0.851]  
D_star_OLEO_DIESEL U     11.6162 [0.000]**D_star_OLEO_DIESEL_1 U     12.2184 [0.000]**
D_star_OLEO_DIESEL_2 U    0.965293 [0.409]  D_star_OLEO_DIESEL_3 U     15.2045 [0.000]**
D_star_OLEO_DIESEL_4 U     4.18854 [0.006]**D_star_OLEO_DIESEL_5 U     5.11153 [0.002]**
D_star_OLEO_DIESEL_6 U     1.74097 [0.158]  D_star_OLEO_DIESEL_7 U     3.03528 [0.029]* 
D_star_OLEO_DIESEL_8 U     11.5507 [0.000]**D_star_GASOLINA_COMUM U     10.0592 [0.000]**
D_star_GASOLINA_COMUM_1 U     6.60372 [0.000]**D_star_GASOLINA_COMUM_2 U     3.35723 [0.019]* 
D_star_GASOLINA_COMUM_3 U     9.94323 [0.000]**D_star_GASOLINA_COMUM_4 U     2.45738 [0.063]  
D_star_GASOLINA_COMUM_5 U     1.35261 [0.257]  D_star_GASOLINA_COMUM_6 U     1.67428 [0.172]  
D_star_GASOLINA_COMUM_7 U     1.69060 [0.169]  D_star_GASOLINA_COMUM_8 U     6.18368 [0.000]**
     betaZ_1 U        .NaN [.NaN]       D_brent U     2.96779 [0.032]* 
   D_brent_1 U    0.551094 [0.648]     D_brent_2 U     11.5545 [0.000]**
   D_brent_3 U     1.04399 [0.373]     D_brent_4 U     1.39628 [0.244]  
   D_brent_5 U     4.03829 [0.008]**   D_brent_6 U     1.90232 [0.129]  
   D_brent_7 U     2.67709 [0.047]*    D_brent_8 U     1.50153 [0.214]  
  D_lnCambio U     5.95912 [0.001]**D_lnCambio_1 U     2.85619 [0.037]* 
D_lnCambio_2 U    0.694104 [0.556]  D_lnCambio_3 U     2.41235 [0.067]  
D_lnCambio_4 U     3.37095 [0.019]* D_lnCambio_5 U     8.37256 [0.000]**
D_lnCambio_6 U     2.15808 [0.093]  D_lnCambio_7 U     1.00069 [0.393]  
D_lnCambio_8 U    0.369698 [0.775]      Constant U    0.748381 [0.524]  
   CSeasonal U     1.20482 [0.308]   CSeasonal_1 U   0.0466684 [0.987]  
 CSeasonal_2 U    0.633969 [0.594]   CSeasonal_3 U     3.17176 [0.024]* 
 CSeasonal_4 U     2.94653 [0.033]*  CSeasonal_5 U    0.642849 [0.588]  
 CSeasonal_6 U    0.264862 [0.851]   CSeasonal_7 U     1.58093 [0.194]  
 CSeasonal_8 U    0.835679 [0.475]   CSeasonal_9 U     3.71867 [0.012]* 
CSeasonal_10 U    0.665345 [0.574]  CSeasonal_11 U    0.669823 [0.571]  
CSeasonal_12 U     1.63853 [0.180]  CSeasonal_13 U    0.488706 [0.690]  
CSeasonal_14 U    0.538589 [0.656]  CSeasonal_15 U    0.682070 [0.564]  
CSeasonal_16 U     4.60079 [0.004]**CSeasonal_17 U    0.990153 [0.398]  
CSeasonal_18 U     1.81644 [0.144]  CSeasonal_19 U    0.544172 [0.652]  
CSeasonal_20 U    0.856843 [0.464]  CSeasonal_21 U    0.520375 [0.669]  
CSeasonal_22 U    0.831648 [0.477]  CSeasonal_23 U    0.785283 [0.503]  
CSeasonal_24 U     1.79699 [0.147]  CSeasonal_25 U     1.77489 [0.152]  
CSeasonal_26 U    0.752764 [0.521]  CSeasonal_27 U    0.571574 [0.634]  
CSeasonal_28 U    0.549819 [0.649]  CSeasonal_29 U    0.482969 [0.694]  
CSeasonal_30 U     2.07570 [0.103]  CSeasonal_31 U     2.50998 [0.059]  
CSeasonal_32 U    0.749953 [0.523]  CSeasonal_33 U    0.648583 [0.584]  
CSeasonal_34 U    0.647149 [0.585]  CSeasonal_35 U    0.326355 [0.806]  
CSeasonal_36 U    0.174761 [0.913]  CSeasonal_37 U    0.173044 [0.915]  
CSeasonal_38 U    0.593303 [0.620]  CSeasonal_39 U     2.87430 [0.036]* 
CSeasonal_40 U     1.14616 [0.330]  CSeasonal_41 U    0.802168 [0.493]  
CSeasonal_42 U     1.01534 [0.386]  CSeasonal_43 U     1.47724 [0.221]  
CSeasonal_44 U     1.00346 [0.391]  CSeasonal_45 U    0.485755 [0.692]  
CSeasonal_46 U    0.414964 [0.742]  CSeasonal_47 U     2.50298 [0.059]  
CSeasonal_48 U    0.205946 [0.892]  CSeasonal_49 U     2.42528 [0.066]  
CSeasonal_50 U    0.876091 [0.454]  

correlation of URF residuals (standard deviations on diagonal)
                      D_R_1_ETANOL_HIDRATADOD_R_1_OLEO_DIESELD_R_1_GASOLINA_COMUM
D_R_1_ETANOL_HIDRATADO    0.0040574      0.31188      0.33026
D_R_1_OLEO_DIESEL           0.31188    0.0030062      0.28911
D_R_1_GASOLINA_COMUM        0.33026      0.28911    0.0025236
correlation between actual and fitted
D_R_1_ETANOL_HIDRATADOD_R_1_OLEO_DIESELD_R_1_GASOLINA_COMUM
      0.98167      0.97719      0.98023

Single equation statistics
                            mean(Y)        se(Y)        sigma          R^2
D_R_1_ETANOL_HIDRATADO    0.0010185     0.014734    0.0040574      0.96368
D_R_1_OLEO_DIESEL         0.0010233    0.0097971    0.0030062      0.95490
D_R_1_GASOLINA_COMUM     0.00076814    0.0088279    0.0025236      0.96086

Single-equation diagnostics using reduced-form residuals:
                               AR 1-7            ARCH 1-7           Normality              Hetero   
D_R_1_ETANOL_HIDRATADO    1.06 [0.3915]       0.93 [0.4817]     115.39 [0.0000]**     .NaN [1.0000]   
D_R_1_OLEO_DIESEL       1.14 [0.3363]       3.25 [0.0021]**    77.19 [0.0000]**     .NaN [1.0000]   
D_R_1_GASOLINA_COMUM    0.56 [0.7851]       2.64 [0.0108]*     54.61 [0.0000]**     .NaN [1.0000]   

Vector AR 1-7 test:      F(63,953) =  0.82549 [0.8312]  
Vector Normality test:   Chi^2(6)  =   234.13 [0.0000]**
Hetero test: not enough observations
Vector RESET23 test:     F(18,945) =   2.1341 [0.0039]**
When the log-likelihood constant is NOT included:
AIC                  -33.9369  SC                   -26.7812
HQ                   -31.1735  FPE              -3.62261e-16
When the log-likelihood constant is included:
AIC                  -25.4233  SC                   -18.2675
HQ                   -22.6599  FPE              -1.80486e-12

          AIC           SC           HQ          FPE
      -25.423      -18.268      -22.660  -1.8049e-12
>>> AIC: -25.4233
>>> SC: -18.2675
>>> HQ: -22.6599
Fazendo aquisicao de parametros
Processo Extracao da matriz de saturacao (IIS)
Processo Extracao da matriz de longo prazo
Processo Lambda iniciado
Processo Lambda finalizado
Processo Phi iniciado
Processo Phi finalizado
Processo U iniciado
Processo U finalizado
Processo Extracao das variaveis macroeconomicas (matrix de longo Prazo inclusive)

Apagando o modelo PcGive referente a regiao 1


*****************************************
             Regiao 2
*****************************************

Iniciando um nomo objeto do tipo PcGive referente a regiao 2
PcGive package version 16.10, object created on  4-06-2025
(C) Jurgen A Doornik - requires a licensed version of PcGive Professional

Carregando base de dados para regiao 2
	Periodo da base de dados
	Data inicial: 2004-5
	Data final: 2018-41
(1) Iniciando construcao das variaveis star para a regiao 2
	Adicionando variavel star da regiao 2
	Adicionando variavel star da regiao 2 (ETANOL_HIDRATADO)
	Adicionando variavel star da regiao 2 (OLEO_DIESEL)
	Adicionando variavel star da regiao 2 (GASOLINA_COMUM)
	Concluido construcao das variaveis star para a regiao 2
(2) Iniciando construcao da variavel Delta para a regiao 2
	Adicionando variavel Delta da regiao 2 (ETANOL_HIDRATADO)
	Adicionando variavel Delta* da regiao 2 (star_ETANOL_HIDRATADO)
	Adicionando variavel Delta da regiao 2 (OLEO_DIESEL)
	Adicionando variavel Delta* da regiao 2 (star_OLEO_DIESEL)
	Adicionando variavel Delta da regiao 2 (GASOLINA_COMUM)
	Adicionando variavel Delta* da regiao 2 (star_GASOLINA_COMUM)
	Concluido construcao da variavel Delta para a regiao 2
(3) Iniciando construcao da variavel beta*Z (Cointegracao) para a regiao 2
	Adicionando variavel R_2_ETANOL_HIDRATADO
	Adicionando variavel R_2_OLEO_DIESEL
	Adicionando variavel R_2_GASOLINA_COMUM
	Adicionando variavel star_ETANOL_HIDRATADO
	Adicionando variavel star_OLEO_DIESEL
	Adicionando variavel star_GASOLINA_COMUM
	Adicionando variavel brent
	Adicionando variavel lnCambio

                ETA          DIS          GAS         ETA*         DIS*         GAS*        brent           FX
T_1         0.46185      0.44767      0.86528     0.060637      0.36163      0.70446       3.6298       1.1361
T_2         0.46006      0.44469      0.86057     0.054518      0.36017      0.70264       3.6192       1.1460
T_3         0.46132      0.45065      0.86668     0.086464      0.36273      0.70562       3.6137       1.1467
T_4         0.45584      0.44543      0.86710      0.12256      0.36011      0.70813       3.6110       1.1436
            0.46541      0.44265      0.86324      0.12539      0.36285      0.71050       3.5694       1.1379
            0.45764      0.46048      0.87094      0.12987      0.37283      0.71682       3.5746       1.1446

                T_1          T_2          T_3          T_4                                                    
ETA          1.0000     -0.57030      -1.7591     -0.74018      0.85589      0.93951    -0.067995    -0.097954
rows: 
[0] = betaZ_1
	Concluido construcao da variavel beta*Z (Cointegracao) para a regiao 2
(4) Iniciando adicao de macrovariaveis para a regiao 2
	Adicao de macrovariaveis em primeira differenca para a regiao 2
(6) Construindo modelo de estimacao da regiao 2
	Adicionando variavel dependente da regiao 2 (ETANOL_HIDRATADO)
	Adicionando variavel dependente da regiao 2 (OLEO_DIESEL)
	Adicionando variavel dependente da regiao 2 (GASOLINA_COMUM)
	Adicionando variavel independente (lag da independente) da regiao 2 (ETANOL_HIDRATADO)
	Adicionando variavel independente (lag da independente) da regiao 2 (OLEO_DIESEL)
	Adicionando variavel independente (lag da independente) da regiao 2 (GASOLINA_COMUM)
	Adicionando variavel star da regiao 2 (ETANOL_HIDRATADO)
	Adicionando variavel star da regiao 2 (OLEO_DIESEL)
	Adicionando variavel star da regiao 2 (GASOLINA_COMUM)
	Adicionado: D_brent
	Adicionado: D_lnCambio
	Adicionado: Constant
	Adicionado: CSeasonal U
Processo IIS LIGADO para esta regiao
INICIANDO ESTIMACAO

Autometrics identification block search over regressors
no. initial regressors    715  no. of observations       715
significance level       0.01  block method         standard
extension effort     standard  reduction effort     standard
block backtesting        GUM0  used in blocks      A,B,C1,D1


A. Step 1: block search for omitted regressors
   significance           0.01  diagnostics             off
   no of blocks              6  blocked by         variable
   0(127):9 1(127):13 2(127):0 3(127):0 4(127):0 5(80):9  found: 31
A. Step 2   size= 31 #pars= 459 loglik=     8555.88 selected: 31

B. Step 1: block search for omitted regressors
   significance           0.01  diagnostics         delayed
   no of blocks              6  blocked by         variable
   0(158):0 1(158):0 2(158):9 3(158):0 4(158):16 5(80):0  found: 25
B. Step 2   size= 56 #pars= 531 loglik=     8917.84 selected: 55

B. Step 1: block search for omitted regressors
   significance           0.01  diagnostics         delayed
   no of blocks              6  blocked by         variable
   0(182):8 1(182):12 2(182):0 3(182):0 4(182):7 5(80):0  found: 27
B. Step 2   size= 82 #pars= 609 loglik=     9200.91 selected: 81

B. Step 1: block search for omitted regressors
   significance           0.01  diagnostics              on
   no of blocks              5  blocked by         variable
   0(208):11 1(208):0 2(208):68 3(208):85 4(207):0  found: 164
B. Step 1 (continued): 
   significance           0.01  diagnostics              on
   0(245):32  found: 32
B. Step 2   size=113 #pars= 705 loglik=     9591.00 selected: 113

B. Step 1: block search for omitted regressors
   significance           0.01  diagnostics              on
   no of blocks              5  blocked by         variable
   0(240):125 1(240):5 2(240):0 3(240):0 4(207):6  found: 136
B. Step 1 (continued): 
   significance           0.01  diagnostics              on
   0(249):128  found: 128
B. Step 2   size=241 #pars=1089 loglik=     10226.8 selected: 241

B. Step 1: block search for omitted regressors
   significance           0.01  diagnostics              on
   no of blocks              4  blocked by         variable
   0(368):10 1(368):0 2(368):0 3(334):1  found: 11
B. Step 2   size=252 #pars=1122 loglik=     10398.0 selected: 252

B. Step 1: block search for omitted regressors
   significance           0.01  diagnostics              on
   no of blocks              4  blocked by         variable
   0(379):0 1(379):0 2(379):0 3(334):13  found: 13
B. Step 2   size=265 #pars=1155 loglik=     10536.2 selected: 263

B. Step 1: block search for omitted regressors
   significance           0.01  diagnostics              on
   no of blocks              4  blocked by         variable
   0(390):5 1(390):0 2(390):0 3(334):0  found: 5
B. Step 2   size=268 #pars=1146 loglik=     10591.9 selected: 260

B. Step 1: block search for omitted regressors
   significance           0.01  diagnostics              on
   no of blocks              4  blocked by         variable
   0(387):0 1(387):5 2(387):0 3(334):1  found: 6
B. Step 2   size=266 #pars=1116 loglik=     10634.2 selected: 250

B. Step 1: block search for omitted regressors
   significance           0.01  diagnostics              on
   no of blocks              4  blocked by         variable
   0(377):0 1(377):0 2(377):0 3(334):0  found: 0

C. Step 1: block search for omitted regressors
   significance           0.02  diagnostics              on
   no of blocks              4  blocked by         variable
   0(377):0 1(377):0 2(377):0 3(334):7  found: 7
C. Step 2   size=257 #pars= 795 loglik=     9884.85 selected: 143

D. Step 1: block search for omitted regressors
   significance           0.01  diagnostics              on
   no of blocks              5  blocked by         variable
   0(270):37 1(270):3 2(270):0 3(270):0 4(207):3  found: 43
D. Step 2   size=186 #pars= 801 loglik=     9931.75 selected: 145

D. Step 1: block search for omitted regressors
   significance           0.01  diagnostics              on
   no of blocks              5  blocked by         variable
   0(272):94 1(272):4 2(272):0 3(272):0 4(207):0  found: 98
D. Step 2   size=243 #pars= 825 loglik=     9997.27 selected: 153

D. Step 1: block search for omitted regressors
   significance           0.01  diagnostics              on
   no of blocks              5  blocked by         variable
   0(280):102 1(280):0 2(280):0 3(280):0 4(207):0  found: 102
D. Step 2   size=255 #pars= 822 loglik=     9989.32 selected: 152

Block search complete, estimated 61623 models in  2:23:35.83
- final selection size=287 regs=287 total= 409 loglik=     10780.8


---------- Autometrics: dimensions of initial GUM ----------
no. of observations       715  no. of parameters        1227
no. free regressors (k1)  287  no. free components (k2)    0
no. of equations            3  no. diagnostic tests        4

Fixed regressors:  D_R_2_ETANOL_HIDRATADO_1 D_R_2_ETANOL_HIDRATADO_2 D_R_2_ETANOL_HIDRATADO_3 D_R_2_ETANOL_HIDRATADO_4
 D_R_2_ETANOL_HIDRATADO_5 D_R_2_ETANOL_HIDRATADO_6 D_R_2_ETANOL_HIDRATADO_7 D_R_2_ETANOL_HIDRATADO_8
 D_R_2_OLEO_DIESEL_1 D_R_2_OLEO_DIESEL_2 D_R_2_OLEO_DIESEL_3 D_R_2_OLEO_DIESEL_4 D_R_2_OLEO_DIESEL_5
 D_R_2_OLEO_DIESEL_6 D_R_2_OLEO_DIESEL_7 D_R_2_OLEO_DIESEL_8 D_R_2_GASOLINA_COMUM_1 D_R_2_GASOLINA_COMUM_2
 D_R_2_GASOLINA_COMUM_3 D_R_2_GASOLINA_COMUM_4 D_R_2_GASOLINA_COMUM_5 D_R_2_GASOLINA_COMUM_6 D_R_2_GASOLINA_COMUM_7
 D_R_2_GASOLINA_COMUM_8 D_star_ETANOL_HIDRATADO D_star_ETANOL_HIDRATADO_1 D_star_ETANOL_HIDRATADO_2 D_star_ETANOL_HIDRATADO_3
 D_star_ETANOL_HIDRATADO_4 D_star_ETANOL_HIDRATADO_5 D_star_ETANOL_HIDRATADO_6 D_star_ETANOL_HIDRATADO_7
 D_star_ETANOL_HIDRATADO_8 D_star_OLEO_DIESEL D_star_OLEO_DIESEL_1 D_star_OLEO_DIESEL_2 D_star_OLEO_DIESEL_3
 D_star_OLEO_DIESEL_4 D_star_OLEO_DIESEL_5 D_star_OLEO_DIESEL_6 D_star_OLEO_DIESEL_7 D_star_OLEO_DIESEL_8
 D_star_GASOLINA_COMUM D_star_GASOLINA_COMUM_1 D_star_GASOLINA_COMUM_2 D_star_GASOLINA_COMUM_3 D_star_GASOLINA_COMUM_4
 D_star_GASOLINA_COMUM_5 D_star_GASOLINA_COMUM_6 D_star_GASOLINA_COMUM_7 D_star_GASOLINA_COMUM_8 betaZ_1
 D_brent D_brent_1 D_brent_2 D_brent_3 D_brent_4 D_brent_5 D_brent_6 D_brent_7 D_brent_8 D_lnCambio D_lnCambio_1
 D_lnCambio_2 D_lnCambio_3 D_lnCambio_4 D_lnCambio_5 D_lnCambio_6 D_lnCambio_7 D_lnCambio_8 Constant
 CSeasonal CSeasonal_1 ... CSeasonal_50

Presearch reduction: none removed

[0.3] Testing GUM 0 at 0.114127:  LRF(861) [0.0000] kept

[1.0] Start of Autometrics tree search

Searching from GUM 0  k= 287 loglik=     10780.8
Found new terminal 1  k= 236 loglik=     10621.4 SC=   -19.838
Found new terminal 2  k= 236 loglik=     10617.4 SC=   -19.827
Found new terminal 3  k= 236 loglik=     10616.5 SC=   -19.824
Found new terminal 4  k= 236 loglik=     10612.0 SC=   -19.812
Found new terminal 5  k= 236 loglik=     10618.8 SC=   -19.831
Found new terminal 6  k= 226 loglik=     10534.8 SC=   -19.872
Found new terminal 7  k= 236 loglik=     10615.8 SC=   -19.822
Found new terminal 8  k= 236 loglik=     10616.0 SC=   -19.823
Found new terminal 9  k= 236 loglik=     10618.7 SC=   -19.830
Found new terminal 10 k= 236 loglik=     10618.7 SC=   -19.830
Found new terminal 11 k= 236 loglik=     10616.6 SC=   -19.825
Found new terminal 12 k= 236 loglik=     10618.4 SC=   -19.830
Found new terminal 13 k= 236 loglik=     10619.3 SC=   -19.832
Found new terminal 14 k= 236 loglik=     10620.5 SC=   -19.835
Found new terminal 15 k= 236 loglik=     10620.0 SC=   -19.834
Found new terminal 16 k= 236 loglik=     10621.4 SC=   -19.838
Found new terminal 17 k= 236 loglik=     10619.1 SC=   -19.831
Found new terminal 18 k= 236 loglik=     10618.5 SC=   -19.830
Found new terminal 19 k= 236 loglik=     10621.5 SC=   -19.838
Found new terminal 20 k= 236 loglik=     10618.1 SC=   -19.829
Maximum number of terminal candidates reached

Searching for contrasting terminals in terminal paths
Maximum number of terminal candidates reached

Encompassing test against GUM 0 removes: none

Searching from GUM 1  k= 248 loglik=     10681.0 LRF_GUM0(39) [0.9683]
Recalling terminal 1  k= 236 loglik=     10621.4 SC=   -19.838
Recalling terminal 2  k= 236 loglik=     10617.4 SC=   -19.827
Recalling terminal 3  k= 236 loglik=     10616.5 SC=   -19.824
Recalling terminal 4  k= 236 loglik=     10612.0 SC=   -19.812
Recalling terminal 5  k= 236 loglik=     10618.8 SC=   -19.831
Recalling terminal 6  k= 226 loglik=     10534.8 SC=   -19.872
Recalling terminal 7  k= 236 loglik=     10615.8 SC=   -19.822
Recalling terminal 8  k= 236 loglik=     10616.0 SC=   -19.823
Recalling terminal 9  k= 236 loglik=     10618.7 SC=   -19.830
Recalling terminal 10 k= 236 loglik=     10618.7 SC=   -19.830
Recalling terminal 11 k= 236 loglik=     10616.6 SC=   -19.825
Recalling terminal 12 k= 236 loglik=     10618.4 SC=   -19.830
Recalling terminal 13 k= 236 loglik=     10619.3 SC=   -19.832
Recalling terminal 14 k= 236 loglik=     10620.5 SC=   -19.835
Recalling terminal 15 k= 236 loglik=     10620.0 SC=   -19.834
Recalling terminal 16 k= 236 loglik=     10621.4 SC=   -19.838
Recalling terminal 17 k= 236 loglik=     10619.1 SC=   -19.831
Recalling terminal 18 k= 236 loglik=     10618.5 SC=   -19.830
Recalling terminal 19 k= 236 loglik=     10621.5 SC=   -19.838
Recalling terminal 20 k= 236 loglik=     10618.1 SC=   -19.829
Maximum number of terminal candidates reached

Searching for contrasting terminals in terminal paths
Maximum number of terminal candidates reached

[2.0] Selection of final model from terminal candidates: terminal 6

p-values in Final GUM and terminal model(s)
                 Final GUM  terminal 1  terminal 2  terminal 3  terminal 4  terminal 5  terminal 6  terminal 7  terminal 8  terminal 9 terminal 10 terminal 11 terminal 12 terminal 13 terminal 14 terminal 15 terminal 16 terminal 17 terminal 18 terminal 19 terminal 20
II#2005-05-08   0.00005188  0.00004942  0.00004206  0.00011875  0.00005961  0.00009833  0.00013355  0.00004767  0.00005135  0.00005528  0.00007401  0.00006547  0.00004739  0.00005521  0.00004463  0.00006585  0.00005444  0.00004983  0.00006308  0.00005857  0.00005236
II#2005-05-15   0.18424826  0.14769871           .  0.13314230           .  0.15568518           .  0.15370561           .           .  0.14088625  0.14055921  0.15048519           .  0.16403295  0.17426133           .           .           .           .  0.14389908
II#2005-05-22   0.15728057  0.18192762  0.15368864           .  0.13168901           .  0.11584629           .           .  0.16953294           .  0.15956671           .  0.13958118           .           .           .           .           .           .           .
II#2005-06-05   0.00000190  0.00000310  0.00000181  0.00000170  0.00000152  0.00000232  0.00000108  0.00000317  0.00000143  0.00000154  0.00000329  0.00000125  0.00000240  0.00000092  0.00000284  0.00000268  0.00000146  0.00000164  0.00000273  0.00000205  0.00000160
II#2005-06-12   0.01477807  0.00597591  0.01537446  0.01171151  0.01163604  0.00966917           .  0.00748083  0.01104118  0.01374182  0.00579328  0.03117741  0.01069358  0.01748799  0.00745426  0.01032643  0.01279207  0.01284936  0.01564279  0.01131689  0.01204141
II#2005-06-26   0.13809081  0.05208975           .  0.09200834           .  0.11849289  0.05095947  0.10142373  0.11361564  0.06268607  0.07158823  0.04836672  0.04515043  0.07322493  0.05351699  0.05273512  0.05676173  0.10700930  0.04906910  0.09586530  0.05195966
II#2005-07-31   0.03730692  0.05542825  0.04382557  0.03978733  0.05699126  0.06082183  0.03580911           .  0.05472501  0.05326194  0.03770031  0.02221478  0.04162045  0.03267339  0.05858522  0.04978292  0.06028364  0.05079977  0.05389329  0.05454489  0.04061960
II#2005-08-14   0.00000000  0.00000000  0.00000000  0.00000000  0.00000000  0.00000000  0.00000000  0.00000000  0.00000000  0.00000000  0.00000000  0.00000000  0.00000000  0.00000000  0.00000000  0.00000000  0.00000000  0.00000000  0.00000000  0.00000000  0.00000000
II#2005-08-21   0.00000000  0.00000000  0.00000000  0.00000000  0.00000000  0.00000000  0.00000000  0.00000000  0.00000000  0.00000000  0.00000000  0.00000000  0.00000000  0.00000000  0.00000000  0.00000000  0.00000000  0.00000000  0.00000000  0.00000000  0.00000000
II#2005-08-28   0.00000000  0.00000000  0.00000000  0.00000000  0.00000000  0.00000000  0.00000000  0.00000000  0.00000000  0.00000000  0.00000000  0.00000000  0.00000000  0.00000000  0.00000000  0.00000000  0.00000000  0.00000000  0.00000000  0.00000000  0.00000000
II#2005-09-04   0.03279107  0.03455346  0.02596517  0.02005017  0.07944833  0.04989574           .  0.03452246  0.04511381  0.02463303  0.02779026  0.02068961  0.01797342  0.02646973  0.02186745  0.02557209  0.02905597  0.04258418  0.02287967  0.04255016  0.03007916
II#2005-09-11   0.00000000  0.00000000  0.00000000  0.00000000  0.00000000  0.00000000  0.00000000  0.00000000  0.00000000  0.00000000  0.00000000  0.00000000  0.00000000  0.00000000  0.00000000  0.00000000  0.00000000  0.00000000  0.00000000  0.00000000  0.00000000
II#2005-09-18   0.00000000  0.00000000  0.00000000  0.00000000  0.00000000  0.00000000  0.00000000  0.00000000  0.00000000  0.00000000  0.00000000  0.00000000  0.00000000  0.00000000  0.00000000  0.00000000  0.00000000  0.00000000  0.00000000  0.00000000  0.00000000
II#2005-09-25   0.05094592  0.06795760  0.04233100  0.08014915  0.07435885  0.07044425           .  0.07734860  0.05917129  0.09669578  0.07158537  0.07984066           .  0.13552964  0.07557838  0.08678333  0.09751340  0.08291866  0.07959986  0.07307219  0.12279730
II#2005-10-02   0.00000000  0.00000000  0.00000000  0.00000000  0.00000000  0.00000000  0.00000000  0.00000000  0.00000000  0.00000000  0.00000000  0.00000000  0.00000000  0.00000000  0.00000000  0.00000000  0.00000000  0.00000000  0.00000000  0.00000000  0.00000000
II#2005-10-09   0.00000394  0.00000450  0.00000195  0.00000147  0.00000209  0.00000075  0.00000016  0.00000264  0.00000154  0.00000184  0.00000215  0.00000061  0.00000055  0.00000071  0.00000353  0.00000133  0.00000123  0.00000081  0.00000031  0.00000078  0.00000363
II#2005-10-16   0.04458444  0.02548839  0.02084889  0.02557065  0.00852979  0.01291818           .  0.03008478  0.00719274  0.01036853  0.01835973  0.03359059  0.06704355  0.04069784  0.00904210  0.00808596  0.01164825  0.01137906  0.00853940  0.01058014  0.01761456
II#2005-10-23   0.15885972           .  0.15897181  0.15798390  0.09402898           .  0.14094515           .  0.11403656  0.17370694  0.15529336  0.15552710  0.17376956  0.11319790           .           .           .           .  0.16525061           .           .
II#2005-10-30   0.00000000  0.00000000  0.00000000  0.00000000  0.00000000  0.00000000  0.00000000  0.00000000  0.00000000  0.00000000  0.00000000  0.00000000  0.00000000  0.00000000  0.00000000  0.00000000  0.00000000  0.00000000  0.00000000  0.00000000  0.00000000
II#2005-11-06   0.00000593  0.00000290  0.00000254  0.00000502  0.00000299  0.00000305  0.00000012  0.00000108  0.00000285  0.00000152  0.00001856  0.00000114  0.00000185  0.00000083  0.00000315  0.00000416  0.00000070  0.00000167  0.00000208  0.00000262  0.00000461
II#2005-11-13   0.00000001  0.00000000  0.00000002  0.00000001  0.00000003  0.00000000  0.00000007  0.00000000  0.00000005  0.00000003  0.00000001  0.00000002  0.00000004  0.00000001  0.00000000  0.00000002  0.00000000  0.00000000  0.00000005  0.00000001  0.00000001
II#2005-11-20   0.15242479           .  0.09113349  0.10647095  0.09838035  0.12159194           .           .  0.07116765  0.08541147  0.06587261  0.07119128  0.10032722  0.10637535  0.11175409  0.09794536  0.12278944  0.10517306  0.09260280  0.11044292  0.08839222
II#2005-11-27   0.00021324  0.00014133  0.00035882  0.00043146  0.00144353  0.00018914  0.00011722  0.00016067  0.00074836  0.00016211  0.00028529  0.00011375  0.00008435  0.00011700  0.00016395  0.00018449  0.00015272  0.00013689  0.00018604  0.00014519  0.00014228
II#2005-12-18   0.20906305           .           .           .           .           .  0.05839787           .           .           .           .           .           .           .           .           .           .           .           .           .           .
II#2006-01-01   0.02195794  0.02910065  0.03719665  0.02396998  0.03028859  0.02769340  0.00377507  0.01555900  0.02557170  0.01631951           .  0.01339381  0.02263446  0.02750287  0.02394501  0.03187948  0.01980781  0.02134188  0.02536122  0.02344461  0.02235336
II#2006-01-08   0.01264379  0.03362343  0.03130445  0.03186508  0.00784824  0.03297452  0.02775944  0.02349088  0.02888757  0.02919976  0.02507533  0.03869463  0.03536220  0.03492576  0.03475616  0.03990252  0.03874650  0.03426533  0.02527473  0.03199217  0.04375182
II#2006-01-15   0.05404216  0.05104496  0.08579154           .           .  0.05907903  0.06706488  0.06565038  0.06537441  0.07824353  0.04980756  0.06275953  0.04843032  0.04688851  0.05167901  0.05846932  0.05385820  0.05824872  0.05895344  0.05876511  0.04458639
II#2006-01-22   0.00003992  0.00010431  0.00003806  0.00010979  0.00002192  0.00009919  0.00012751  0.00008699  0.00044188  0.00011626  0.00014850  0.00018387  0.00011193  0.00006140  0.00027618  0.00020881  0.00015965  0.00016235  0.00015197  0.00008953  0.00020104
II#2006-01-29   0.00070617  0.00095381  0.00294542  0.00071725  0.00147293  0.00064016  0.00009899  0.00100549  0.00082173  0.00098746  0.00084237  0.00028289  0.00146614  0.00148755  0.00100151  0.00085420  0.00087685  0.00057016  0.00137076  0.00076277  0.00078921
II#2006-02-05   0.02099536  0.04018207  0.01864401  0.02436137  0.02467464  0.03337131  0.00926485  0.05251223  0.03791501  0.02532120  0.03685323  0.01522007  0.02785965  0.01073094           .  0.03791576  0.03310495  0.02697481  0.01472152  0.01200798  0.02819267
II#2006-02-12   0.06973249  0.04962644  0.05331634  0.03457101           .  0.05448347  0.04556206  0.05125946  0.06110050  0.04165403  0.03986929  0.04234609  0.04830426           .  0.03465259  0.03823455  0.05094662  0.05076178  0.04218072  0.05430207  0.03544382
II#2006-02-26   0.00000689  0.00000665  0.00005344  0.00003151  0.00003827  0.00000667  0.00009571  0.00000421  0.00005022  0.00001469  0.00004215  0.00002461  0.00002668  0.00005006  0.00001098  0.00001438  0.00001197  0.00000973  0.00001823  0.00000687  0.00001392
II#2006-03-05   0.00000000  0.00000000  0.00000000  0.00000000  0.00000000  0.00000000  0.00000000  0.00000000  0.00000000  0.00000000  0.00000000  0.00000000  0.00000000  0.00000000  0.00000000  0.00000000  0.00000000  0.00000000  0.00000000  0.00000000  0.00000000
II#2006-03-19   0.00000021  0.00000082  0.00000047  0.00000022  0.00000108  0.00000075  0.00000199  0.00000073  0.00000019  0.00000028  0.00000014  0.00000033  0.00000035  0.00000022  0.00000041  0.00000040  0.00000052  0.00000028  0.00000009  0.00000052  0.00000058
II#2006-03-26   0.00388089  0.00711270  0.01474848  0.00782061  0.01221492  0.00482045  0.00249341  0.00505789  0.01233464  0.00584245  0.01111393  0.00667898  0.00709977  0.01437029  0.00591154  0.00673036  0.00619632  0.00545419  0.01220771  0.00830050  0.00599549
II#2006-04-02   0.31487650           .           .           .  0.14501792           .           .           .           .           .           .           .           .           .           .           .           .           .           .           .           .
II#2006-04-09   0.02992781  0.03623876  0.02524826           .  0.01735156           .  0.02835429  0.03772461  0.02828467  0.02855720  0.04388136  0.03539385  0.03331005  0.02570978  0.03595501  0.04083550  0.02624879  0.02191994  0.03408060  0.03065069  0.03343492
II#2006-04-16   0.00000014  0.00000002  0.00000006  0.00000003  0.00000012  0.00000005  0.00000003  0.00000003  0.00000011  0.00000006  0.00000006  0.00000003  0.00000002  0.00000012  0.00000005  0.00000004  0.00000007  0.00000008  0.00000004  0.00000006  0.00000005
II#2006-04-30   0.00000099  0.00000142  0.00000092  0.00000082  0.00000236  0.00000031  0.00000296  0.00000087  0.00000123  0.00000042  0.00000129  0.00000174  0.00000185  0.00000218  0.00000261  0.00000093  0.00000064  0.00000037  0.00000036  0.00000021  0.00000132
II#2006-05-14   0.00008494  0.00010587  0.00012870  0.00013125  0.00001889  0.00006600  0.00004228  0.00010622  0.00008520  0.00017777  0.00010647  0.00007453  0.00014392  0.00024763  0.00017480  0.00020390  0.00017925  0.00031981  0.00027334  0.00009036  0.00016223
II#2006-05-21   0.00087477  0.00144047  0.00056510  0.00348066  0.00084464  0.00259193  0.00082703  0.00240643  0.00202150  0.00186510  0.00236862  0.00148475  0.00302779  0.00081506  0.00283520  0.00258065  0.00251546  0.00257506  0.00323510  0.00186361  0.00285022
II#2006-06-04   0.02521743  0.01212076  0.00587949  0.02107533  0.01728913  0.01290050           .  0.01405232  0.01019515  0.00666452  0.01153818  0.02821875  0.00942819  0.00645617  0.00945780  0.00965718  0.01059577  0.01048747  0.00463726  0.00898968  0.01110315
II#2006-06-11   0.00000000  0.00000000  0.00000000  0.00000000  0.00000000  0.00000000  0.00000000  0.00000000  0.00000000  0.00000000  0.00000000  0.00000000  0.00000000  0.00000000  0.00000000  0.00000000  0.00000000  0.00000000  0.00000000  0.00000000  0.00000000
II#2006-06-18   0.00516801  0.01257314  0.00894052  0.01731054  0.00077093  0.01348727  0.01590512  0.01182833  0.01595336  0.03250870  0.01972853  0.01312683  0.01189255  0.00559114  0.01975253  0.01855739  0.01129189  0.01516802  0.02290551  0.01217819  0.01646676
II#2006-07-09   0.00044915  0.00079876  0.00048118  0.00075641  0.00103859  0.00092546  0.00084754  0.00135610  0.00085617  0.00099032  0.00069513  0.00092703  0.00086832  0.00105690  0.00111676  0.00097643  0.00133068  0.00073226  0.00121986  0.00112040  0.00098978
II#2006-07-16   0.09806934  0.09193475  0.08728077  0.08445123  0.11412469           .  0.09885614  0.11630561  0.09185191  0.09317593  0.09315619  0.08713220  0.06436052  0.10066090  0.12149087  0.11542798  0.11720210  0.14976240  0.13578142           .  0.08728087
II#2006-07-23   0.00046497  0.00053802  0.00119486  0.00079189  0.00050818  0.00030403  0.00087916  0.00035863  0.00094270  0.00086937  0.00069593  0.00088793  0.00071759  0.00057127  0.00056985  0.00051953  0.00050191  0.00028877  0.00058679  0.00040593  0.00062204
II#2006-07-30   0.00506848  0.00484858  0.01268312  0.00700630  0.01551538  0.00721258  0.00757002  0.00348815  0.01154406  0.00675417  0.00789961  0.00649938  0.00633844  0.00676219  0.00738347  0.00607857  0.00663947  0.00628984  0.00602991  0.00740302  0.00536058
II#2006-08-06   0.00000000  0.00000001  0.00000000  0.00000000  0.00000000  0.00000001  0.00000001  0.00000004  0.00000001  0.00000002  0.00000001  0.00000000  0.00000001  0.00000001  0.00000002  0.00000001  0.00000001  0.00000001  0.00000002  0.00000001  0.00000001
II#2006-08-27   0.00018922  0.00036030  0.00028557  0.00057074  0.00045293  0.00041030  0.00052684  0.00035028  0.00041104  0.00033236  0.00039535  0.00018630  0.00012803  0.00014880  0.00038756  0.00036955  0.00032529  0.00033111  0.00057327  0.00036448  0.00037551
II#2006-09-03   0.00000000  0.00000000  0.00000000  0.00000000  0.00000000  0.00000000  0.00000000  0.00000000  0.00000000  0.00000000  0.00000000  0.00000000  0.00000000  0.00000000  0.00000000  0.00000000  0.00000000  0.00000000  0.00000000  0.00000000  0.00000000
II#2006-09-10   0.00068846  0.00099430  0.00035019  0.00039473  0.00033740  0.00057082  0.00377610  0.00159532  0.00033732  0.00045845  0.00045066  0.00035968  0.00100302  0.00030799  0.00038140  0.00065132  0.00054193  0.00057921  0.00052059  0.00057045  0.00046126
II#2006-09-17   0.01572564  0.01480875  0.03740879  0.01719851  0.01421566  0.01270644  0.01360221  0.01258880  0.01383488  0.02453309  0.01215954  0.02005284  0.01523802  0.04146969  0.01199586  0.01830059  0.01902232  0.02580912  0.02926124  0.01559681  0.01698272
II#2006-09-24   0.14805294  0.09676664           .  0.08851021  0.09294738  0.12568041  0.05347558  0.13530169  0.10550981  0.12757394  0.10786931  0.11065830  0.07062284  0.09450196  0.11663159  0.11587984  0.10838807  0.12389778  0.12668472  0.12701704  0.10064116
II#2006-10-01   0.09673700  0.12277755           .  0.13591643  0.10332906           .  0.09094653  0.15560440  0.13600322           .  0.10681923  0.14861276  0.10554140  0.12660502           .           .           .           .           .           .  0.15139362
II#2006-10-08   0.18138120           .  0.15304713  0.14163116  0.13694241           .  0.11239013           .  0.11725687           .  0.12045169  0.14956462  0.15170406  0.12074259           .           .           .           .           .           .           .
II#2006-10-22   0.00055261  0.00066126  0.00202528  0.00122932  0.00039593  0.00047928  0.00172397  0.00053597  0.00155097  0.00101708  0.00161882  0.00148813  0.00152938  0.00222475  0.00102660  0.00099460  0.00061482  0.00052188  0.00086021  0.00056091  0.00100490
II#2006-10-29   0.04238870  0.07319715  0.04694387  0.03773751  0.06124809  0.05535561  0.04558467           .  0.05890788  0.05629749  0.04657682  0.03166057  0.06619285  0.05452109  0.07197393  0.05581562  0.07068233  0.05601303  0.05493927  0.05971575  0.06117339
II#2006-11-05   0.15441844  0.16589692           .           .  0.11345196  0.13468401           .  0.13575215           .           .           .           .           .           .           .           .  0.17468410  0.13559411           .  0.13964002           .
II#2006-11-26   0.00000037  0.00000041  0.00000142  0.00000114  0.00000154  0.00000053  0.00000092  0.00000039  0.00000212  0.00000055  0.00000077  0.00000057  0.00000049  0.00000053  0.00000045  0.00000056  0.00000045  0.00000017  0.00000069  0.00000061  0.00000046
II#2006-12-03   0.00000302  0.00001056  0.00000441  0.00000610  0.00000475  0.00001469  0.00001252  0.00000843  0.00000916  0.00000529  0.00000729  0.00000454  0.00000426  0.00000210  0.00001825  0.00001003  0.00000946  0.00001700  0.00001045  0.00001509  0.00000825
II#2006-12-10   0.02168599  0.01485380  0.01852657  0.01984192  0.01956830  0.01617474           .  0.02557117  0.02428959  0.02033770  0.01844179  0.01835784  0.01861117  0.01858151  0.02023210  0.01630115  0.01744912  0.01648120  0.02563991  0.01739974  0.01422437
II#2006-12-17   0.00241728  0.00296998  0.00388496  0.00631209  0.00139035  0.00339568  0.00861879  0.00240509  0.00237047  0.00331555  0.00351522  0.00358530  0.00396686  0.00241193  0.00357130  0.00365855  0.00328417  0.00352005  0.00680975  0.00319894  0.00396561
II#2006-12-24   0.18620546           .           .  0.15595390  0.15280246  0.13144340           .  0.13975107  0.14086849  0.13275874           .           .           .           .  0.13287446  0.13478082  0.13114856           .  0.13156542  0.12544004           .
II#2006-12-31   0.04020489  0.03495424  0.03837397  0.02613498  0.07183534  0.03109712  0.03034646  0.02897415           .  0.03941699  0.03648343  0.03422657  0.03391825  0.03054133  0.03094466  0.02652498  0.02784497  0.03275774  0.02613931  0.03075755  0.02771609
II#2007-01-14   0.04123448  0.04183085  0.06748144  0.08109121  0.05431534  0.03999492  0.04091566  0.03976769  0.06790759           .  0.05414008  0.04562027  0.03681854  0.04267526  0.05164522  0.05961457  0.05532716  0.03954033  0.05884865  0.03587438  0.05221762
II#2007-01-28   0.14161028  0.09976572  0.10484454           .  0.12941166  0.13197030           .  0.08479411  0.14160217  0.10324898  0.13959242           .  0.11834371  0.09651876  0.11529567  0.08749415  0.10739838  0.11483310  0.11919517  0.10684951  0.12494111
II#2007-02-11   0.02425558  0.01949736  0.04118250  0.03087209  0.09363866  0.02305104  0.04827555  0.02072396  0.01691004  0.01875974  0.02175158  0.02387274  0.02774515           .  0.01697708  0.02283944  0.02285525  0.02613726  0.02552588  0.02274865  0.02071920
II#2007-02-18   0.01702639  0.01955886  0.02199164  0.03050473  0.02439157  0.02036724           .  0.01830414  0.03362976  0.02212519  0.03364770  0.02448012  0.03049240  0.03059095  0.02938569  0.02870384  0.02270404  0.01606537  0.02849178  0.02537187  0.02363588
II#2007-03-04   0.07197517  0.07595274  0.06624259  0.07880656  0.07567453           .  0.09460348  0.07842339  0.06878084  0.06655852  0.06268345  0.06718289  0.06107367  0.05587883  0.06754775  0.07359333  0.07630923  0.08914356  0.07982052  0.08508293  0.07519281
II#2007-03-25   0.00190580  0.00311083  0.00226555  0.00312665  0.00165957  0.00277537  0.00290968  0.00315453  0.00198464  0.00250578  0.00283211  0.00233128  0.00342106  0.00234033  0.00445360  0.00358185  0.00337478  0.00304842  0.00369603  0.00259965  0.00395813
II#2007-04-15   0.00001803  0.00004495  0.00003946  0.00004347  0.00001908  0.00005417  0.00005045  0.00004386  0.00003694  0.00005986  0.00002691  0.00003478  0.00004698  0.00003210  0.00008673  0.00006311  0.00006507  0.00003112  0.00004732  0.00005731  0.00005991
II#2007-04-22   0.00764359  0.01028638  0.00706145  0.00617191  0.00721363  0.01208566  0.00514371  0.01166543  0.00586969  0.00757706  0.00619250  0.00531977  0.00804570  0.00878242  0.01151722  0.01224846  0.00982350  0.01174054  0.00784104  0.01141563  0.00913425
II#2007-04-29   0.20059752           .           .           .  0.15811180           .           .           .           .           .           .           .           .           .           .           .           .           .           .           .           .
II#2007-05-06   0.00003804  0.00002692  0.00007497  0.00002532  0.00005918  0.00002314  0.00005623  0.00002974  0.00003119  0.00002679  0.00002139  0.00002294  0.00002134  0.00002333  0.00003466  0.00002592  0.00002452  0.00003137  0.00003045  0.00003028  0.00002545
II#2007-05-13   0.00000026  0.00000045  0.00000014  0.00000054  0.00000019  0.00000059  0.00000052  0.00000048  0.00000100  0.00000070  0.00000078  0.00000047  0.00000038  0.00000019  0.00000147  0.00000082  0.00000049  0.00000039  0.00000053  0.00000037  0.00000083
II#2007-05-20   0.00002288  0.00008554  0.00016082  0.00018740  0.00002537  0.00008797  0.00024905  0.00012392  0.00011751  0.00023477  0.00011877  0.00012251  0.00009602  0.00007117  0.00021630  0.00014946  0.00014108  0.00010489  0.00030791  0.00010132  0.00012561
II#2007-05-27   0.00933030  0.00494385  0.00956366  0.00678569  0.00873631  0.00949227  0.00653145  0.00667987  0.00756229  0.00938840  0.00644238  0.00623472  0.00661847  0.00780296  0.00514374  0.00670735  0.00553980  0.00810842  0.01383100  0.01098307  0.00509733
II#2007-06-03   0.00821082  0.00521914  0.00581550  0.00460868  0.01429090  0.00535202  0.00363714  0.00392761  0.01090283  0.00500912  0.00513949  0.00433077  0.00407823  0.00461493  0.00378008  0.00420558  0.00378936  0.00371537  0.00436396  0.00467190  0.00353529
II#2007-06-10   0.00091928  0.00080483  0.00082129  0.00076861  0.00142539  0.00074822  0.00194077  0.00085225  0.00268566  0.00119933  0.00135685  0.00070044  0.00089037  0.00074309  0.00111688  0.00123955  0.00086619  0.00076230  0.00088507  0.00081489  0.00108186
II#2007-06-17   0.04857535  0.06883742  0.05680235  0.06567951  0.04153216  0.09897325  0.03924079  0.06108579  0.04369320  0.07427875  0.03720384           .  0.04972678  0.04722392  0.08205725  0.09188932  0.09940327  0.10053880  0.08211235  0.09004700  0.07737308
II#2007-06-24   0.18145336           .           .           .  0.11009959  0.13777826           .  0.15488633           .           .           .           .           .           .           .           .           .  0.16592001           .  0.14179697           .
II#2007-07-01   0.00000062  0.00000059  0.00000165  0.00000194  0.00000562  0.00000042  0.00000202  0.00000057  0.00000128  0.00000068  0.00000078  0.00000133  0.00000046  0.00000063  0.00000046  0.00000051  0.00000062  0.00000033  0.00000039  0.00000033  0.00000089
II#2007-07-08   0.00587452  0.00769294  0.00641918  0.00443825  0.00129056  0.00411429  0.01265298  0.00304232  0.00298554  0.00516486  0.00583168  0.01266919  0.00437052  0.00910880  0.00479718  0.00541470  0.00325466  0.00450645  0.00411853  0.00335910  0.00894487
II#2007-07-15   0.02157921  0.03895288  0.01867342  0.02083674  0.02046590  0.01745871  0.04863508  0.04082784  0.01962749  0.01496737  0.02578581  0.02050381           .  0.02354445  0.02579447  0.02551001  0.02140820  0.02069905  0.02147325  0.01641382  0.02578140
II#2007-07-22   0.00000590  0.00000943  0.00000327  0.00000373  0.00001476  0.00002331  0.00000292  0.00001577  0.00000413  0.00000560  0.00000321  0.00000142  0.00000272  0.00000204  0.00002400  0.00001083  0.00001053  0.00001385  0.00000330  0.00002493  0.00000615
II#2007-07-29   0.00000000  0.00000001  0.00000001  0.00000001  0.00000001  0.00000001  0.00000002  0.00000000  0.00000002  0.00000001  0.00000003  0.00000001  0.00000001  0.00000001  0.00000001  0.00000001  0.00000000  0.00000000  0.00000001  0.00000001  0.00000001
II#2007-08-05   0.09257690  0.06864898           .           .           .  0.06016481  0.09092122  0.05572351  0.08153661  0.07353345  0.09805518  0.07036412  0.07177365  0.10853903  0.07795133  0.07457723  0.06472804  0.06036636  0.08348116  0.06711382  0.07484064
II#2007-08-12   0.00000132  0.00000269  0.00000090  0.00000043  0.00000537  0.00000419  0.00000127  0.00000374  0.00000081  0.00000126  0.00000052  0.00000062  0.00000080  0.00000140  0.00000149  0.00000122  0.00000293  0.00000586  0.00000061  0.00000363  0.00000117
II#2007-08-19   0.00030174  0.00028052  0.00024644  0.00013242  0.00026490  0.00040116  0.00009263  0.00030088  0.00023105  0.00018676  0.00012196  0.00007792  0.00010906  0.00018304  0.00018621  0.00027598  0.00025315  0.00043544  0.00019611  0.00033383  0.00023649
II#2007-08-26   0.08946192  0.12471546  0.11008925  0.08771586  0.03856497  0.10426700           .  0.10857773  0.07242675  0.09770533  0.10592733           .           .           .  0.10773885  0.10717523  0.10054745  0.11504806  0.12719348  0.11073020  0.14140977
II#2007-09-02   0.00191573  0.00273794  0.00304462  0.00586250  0.00245779  0.00175248  0.00029347  0.00257599  0.00537052  0.00342052  0.00296765  0.00114931  0.00148755  0.00082151  0.00242923  0.00256900  0.00163489  0.00157727  0.00290523  0.00159385  0.00210044
II#2007-09-09   0.14724721           .  0.17417312           .  0.11896593           .           .           .           .           .           .           .           .  0.10209009           .           .           .           .           .           .           .
II#2007-09-23   0.00278611  0.00607458  0.00305531  0.00532178  0.00394055  0.00906204  0.00397941  0.00338131  0.00584108  0.00517528  0.00699820  0.00434505  0.00373451  0.00363662  0.00650973  0.00548753  0.00590028  0.00464669  0.00597329  0.01085759  0.00331450
II#2007-09-30   0.00000023  0.00000044  0.00000005  0.00000030  0.00000025  0.00000018  0.00000028  0.00000034  0.00000036  0.00000009  0.00000050  0.00000021  0.00000019  0.00000013  0.00000014  0.00000009  0.00000006  0.00000008  0.00000011  0.00000022  0.00000037
II#2007-10-07   0.00000000  0.00000000  0.00000000  0.00000000  0.00000000  0.00000000  0.00000000  0.00000000  0.00000000  0.00000000  0.00000000  0.00000000  0.00000000  0.00000000  0.00000000  0.00000000  0.00000000  0.00000000  0.00000000  0.00000000  0.00000000
II#2007-10-14   0.03901651  0.02844526  0.03584649  0.04033099  0.03581341  0.02596506  0.04067451           .  0.03278039  0.03455402  0.03763969  0.03485445  0.04272439  0.03966511  0.02734880  0.02688658  0.02411942  0.03281796  0.03190550  0.02362428  0.03011727
II#2007-10-21   0.14007050           .  0.11302611  0.09048839  0.11715811  0.08827606           .  0.13717950  0.08153291  0.08337710  0.11032878  0.13188307  0.12552395  0.14155166  0.08330647  0.07533395  0.06819242  0.11051652  0.07215637  0.08167779  0.11225324
II#2007-10-28   0.00645860  0.00358475  0.00696115  0.00404291  0.00628129  0.00336459  0.01012757  0.00214434  0.00895590  0.00400782  0.00500129  0.00490636  0.00454184  0.00682123  0.00330715  0.00359802  0.00338679  0.00493292  0.00464514  0.00317576  0.00373420
II#2007-11-04   0.00784773  0.00530054  0.00850286  0.00571824  0.01256705  0.00679832  0.00709934  0.00669051  0.01001800  0.00402576  0.00686748  0.00329454  0.00516406  0.00471359  0.00499981  0.00693676  0.00670885  0.00757359  0.00609126  0.00725835  0.00690582
II#2007-11-18   0.01298650  0.00574746  0.00821025  0.00419578  0.00570348  0.00607053  0.02124296  0.00411584  0.00636292  0.00465132  0.00607793  0.00795137  0.00689161  0.00442328  0.00351171  0.00394851  0.00352337  0.00809235  0.00436690  0.00590302  0.00412619
II#2007-11-25   0.01988466  0.01502188  0.03888105  0.01166988  0.02530135  0.01827138  0.01016667  0.01755873  0.01946710  0.02320719  0.01585765  0.01497732  0.01257429  0.03049892  0.01701101  0.01950848  0.02327726           .  0.01899878  0.02630320  0.01554059
II#2007-12-02   0.03202875  0.02440894  0.03928717  0.02579577  0.04453591  0.02707414  0.01977679  0.03002256  0.02816868           .  0.01631126  0.02190467  0.02958523  0.02087924  0.02706832  0.03170091  0.03099642  0.03959186  0.03135330  0.02724040  0.03355093
II#2007-12-09   0.00037315  0.00132801  0.00143678  0.00090610  0.00159001  0.00118617  0.00012219  0.00101497  0.00242787  0.00127701  0.00142298  0.00064639  0.00052452  0.00079884  0.00109832  0.00160481  0.00135226  0.00152788  0.00115520  0.00126921  0.00138026
II#2007-12-16   0.00000089  0.00000013  0.00000010  0.00000019  0.00000107  0.00000067  0.00000150  0.00000021  0.00000024  0.00000008  0.00000021  0.00000009  0.00000008  0.00000005  0.00000023  0.00000020  0.00000015  0.00000022  0.00000008  0.00000021  0.00000016
II#2007-12-23   0.08600599  0.08117953           .  0.07154872           .  0.04684429  0.08411241  0.05699406  0.08005778  0.06498995  0.06916051  0.06112684  0.07607325  0.09733053  0.05601426  0.05203792  0.06735832  0.06178984  0.03492288  0.05577791  0.05668260
II#2008-02-03   0.03752964  0.03407450  0.05735592  0.04315029  0.04702074  0.06594126  0.04851220  0.03459155  0.03263143  0.04308361  0.02784028  0.04071442  0.03389930  0.06137536  0.01618801  0.04588357  0.05398620  0.05260821  0.06522656           .  0.02214272
II#2008-02-10   0.02263356  0.01959050  0.05210536  0.03328901  0.07614069  0.02080832  0.03729361  0.01562581  0.02173162  0.02130976  0.03253877  0.03044638  0.02826981           .  0.02038342  0.02370136  0.02236382  0.02446889  0.03848327  0.03105663  0.02083508
II#2008-02-24   0.00000000  0.00000000  0.00000000  0.00000000  0.00000000  0.00000000  0.00000000  0.00000000  0.00000000  0.00000000  0.00000000  0.00000000  0.00000000  0.00000000  0.00000000  0.00000000  0.00000000  0.00000000  0.00000000  0.00000000  0.00000000
II#2008-03-02   0.00000000  0.00000000  0.00000000  0.00000000  0.00000000  0.00000000  0.00000000  0.00000000  0.00000000  0.00000000  0.00000000  0.00000000  0.00000000  0.00000000  0.00000000  0.00000000  0.00000000  0.00000000  0.00000000  0.00000000  0.00000000
II#2008-03-09   0.00001749  0.00002480  0.00002084  0.00001722  0.00000367  0.00002353  0.00028012  0.00002245  0.00001048  0.00001781  0.00001980  0.00012887  0.00011624  0.00013021  0.00002520  0.00002511  0.00004203  0.00002447  0.00003014  0.00002495  0.00002817
II#2008-04-13   0.00129389  0.00246973  0.00278178  0.00275406  0.00284061  0.00476794  0.00319119  0.00275367  0.00449211  0.00502164  0.00343348  0.00301539  0.00337727  0.00280748  0.00606392  0.00522085  0.00386304  0.00345610  0.00457726  0.00538852  0.00313115
II#2008-05-04   0.00000000  0.00000000  0.00000000  0.00000000  0.00000000  0.00000000  0.00000000  0.00000000  0.00000000  0.00000000  0.00000000  0.00000000  0.00000000  0.00000000  0.00000000  0.00000000  0.00000000  0.00000000  0.00000000  0.00000000  0.00000000
II#2008-05-11   0.29138642           .  0.14557480           .           .           .           .           .           .           .           .           .           .           .           .           .           .           .           .           .           .
II#2008-05-25   0.03449669  0.04447749  0.07004886  0.04318129           .  0.03528817  0.00914993  0.04910329  0.08339374  0.05735234  0.05098395  0.01920400  0.02940475  0.03892134  0.04200494  0.04505997  0.04365427  0.05190340  0.04364726  0.05118867  0.04256131
II#2008-06-22   0.09486367           .  0.08510174  0.10985626  0.05091903  0.12673620  0.02314880  0.08520836  0.08394530  0.08156408           .  0.07365048  0.09993909  0.07841059  0.11974989  0.12023525  0.04535505  0.09417206  0.09011104  0.08981583  0.11274864
II#2008-07-06   0.00000003  0.00000001  0.00000003  0.00000003  0.00000007  0.00000002  0.00000006  0.00000005  0.00000002  0.00000003  0.00000001  0.00000001  0.00000002  0.00000002  0.00000002  0.00000002  0.00000002  0.00000003  0.00000003  0.00000003  0.00000001
II#2008-08-03   0.00004698  0.00003905  0.00002491  0.00002305  0.00001824  0.00003798  0.00014353  0.00005874  0.00005233  0.00003292  0.00003433  0.00004869  0.00003239  0.00004299  0.00003827  0.00003695  0.00004148  0.00005078  0.00003729  0.00005124  0.00002977
II#2008-08-17   0.00008000  0.00005164  0.00007078  0.00002258  0.00018831  0.00005990  0.00003222  0.00008492  0.00003953  0.00005586  0.00003638  0.00005326  0.00003927  0.00009014  0.00004683  0.00006095  0.00008308  0.00022822  0.00009082  0.00015853  0.00004778
II#2008-12-28   0.00418728  0.00377174  0.00250963  0.00313729  0.00469823  0.00344648  0.00489129  0.00678646  0.00138918  0.00362819  0.00149739  0.00216675  0.00256017  0.00292534  0.00395062  0.00299477  0.00238561  0.00259996  0.00296242  0.00365540  0.00262938
II#2009-02-01   0.01197267  0.00848407  0.01006875  0.00869767  0.00907778  0.00992661  0.01136671  0.00787672  0.00954118  0.01276031  0.01038456  0.01559144  0.01759555  0.01277140  0.00830749  0.01097062  0.01148161  0.01155961  0.00955649  0.00562117           .
II#2009-03-15   0.00009943  0.00009887  0.00030574  0.00024610  0.00020229  0.00015945  0.00062287  0.00012201  0.00012517  0.00010564  0.00008975  0.00012432  0.00016021  0.00018629  0.00012446  0.00014325  0.00013081  0.00012131  0.00012639  0.00012421  0.00011933
II#2009-05-17   0.01510632  0.02224234  0.02617707  0.02374881  0.01651075  0.02004509  0.03340309  0.01554356  0.01787089  0.02834930  0.01759704  0.02937783  0.01817042  0.02561541  0.02149847  0.01953477  0.01707426  0.01219890  0.02002993  0.01628012  0.01674674
II#2009-05-24   0.00085547  0.00107954  0.00219051  0.00098001  0.00122261  0.00072994  0.00134824  0.00079177  0.00127317  0.00091735  0.00099466  0.00150446  0.00101996  0.00118824  0.00097818  0.00079604  0.00081534  0.00093640  0.00117189  0.00075562  0.00086838
II#2009-06-14   0.00416415  0.00885222  0.00567521  0.00526028  0.00250199  0.00306415           .  0.00546442  0.00257181  0.00344139  0.00637717  0.00412845  0.00621446  0.00549330  0.00340895  0.00336138  0.00280628  0.00514739  0.00398050  0.00304310  0.00507112
II#2009-07-19   0.00810263  0.00697776  0.00622966  0.00859492  0.00571189  0.00831292  0.00660719  0.00884405  0.00660775  0.00803782  0.00666419  0.00755616  0.00695811  0.00714434  0.00689752  0.00873511  0.00694415  0.00678364  0.00655997  0.00673078  0.00856740
II#2009-08-09   0.00004738  0.00004518  0.00008811  0.00007845  0.00008118  0.00010354  0.00004758  0.00007880  0.00007656  0.00008967  0.00003867  0.00005506  0.00006495  0.00008044  0.00010625  0.00008292  0.00010325  0.00006691  0.00010094  0.00014431  0.00007138
II#2009-08-16   0.00000000  0.00000000  0.00000000  0.00000000  0.00000000  0.00000000  0.00000000  0.00000000  0.00000000  0.00000000  0.00000000  0.00000000  0.00000000  0.00000000  0.00000000  0.00000000  0.00000000  0.00000000  0.00000000  0.00000000  0.00000000
II#2009-08-23   0.00000000  0.00000000  0.00000000  0.00000000  0.00000000  0.00000000  0.00000000  0.00000000  0.00000000  0.00000000  0.00000000  0.00000000  0.00000000  0.00000000  0.00000000  0.00000000  0.00000000  0.00000000  0.00000000  0.00000000  0.00000000
II#2009-08-30   0.00000000  0.00000000  0.00000000  0.00000000  0.00000000  0.00000000  0.00000000  0.00000000  0.00000000  0.00000000  0.00000000  0.00000000  0.00000000  0.00000000  0.00000000  0.00000000  0.00000000  0.00000000  0.00000000  0.00000000  0.00000000
II#2009-09-06   0.00000000  0.00000000  0.00000000  0.00000000  0.00000000  0.00000000  0.00000000  0.00000000  0.00000000  0.00000000  0.00000000  0.00000000  0.00000000  0.00000000  0.00000000  0.00000000  0.00000000  0.00000000  0.00000000  0.00000000  0.00000000
II#2009-09-13   0.00004481  0.00005367  0.00005310  0.00006520  0.00006955  0.00005168  0.00013262  0.00005265  0.00005018  0.00003926  0.00005309  0.00010205  0.00005303  0.00007975  0.00003023  0.00003976  0.00003900  0.00002206  0.00007514  0.00010477  0.00003872
II#2009-09-27   0.00000000  0.00000000  0.00000000  0.00000000  0.00000000  0.00000000  0.00000000  0.00000000  0.00000000  0.00000000  0.00000000  0.00000000  0.00000000  0.00000000  0.00000000  0.00000000  0.00000000  0.00000000  0.00000000  0.00000000  0.00000000
II#2009-10-04   0.00000000  0.00000000  0.00000000  0.00000000  0.00000000  0.00000000  0.00000000  0.00000000  0.00000000  0.00000000  0.00000000  0.00000000  0.00000000  0.00000000  0.00000000  0.00000000  0.00000000  0.00000000  0.00000000  0.00000000  0.00000000
II#2009-10-18   0.00354272  0.00020319  0.00449178  0.00189987  0.00132137  0.00034444  0.00011608  0.00049998  0.00065334  0.00122203  0.00108381  0.00151067  0.00150942  0.00598510  0.00047986  0.00055355  0.00060649  0.00053392  0.00364711  0.00067860  0.00056278
II#2009-11-01   0.00000014  0.00000002  0.00000005  0.00000006  0.00000067  0.00000008  0.00000006  0.00000003  0.00000024  0.00000003  0.00000003  0.00000009  0.00000006  0.00000029  0.00000001  0.00000002  0.00000005  0.00000003  0.00000002  0.00000004  0.00000001
II#2009-11-15   0.00790408  0.01463001  0.01147252  0.02104129  0.00594896  0.02782437           .  0.02004362  0.01467308  0.02002391  0.00808728  0.01978116  0.02607083  0.00847775  0.02680684  0.02673145  0.02928245  0.02405913  0.02584599  0.02490170  0.02456105
II#2009-11-22   0.00000000  0.00000000  0.00000000  0.00000000  0.00000000  0.00000000  0.00000000  0.00000000  0.00000000  0.00000000  0.00000000  0.00000000  0.00000000  0.00000000  0.00000000  0.00000000  0.00000000  0.00000000  0.00000000  0.00000000  0.00000000
II#2009-12-06   0.00000000  0.00000000  0.00000000  0.00000000  0.00000000  0.00000000  0.00000001  0.00000000  0.00000000  0.00000000  0.00000000  0.00000000  0.00000000  0.00000000  0.00000000  0.00000000  0.00000000  0.00000000  0.00000000  0.00000000  0.00000000
II#2009-12-13   0.00438766  0.00256135  0.00385812  0.00275317  0.00350447  0.00256530  0.00404251  0.00294001  0.00223054  0.00254275  0.00244001  0.00101088  0.00129674  0.00117240  0.00247994  0.00238388  0.00255918  0.00227815  0.00198681  0.00235331  0.00180326
II#2009-12-27   0.00000000  0.00000000  0.00000000  0.00000000  0.00000000  0.00000000  0.00000000  0.00000000  0.00000000  0.00000000  0.00000000  0.00000000  0.00000000  0.00000000  0.00000000  0.00000000  0.00000000  0.00000000  0.00000000  0.00000000  0.00000000
II#2010-01-03   0.00000000  0.00000000  0.00000001  0.00000001  0.00000000  0.00000001  0.00000009  0.00000001  0.00000001  0.00000001  0.00000001  0.00000001  0.00000000  0.00000000  0.00000001  0.00000000  0.00000000  0.00000000  0.00000005  0.00000001  0.00000000
II#2010-01-10   0.00002223  0.00008982  0.00003740  0.00001025  0.00002359  0.00005050  0.00001775  0.00001385  0.00002168  0.00002082  0.00003601  0.00004510  0.00003704  0.00003056  0.00003331  0.00003525  0.00002633  0.00006709  0.00001028  0.00005640  0.00007290
II#2010-01-17   0.00015177  0.00010750  0.00025601  0.00016095  0.00042934  0.00027997  0.00006326  0.00007037  0.00067163  0.00011763  0.00020032  0.00017265  0.00008944  0.00012279  0.00015555  0.00014958  0.00013094  0.00023739  0.00011350  0.00017966  0.00015377
II#2010-01-24   0.00000000  0.00000000  0.00000000  0.00000000  0.00000000  0.00000000  0.00000000  0.00000000  0.00000000  0.00000000  0.00000000  0.00000000  0.00000000  0.00000000  0.00000000  0.00000000  0.00000000  0.00000000  0.00000000  0.00000000  0.00000000
II#2010-01-31   0.00000000  0.00000000  0.00000000  0.00000000  0.00000000  0.00000000  0.00000000  0.00000000  0.00000000  0.00000000  0.00000000  0.00000000  0.00000000  0.00000000  0.00000000  0.00000000  0.00000000  0.00000000  0.00000000  0.00000000  0.00000000
II#2010-04-04   0.00057656  0.00108623  0.00075205  0.00066846  0.00039202  0.00083347  0.00263076  0.00077154  0.00123229  0.00079195  0.00167282  0.00144051  0.00141697  0.00272275  0.00084363  0.00112641  0.00114074  0.00121817  0.00159134  0.00082913  0.00114975
II#2010-04-11   0.00000052  0.00000055  0.00000119  0.00000059  0.00000328  0.00000082  0.00000135  0.00000087  0.00000090  0.00000112  0.00000054  0.00000051  0.00000066  0.00000049  0.00000089  0.00000075  0.00000069  0.00000064  0.00000066  0.00000160  0.00000059
II#2010-04-18   0.00000175  0.00000331  0.00000206  0.00000147  0.00000606  0.00000419  0.00000223  0.00000387  0.00000197  0.00000288  0.00000146  0.00000165  0.00000236  0.00000120  0.00000532  0.00000291  0.00000375  0.00000375  0.00000135  0.00000410  0.00000290
II#2010-06-06   0.01274449  0.02184607  0.01269798  0.01792799  0.00533852  0.01593363  0.00761281  0.02009210  0.01760498  0.01668135  0.02491525  0.02087369  0.01658082  0.01860535  0.01910068  0.02057852  0.01738252  0.01666522  0.02105505  0.01649690  0.01844437
II#2010-06-13   0.00000000  0.00000000  0.00000000  0.00000000  0.00000000  0.00000000  0.00000000  0.00000000  0.00000000  0.00000000  0.00000000  0.00000000  0.00000000  0.00000000  0.00000000  0.00000000  0.00000000  0.00000000  0.00000000  0.00000000  0.00000000
II#2010-07-25   0.00000003  0.00000003  0.00000010  0.00000005  0.00000019  0.00000004  0.00000004  0.00000004  0.00000019  0.00000006  0.00000008  0.00000005  0.00000004  0.00000005  0.00000011  0.00000005  0.00000004  0.00000005  0.00000007  0.00000004  0.00000004
II#2010-08-01   0.00009648  0.00005715  0.00008493  0.00009164  0.00004544  0.00009633  0.00010716  0.00005020  0.00005862  0.00008651  0.00010460  0.00011883  0.00013383  0.00009039  0.00004363  0.00009316  0.00007063  0.00007464  0.00008845  0.00005976  0.00012329
II#2010-09-26   0.00000000  0.00000000  0.00000000  0.00000000  0.00000000  0.00000000  0.00000000  0.00000000  0.00000000  0.00000000  0.00000000  0.00000000  0.00000000  0.00000000  0.00000000  0.00000000  0.00000000  0.00000000  0.00000000  0.00000000  0.00000000
II#2010-10-24   0.00127209  0.00076869  0.00133537  0.00095474  0.00576845  0.00072536  0.00058184  0.00049771  0.00172380  0.00054683  0.00077745  0.00053081  0.00044382  0.00149944  0.00062823  0.00064140  0.00059856  0.00072927  0.00046637  0.00050605  0.00067173
II#2010-12-05   0.00000005  0.00000007  0.00000011  0.00000005  0.00000010  0.00000007  0.00000005  0.00000004  0.00000012  0.00000006  0.00000009  0.00000008  0.00000009  0.00000017  0.00000005  0.00000007  0.00000006  0.00000017  0.00000005  0.00000007  0.00000008
II#2011-01-16   0.00001326  0.00002770  0.00001561  0.00002588  0.00000880  0.00003939  0.00001850  0.00002361  0.00001283  0.00001294  0.00003147  0.00001921  0.00002241  0.00001456  0.00002717  0.00003687  0.00002356  0.00003007  0.00001713  0.00002582  0.00002917
II#2011-01-30   0.00000000  0.00000000  0.00000000  0.00000000  0.00000000  0.00000000  0.00000000  0.00000000  0.00000000  0.00000000  0.00000000  0.00000000  0.00000000  0.00000000  0.00000000  0.00000000  0.00000000  0.00000000  0.00000000  0.00000000  0.00000000
II#2011-03-13   0.00001295  0.00002303  0.00005450  0.00004080  0.00010038  0.00002628  0.00002229  0.00002257  0.00004503  0.00002526  0.00002866  0.00001656  0.00001853  0.00001645  0.00006140  0.00003314  0.00002863  0.00001235  0.00002484  0.00002510  0.00002520
II#2011-03-20   0.00000000  0.00000001  0.00000000  0.00000001  0.00000000  0.00000001  0.00000014  0.00000001  0.00000001  0.00000001  0.00000001  0.00000001  0.00000001  0.00000000  0.00000003  0.00000002  0.00000002  0.00000001  0.00000002  0.00000001  0.00000002
II#2011-03-27   0.00000000  0.00000000  0.00000000  0.00000000  0.00000000  0.00000000  0.00000000  0.00000000  0.00000000  0.00000000  0.00000000  0.00000000  0.00000000  0.00000000  0.00000000  0.00000000  0.00000000  0.00000000  0.00000000  0.00000000  0.00000000
II#2011-04-03   0.00016491  0.00007025  0.00014274  0.00041099  0.00044416  0.00023351  0.00032602  0.00012990  0.00008737  0.00008065  0.00007855  0.00004464  0.00009989  0.00005626  0.00009499  0.00009125  0.00011995  0.00009715  0.00008539  0.00011201  0.00007614
II#2011-04-10   0.00000000  0.00000000  0.00000000  0.00000000  0.00000000  0.00000000  0.00000000  0.00000000  0.00000000  0.00000000  0.00000000  0.00000000  0.00000000  0.00000000  0.00000000  0.00000000  0.00000000  0.00000000  0.00000000  0.00000000  0.00000000
II#2011-04-24   0.00000000  0.00000000  0.00000000  0.00000000  0.00000000  0.00000000  0.00000000  0.00000000  0.00000000  0.00000000  0.00000000  0.00000000  0.00000000  0.00000000  0.00000000  0.00000000  0.00000000  0.00000000  0.00000000  0.00000000  0.00000000
II#2011-05-08   0.00000000  0.00000000  0.00000000  0.00000000  0.00000000  0.00000000  0.00000000  0.00000000  0.00000000  0.00000000  0.00000000  0.00000000  0.00000000  0.00000000  0.00000000  0.00000000  0.00000000  0.00000000  0.00000000  0.00000000  0.00000000
II#2011-05-15   0.00000000  0.00000000  0.00000000  0.00000000  0.00000000  0.00000000  0.00000000  0.00000000  0.00000000  0.00000000  0.00000000  0.00000000  0.00000000  0.00000000  0.00000000  0.00000000  0.00000000  0.00000000  0.00000000  0.00000000  0.00000000
II#2011-05-22   0.00000000  0.00000000  0.00000000  0.00000000  0.00000000  0.00000000  0.00000000  0.00000000  0.00000000  0.00000000  0.00000000  0.00000000  0.00000000  0.00000000  0.00000000  0.00000000  0.00000000  0.00000000  0.00000000  0.00000000  0.00000000
II#2011-06-05   0.00176926  0.00331688  0.00308243  0.00136907  0.00061044  0.00206423  0.00033736  0.00162943  0.00199584  0.00256459  0.00131943  0.00231743  0.00203390  0.00420261  0.00285182  0.00301385  0.00251121  0.00333764  0.00449936  0.00232357  0.00260004
II#2011-06-12   0.00000087  0.00000184  0.00000394  0.00000415  0.00000143  0.00000332  0.00000131  0.00000686  0.00000216  0.00000328  0.00000106  0.00000131  0.00000570  0.00000814  0.00000545  0.00000460  0.00000446  0.00000272  0.00000554  0.00000302  0.00000511
II#2011-07-10   0.00005811  0.00006002  0.00006693  0.00005947  0.00002569  0.00012535  0.00018651  0.00008845  0.00004500  0.00002695  0.00003197  0.00005432  0.00002530  0.00005056  0.00003985  0.00006846  0.00008409  0.00009890  0.00009717  0.00008894  0.00009747
II#2011-07-17   0.00000029  0.00000060  0.00000016  0.00000096  0.00000036  0.00000054  0.00000062  0.00000106  0.00000034  0.00000015  0.00000023  0.00000023  0.00000024  0.00000027  0.00000019  0.00000021  0.00000022  0.00000020  0.00000031  0.00000019  0.00000032
II#2011-12-04   0.00676757  0.00879826  0.01388432  0.01029854  0.00889993  0.00836432  0.00445892  0.00551968  0.01013043  0.01478065  0.01123731  0.00757531  0.00809863  0.01003364  0.01067296  0.00993643  0.00881055  0.00881536  0.00895614  0.00940238  0.00916090
II#2012-02-12   0.00475736  0.00393177  0.00412675  0.00498876  0.00501023  0.00643821  0.00369554  0.00403851  0.00577927  0.00515695  0.00483094  0.00443370  0.00449947  0.00472897  0.00433192  0.00487553  0.00447686  0.00479736  0.00433867  0.00469026  0.00393904
II#2012-08-05   0.00013165  0.00008412  0.00009608  0.00012606  0.00012749  0.00015220  0.00009751  0.00011459  0.00009494  0.00013948  0.00008243  0.00007720  0.00009761  0.00009302  0.00010376  0.00012179  0.00011806  0.00012845  0.00012282  0.00012386  0.00013234
II#2012-08-12   0.00000022  0.00000008  0.00000019  0.00000023  0.00000003  0.00000030  0.00000028  0.00000018  0.00000008  0.00000031  0.00000009  0.00000018  0.00000010  0.00000013  0.00000011  0.00000011  0.00000009  0.00000013  0.00000016  0.00000011  0.00000009
II#2012-09-16   0.00000000  0.00000000  0.00000000  0.00000000  0.00000000  0.00000000  0.00000000  0.00000000  0.00000000  0.00000000  0.00000000  0.00000000  0.00000000  0.00000000  0.00000000  0.00000000  0.00000000  0.00000000  0.00000000  0.00000000  0.00000000
II#2012-09-23   0.00000000  0.00000000  0.00000000  0.00000000  0.00000000  0.00000000  0.00000000  0.00000000  0.00000000  0.00000000  0.00000000  0.00000000  0.00000000  0.00000000  0.00000000  0.00000000  0.00000000  0.00000000  0.00000000  0.00000000  0.00000000
II#2013-02-03   0.00000000  0.00000000  0.00000000  0.00000000  0.00000000  0.00000000  0.00000000  0.00000000  0.00000000  0.00000000  0.00000000  0.00000000  0.00000000  0.00000000  0.00000000  0.00000000  0.00000000  0.00000000  0.00000000  0.00000000  0.00000000
II#2013-02-24   0.00000004  0.00000007  0.00000002  0.00000007  0.00000001  0.00000036  0.00000000  0.00000005  0.00000003  0.00000001  0.00000015  0.00000000  0.00000003  0.00000002  0.00000005  0.00000009  0.00000005  0.00000005  0.00000003  0.00000005  0.00000006
II#2013-03-17   0.00008220  0.00000397  0.00010929  0.00012265  0.00003062  0.00001013  0.00004490  0.00000492  0.00002768  0.00008718  0.00005113  0.00003849  0.00003983  0.00006061  0.00000416  0.00000587  0.00000390  0.00000402  0.00007681  0.00000343  0.00000476
II#2013-03-24   0.00000018  0.00000008  0.00000008  0.00000056  0.00000007  0.00000041  0.00000026  0.00000019  0.00000004  0.00000004  0.00000016  0.00000017  0.00000014  0.00000009  0.00000014  0.00000017  0.00000010  0.00000010  0.00000012  0.00000011  0.00000015
II#2013-03-31   0.00005490  0.00009931  0.00004605  0.00001854  0.00002924  0.00001181  0.00010016  0.00006190  0.00002230  0.00005400  0.00009453  0.00004201  0.00004218  0.00004801  0.00007508  0.00006974  0.00004850  0.00005362  0.00004583  0.00005709  0.00005240
II#2013-04-07   0.00000000  0.00000000  0.00000000  0.00000000  0.00000000  0.00000000  0.00000000  0.00000000  0.00000000  0.00000000  0.00000000  0.00000000  0.00000000  0.00000000  0.00000000  0.00000000  0.00000000  0.00000000  0.00000000  0.00000000  0.00000000
II#2014-02-23   0.00005571  0.00008140  0.00004838  0.00010500  0.00003898  0.00014112  0.00004627  0.00004203  0.00005233  0.00006656  0.00015211  0.00009574  0.00009373  0.00005709  0.00006868  0.00009274  0.00005379  0.00006774  0.00005537  0.00005967  0.00009406
II#2014-03-09   0.00009933  0.00010985  0.00007520  0.00009466  0.00005097  0.00012220  0.00019663  0.00011511  0.00011643  0.00012636  0.00008510  0.00012047  0.00009421  0.00008718  0.00014612  0.00013959  0.00012799  0.00014778  0.00016879  0.00011237  0.00012426
II#2014-11-16   0.00000067  0.00000046  0.00000062  0.00000053  0.00000031  0.00000070  0.00000068  0.00000031  0.00000037  0.00000043  0.00000065  0.00000037  0.00000073  0.00000037  0.00000036  0.00000061  0.00000050  0.00000021  0.00000037  0.00000038  0.00000069
II#2015-02-01   0.00000000  0.00000000  0.00000000  0.00000000  0.00000000  0.00000000  0.00000000  0.00000000  0.00000000  0.00000000  0.00000000  0.00000000  0.00000000  0.00000000  0.00000000  0.00000000  0.00000000  0.00000000  0.00000000  0.00000000  0.00000000
II#2015-02-08   0.00000031  0.00000050  0.00000130  0.00000133  0.00000012  0.00000019  0.00001144  0.00000034  0.00000008  0.00000040  0.00000048  0.00000118  0.00000171  0.00000041  0.00000038  0.00000039  0.00000028  0.00000022  0.00000043  0.00000018  0.00000043
II#2015-03-08   0.00000000  0.00000000  0.00000000  0.00000000  0.00000000  0.00000000  0.00000000  0.00000000  0.00000000  0.00000000  0.00000000  0.00000000  0.00000000  0.00000000  0.00000001  0.00000001  0.00000000  0.00000000  0.00000000  0.00000000  0.00000000
II#2015-08-16   0.00000000  0.00000000  0.00000000  0.00000000  0.00000000  0.00000000  0.00000000  0.00000000  0.00000000  0.00000000  0.00000000  0.00000000  0.00000000  0.00000000  0.00000000  0.00000000  0.00000000  0.00000000  0.00000000  0.00000000  0.00000000
II#2015-08-23   0.00000000  0.00000000  0.00000000  0.00000000  0.00000000  0.00000000  0.00000000  0.00000000  0.00000000  0.00000000  0.00000000  0.00000000  0.00000000  0.00000000  0.00000000  0.00000000  0.00000000  0.00000000  0.00000000  0.00000000  0.00000000
II#2015-09-06   0.00000051  0.00000150  0.00000024  0.00000065  0.00000231  0.00000171  0.00000631  0.00000132  0.00000179  0.00000096  0.00000122  0.00000049  0.00000066  0.00000175  0.00000162  0.00000092  0.00000101  0.00000231  0.00000078  0.00000243  0.00000110
II#2015-09-20   0.00000000  0.00000000  0.00000000  0.00000000  0.00000000  0.00000000  0.00000000  0.00000000  0.00000000  0.00000000  0.00000000  0.00000000  0.00000000  0.00000000  0.00000000  0.00000000  0.00000000  0.00000000  0.00000000  0.00000000  0.00000000
II#2015-10-04   0.00000000  0.00000000  0.00000000  0.00000000  0.00000000  0.00000000  0.00000000  0.00000000  0.00000000  0.00000000  0.00000000  0.00000000  0.00000000  0.00000000  0.00000000  0.00000000  0.00000000  0.00000000  0.00000000  0.00000000  0.00000000
II#2015-11-01   0.00008820  0.00017445  0.00015083  0.00009441  0.00029971  0.00010001  0.00007247  0.00023473  0.00038381  0.00025333  0.00018261  0.00010979  0.00010302  0.00010781  0.00012408  0.00010597  0.00026340  0.00012488  0.00014856  0.00013100  0.00015648
II#2015-11-22   0.00511822  0.00513990  0.00354808  0.00228992  0.00364167  0.00246501  0.00170541  0.00449396  0.00228062  0.00338457  0.00224846  0.00159084  0.00242283  0.00256126  0.00522083  0.00398038  0.00338878  0.00309848  0.00210934  0.00292975  0.00275966
II#2016-01-03   0.00079616  0.00028992  0.00090841  0.00051068  0.00117586  0.00074955  0.00100521  0.00059160  0.00056332  0.00032271  0.00050773  0.00061431  0.00060993  0.00151817  0.00041036  0.00048934  0.00074735  0.00042280  0.00066116  0.00112150  0.00060521
II#2016-01-31   0.00000000  0.00000000  0.00000000  0.00000000  0.00000000  0.00000000  0.00000000  0.00000000  0.00000000  0.00000000  0.00000000  0.00000000  0.00000000  0.00000000  0.00000000  0.00000000  0.00000000  0.00000000  0.00000000  0.00000000  0.00000000
II#2016-03-27   0.00000000  0.00000000  0.00000000  0.00000000  0.00000000  0.00000000  0.00000000  0.00000000  0.00000000  0.00000000  0.00000000  0.00000000  0.00000000  0.00000000  0.00000000  0.00000000  0.00000000  0.00000000  0.00000000  0.00000000  0.00000000
II#2016-11-27   0.00000140  0.00000191  0.00000134  0.00000269  0.00000156  0.00000298  0.00000917  0.00000123  0.00000182  0.00000412  0.00000151  0.00000212  0.00000172  0.00000184  0.00000144  0.00000151  0.00000242  0.00000164  0.00000262  0.00000181  0.00000231
II#2016-12-04   0.00000001  0.00000001  0.00000002  0.00000001  0.00000001  0.00000000  0.00000000  0.00000000  0.00000001  0.00000002  0.00000003  0.00000001  0.00000001  0.00000001  0.00000001  0.00000001  0.00000001  0.00000000  0.00000001  0.00000000  0.00000001
II#2016-12-11   0.00236181  0.00596036  0.00698929  0.00281547  0.00293988  0.00209165  0.01130880  0.00229514  0.00144348  0.00313882  0.00656029  0.00814355  0.01797701  0.00746607  0.00309135  0.00314384  0.00422331  0.00528058  0.00260658  0.00243731  0.00835877
II#2017-01-08   0.00000020  0.00000109  0.00000020  0.00000038  0.00000009  0.00000154  0.00000006  0.00000106  0.00000014  0.00000021  0.00000145  0.00000010  0.00000067  0.00000018  0.00000144  0.00000198  0.00000121  0.00000131  0.00000036  0.00000102  0.00000118
II#2017-01-15   0.02093907  0.01831211  0.02518569  0.02340308  0.01558382  0.03127858  0.00646675  0.02229707  0.01620939  0.02370258  0.02253296  0.01043176  0.03057724  0.02147906  0.03054203           .  0.02709716  0.02689463  0.02175339  0.02672327  0.02713150
II#2017-01-29   0.00000090  0.00000118  0.00000049  0.00000116  0.00000011  0.00000173  0.00000048  0.00000095  0.00000069  0.00000039  0.00000248  0.00000070  0.00000085  0.00000007  0.00000086  0.00000104  0.00000055  0.00000051  0.00000056  0.00000070  0.00000103
II#2017-03-12   0.00019527  0.00015716  0.00016686  0.00015527  0.00008441  0.00012682  0.00024267  0.00013562  0.00014581  0.00025452  0.00021847  0.00021369  0.00023436  0.00014685  0.00012940  0.00020206  0.00011391  0.00013655  0.00017718  0.00015658  0.00017174
II#2017-03-26   0.00002550  0.00002745  0.00003000  0.00014824  0.00005239  0.00010162  0.00002717  0.00004626  0.00003286  0.00005160  0.00001866  0.00002388  0.00003113  0.00002392  0.00003481  0.00003833  0.00004138  0.00002394  0.00002862  0.00004165  0.00004487
II#2017-04-09   0.00165665  0.00322722  0.00186334  0.00181881  0.00205718  0.00274368  0.00294779  0.00355063  0.00215404  0.00166175  0.00415053  0.00230190  0.00484060  0.00199287  0.00366935  0.00239637  0.00201236  0.00296406  0.00228964  0.00259041  0.00294624
II#2017-06-18   0.00000000  0.00000000  0.00000000  0.00000000  0.00000000  0.00000000  0.00000000  0.00000000  0.00000000  0.00000000  0.00000000  0.00000000  0.00000000  0.00000000  0.00000000  0.00000000  0.00000000  0.00000000  0.00000000  0.00000000  0.00000000
II#2017-07-23   0.00134110  0.00057666  0.00077361  0.00040565  0.00051277  0.00046497  0.01029699  0.00016617  0.00039463  0.00032446  0.00072381  0.00206679  0.00076718  0.00071606  0.00013632  0.00018431  0.00022218  0.00043302  0.00033782  0.00046830  0.00036047
II#2017-07-30   0.00000000  0.00000000  0.00000000  0.00000000  0.00000000  0.00000000  0.00000000  0.00000000  0.00000000  0.00000000  0.00000000  0.00000000  0.00000000  0.00000000  0.00000000  0.00000000  0.00000000  0.00000000  0.00000000  0.00000000  0.00000000
II#2017-08-06   0.00001107  0.00007565  0.00000419  0.00000466  0.00000553  0.00001229  0.00016611  0.00003698  0.00000795  0.00001092  0.00001093  0.00003206  0.00002079  0.00001867  0.00001096  0.00000613  0.00001277  0.00001238  0.00001131  0.00001219  0.00001561
II#2017-08-13   0.00005697  0.00062748  0.00002008  0.00002744  0.00003020  0.00012180  0.00001179  0.00047108  0.00010522  0.00010629  0.00028403  0.00002867  0.00003301  0.00008756  0.00014283  0.00007806  0.00011102  0.00009404  0.00008083  0.00011236  0.00005946
II#2017-08-20   0.00000000  0.00000000  0.00000000  0.00000000  0.00000000  0.00000000  0.00000000  0.00000000  0.00000000  0.00000000  0.00000000  0.00000000  0.00000000  0.00000000  0.00000000  0.00000000  0.00000000  0.00000000  0.00000000  0.00000000  0.00000000
II#2017-08-27   0.00000000  0.00000000  0.00000000  0.00000000  0.00000000  0.00000000  0.00000000  0.00000000  0.00000000  0.00000000  0.00000000  0.00000000  0.00000000  0.00000000  0.00000000  0.00000000  0.00000000  0.00000000  0.00000000  0.00000000  0.00000000
II#2017-09-03   0.00200205  0.00247835  0.00014333  0.00024425  0.00068048  0.00053200  0.00047961  0.00449455  0.00064218  0.00074405  0.00096879  0.00041849  0.00026968  0.00120187  0.00056703  0.00054158  0.00088719  0.00069657  0.00080940  0.00082271  0.00034974
II#2017-09-10   0.00411772  0.00659325  0.00208820  0.00142534  0.00017362  0.00310670  0.00428024  0.00784907  0.00049451  0.00432568  0.00232625  0.00382393  0.00439937  0.00577373  0.00401136  0.00489168  0.00412278  0.00346290  0.00586343  0.00366393  0.00393939
II#2017-09-17   0.00013065  0.00004865  0.00004544  0.00005839  0.00002294  0.00015293  0.00004115  0.00003599  0.00003001  0.00005551  0.00001513  0.00002598  0.00004056  0.00005058  0.00004492  0.00005454  0.00004155  0.00004723  0.00010844  0.00004534  0.00005868
II#2017-09-24   0.00046652  0.00017041  0.00155425  0.00100067  0.00057674  0.00036335  0.00171424  0.00010529  0.00245470  0.00056316  0.00162931  0.00156143  0.00095354  0.00106028  0.00035587  0.00050962  0.00040758  0.00033060  0.00063398  0.00042694  0.00027441
II#2017-10-08   0.06993423  0.04568769  0.10032598  0.05578657           .  0.05143724  0.06437175  0.05056620  0.08029492  0.04957274  0.05438995  0.04260240  0.06022771  0.07607158  0.03515434  0.03758870  0.03163986  0.05424204  0.03127211  0.05824250  0.04416310
II#2017-10-29   0.05428963  0.01851947  0.04393083  0.04343030  0.08064034  0.04446237  0.10975692  0.07085371  0.08004091  0.06278941  0.01891794  0.07567434  0.06381438  0.07172611  0.05056513  0.05017465           .  0.05964909  0.03565823  0.06214064  0.05855520
II#2017-11-12   0.00000000  0.00000000  0.00000000  0.00000000  0.00000001  0.00000000  0.00000001  0.00000000  0.00000001  0.00000000  0.00000001  0.00000000  0.00000000  0.00000000  0.00000000  0.00000000  0.00000000  0.00000001  0.00000000  0.00000000  0.00000000
II#2017-11-19   0.00000000  0.00000000  0.00000000  0.00000000  0.00000000  0.00000000  0.00000000  0.00000000  0.00000000  0.00000000  0.00000000  0.00000000  0.00000000  0.00000000  0.00000000  0.00000000  0.00000000  0.00000000  0.00000000  0.00000000  0.00000000
II#2017-11-26   0.00000000  0.00000000  0.00000000  0.00000000  0.00000000  0.00000000  0.00000000  0.00000000  0.00000000  0.00000000  0.00000000  0.00000000  0.00000000  0.00000000  0.00000000  0.00000000  0.00000000  0.00000000  0.00000000  0.00000000  0.00000000
II#2017-12-03   0.00000000  0.00000000  0.00000000  0.00000000  0.00000000  0.00000000  0.00000000  0.00000000  0.00000000  0.00000000  0.00000000  0.00000000  0.00000000  0.00000000  0.00000000  0.00000000  0.00000000  0.00000000  0.00000000  0.00000000  0.00000000
II#2017-12-10   0.00000000  0.00000001  0.00000001  0.00000000  0.00000000  0.00000000  0.00000000  0.00000000  0.00000000  0.00000000  0.00000000  0.00000000  0.00000000  0.00000002  0.00000000  0.00000000  0.00000000  0.00000000  0.00000002  0.00000000  0.00000001
II#2017-12-24   0.00917580  0.01041984  0.01339005  0.02137383  0.00048233  0.01390842  0.01343338  0.00907152  0.00227396  0.01901655  0.00832893  0.02386030  0.02031982  0.02428289  0.00763827  0.01282282  0.00801112  0.00943021           .  0.01473125  0.01178109
II#2017-12-31   0.00000022  0.00000002  0.00000014  0.00000076  0.00000012  0.00000010  0.00000182  0.00000007  0.00000006  0.00000299  0.00000002  0.00000067  0.00000050  0.00000020  0.00000006  0.00000015  0.00000024  0.00000005  0.00000051  0.00000004  0.00000009
II#2018-01-07   0.01687249  0.00773353  0.03399880  0.02144849           .  0.01575746  0.00311210  0.01358935           .  0.01748010  0.02250853  0.01356932  0.00573403  0.00883847  0.01484467  0.01372687  0.02355631  0.01472521  0.00344276  0.01550349  0.01218906
II#2018-01-14   0.12540058  0.07439873  0.12512615  0.15926909           .  0.05770438  0.15917923  0.07476859           .  0.08489675           .  0.10680262  0.10667636  0.09198524  0.11282558  0.04688683  0.06994522  0.07348240  0.04459210  0.05224349  0.08031364
II#2018-01-28   0.02027728  0.01984054  0.01855321  0.01651962  0.02175459  0.01174168  0.06622672  0.02029800  0.02045960  0.01484968  0.02280564  0.03661057  0.03497458  0.01011145  0.01508904  0.01325577  0.01993518  0.01880754  0.01406637  0.01487418  0.01782480
II#2018-02-11   0.00167591  0.00072017  0.00227829  0.00103436  0.00178354  0.00104144  0.00359336  0.00053219  0.00086509  0.00060576  0.00084465  0.00138518  0.00095977  0.00245885  0.00049082  0.00076964  0.00058225  0.00111675  0.00100564  0.00115941  0.00064661
II#2018-03-25   0.00000013  0.00000010  0.00000067  0.00000021  0.00000052  0.00000007  0.00000039  0.00000010  0.00000045  0.00000028  0.00000029  0.00000029  0.00000025  0.00000078  0.00000020  0.00000017  0.00000012  0.00000011  0.00000040  0.00000016  0.00000012
II#2018-04-29   0.00587691  0.01424304  0.00615947  0.02358577  0.00679175  0.01209872  0.01120101  0.01251582  0.02019587  0.01781668  0.02292560  0.01792604  0.01439559  0.01182910  0.01741499  0.01667104  0.01102219  0.00789566  0.01383407  0.00816040  0.01755669
II#2018-05-06   0.00000010  0.00000006  0.00000006  0.00000002  0.00000003  0.00000002  0.00000023  0.00000003  0.00000001  0.00000005  0.00000001  0.00000004  0.00000001  0.00000006  0.00000002  0.00000003  0.00000002  0.00000002  0.00000002  0.00000002  0.00000002
II#2018-05-20   0.00000000  0.00000000  0.00000000  0.00000000  0.00000000  0.00000000  0.00000000  0.00000000  0.00000000  0.00000000  0.00000000  0.00000000  0.00000000  0.00000000  0.00000000  0.00000000  0.00000000  0.00000000  0.00000000  0.00000000  0.00000000
II#2018-05-27   0.00000000  0.00000000  0.00000000  0.00000000  0.00000000  0.00000000  0.00000000  0.00000000  0.00000000  0.00000000  0.00000000  0.00000000  0.00000000  0.00000000  0.00000000  0.00000000  0.00000000  0.00000000  0.00000000  0.00000000  0.00000000
II#2018-06-03   0.00000000  0.00000000  0.00000000  0.00000000  0.00000000  0.00000000  0.00000000  0.00000000  0.00000000  0.00000000  0.00000000  0.00000000  0.00000000  0.00000000  0.00000000  0.00000000  0.00000000  0.00000000  0.00000000  0.00000000  0.00000000
II#2018-06-17   0.02711303  0.01068008  0.01671804  0.02158205  0.01316482  0.01204842           .  0.00440129  0.01604812  0.01463534  0.01161432           .  0.01473056  0.02743452  0.00883686  0.00906999  0.01563447  0.01025608  0.01158836  0.01162384  0.01467470
II#2018-07-01   0.00017104  0.00012178  0.00074197  0.00031844  0.00361448  0.00007361  0.00008661  0.00012671  0.00056296  0.00015975  0.00033676  0.00002527  0.00006670  0.00025538  0.00009656  0.00009278  0.00016706  0.00006416  0.00002746  0.00004577  0.00012289
II#2018-07-15   0.00130277  0.00079514  0.00295377  0.00193980  0.00193448  0.00080326  0.00259442  0.00088837  0.00153618  0.00319850  0.00067954  0.00240896  0.00330842  0.00207318  0.00222717  0.00227402  0.00238622  0.00194564  0.00155837  0.00112036  0.00300959
II#2018-08-26   0.00000003  0.00000003  0.00000007  0.00000004  0.00000002  0.00000002  0.00000012  0.00000002  0.00000002  0.00000002  0.00000004  0.00000006  0.00000008  0.00000004  0.00000002  0.00000002  0.00000002  0.00000002  0.00000003  0.00000002  0.00000003
II#2018-09-02   0.00000216  0.00000340  0.00000143  0.00000211  0.00000147  0.00000380  0.00000021  0.00000210  0.00000180  0.00000187  0.00000518  0.00000230  0.00000066  0.00000204  0.00000188  0.00000155  0.00000227  0.00000255  0.00000132  0.00000346  0.00000282
II#2018-09-09   0.00000000  0.00000000  0.00000000  0.00000000  0.00000000  0.00000000  0.00000000  0.00000000  0.00000000  0.00000000  0.00000000  0.00000000  0.00000000  0.00000000  0.00000000  0.00000000  0.00000000  0.00000000  0.00000000  0.00000000  0.00000000
II#2018-09-23   0.00000000  0.00000000  0.00000000  0.00000000  0.00000000  0.00000000  0.00000000  0.00000000  0.00000000  0.00000000  0.00000000  0.00000000  0.00000000  0.00000000  0.00000000  0.00000000  0.00000000  0.00000000  0.00000000  0.00000000  0.00000000
II#2018-10-07   0.00071304  0.00074271  0.00046987  0.00130406  0.00024761  0.00083670  0.00190740  0.00050485  0.00055783  0.00053213  0.00071518  0.00043301  0.00106933  0.00068669  0.00035330  0.00076134  0.00047653  0.00048137  0.00153627  0.00049671  0.00045474
II#2018-11-04   0.01015316  0.01305265  0.02160644  0.01173218  0.03092634  0.01321562  0.01229923  0.00678585  0.03004727  0.01429410  0.03391132  0.02274751  0.01366873  0.01073278  0.02296491  0.01779378  0.01590656  0.01929131  0.01033990  0.01328431  0.01579685
II#2018-11-18   0.00000000  0.00000000  0.00000000  0.00000000  0.00000000  0.00000000  0.00000000  0.00000000  0.00000000  0.00000000  0.00000000  0.00000000  0.00000000  0.00000000  0.00000000  0.00000000  0.00000000  0.00000000  0.00000000  0.00000000  0.00000000
k                      248         236         236         236         236         236         226         236         236         236         236         236         236         236         236         236         236         236         236         236         236
parameters            1110        1074        1074        1074        1074        1074        1044        1074        1074        1074        1074        1074        1074        1074        1074        1074        1074        1074        1074        1074        1074
loglik              10681.      10621.      10617.      10616.      10612.      10619.      10535.      10616.      10616.      10619.      10619.      10617.      10618.      10619.      10620.      10620.      10621.      10619.      10619.      10622.      10618.
AIC                -26.772     -26.706     -26.695     -26.692     -26.680     -26.699     -26.548     -26.690     -26.691     -26.698     -26.698     -26.693     -26.698     -26.700     -26.703     -26.702     -26.706     -26.700     -26.698     -26.706     -26.697
HQ                 -24.031     -24.054     -24.043     -24.040     -24.028     -24.046     -23.970     -24.038     -24.039     -24.046     -24.046     -24.040     -24.045     -24.048     -24.051     -24.050     -24.054     -24.047     -24.046     -24.054     -24.045
SC                 -19.674     -19.838     -19.827     -19.824     -19.812     -19.831     -19.872     -19.822     -19.823     -19.830     -19.830     -19.825     -19.830     -19.832     -19.835     -19.834     -19.838     -19.831     -19.830     -19.838     -19.829
                                                                                           =======

p-values of diagnostic checks for model validity
          Initial GUM     cut-off   Final GUM     cut-off Final model
AR(7)         0.27899     0.01000     0.25567     0.01000     0.27869
Normality     0.00000     0.00000     0.00000     0.00000     0.00000
Hetero        1.00000     0.01000     1.00000     0.01000     0.02017
Chow(70%)     1.00000     0.01000     1.00000     0.01000     1.00000

*** Warning: Final model failed 1 diagnostic test(s)

The final model has 44 insignificant coefficients:
Joint significance  LRF(132) [0.0000] LRF_GUM0(315) [0.0000]
II#2005-05-22       Failed backtest against GUM0
II#2005-06-26       Failed backtest against GUM0
II#2005-07-31       Failed backtest against GUM0
II#2005-10-23       Failed backtest against GUM0
II#2005-12-18       Failed backtest against GUM0
II#2006-01-08       Failed backtest against GUM0
II#2006-01-15       Failed backtest against GUM0
II#2006-02-12       Failed backtest against GUM0
II#2006-04-09       Failed backtest against GUM0
II#2006-06-18       Failed backtest against GUM0
II#2006-07-16       Failed backtest against GUM0
II#2006-09-17       Failed backtest against GUM0
II#2006-09-24       Failed backtest against GUM0
II#2006-10-01       Failed backtest against GUM0
II#2006-10-08       Failed backtest against GUM0
II#2006-10-29       Failed backtest against GUM0
II#2006-12-31       Failed backtest against GUM0
II#2007-01-14       Failed backtest against GUM0
II#2007-02-11       Failed backtest against GUM0
II#2007-03-04       Failed backtest against GUM0
II#2007-06-17       Failed backtest against GUM0
II#2007-07-08       Failed backtest against GUM0
II#2007-07-15       Failed backtest against GUM0
II#2007-08-05       Failed backtest against GUM0
II#2007-10-14       Failed backtest against GUM0
II#2007-10-28       Failed backtest against GUM0
II#2007-11-18       Failed backtest against GUM0
II#2007-11-25       Failed backtest against GUM0
II#2007-12-02       Failed backtest against GUM0
II#2007-12-23       Failed backtest against GUM0
II#2008-02-03       Failed backtest against GUM0
II#2008-02-10       Failed backtest against GUM0
II#2008-06-22       Failed backtest against GUM0
II#2009-02-01       Failed backtest against GUM0
II#2009-05-17       Failed backtest against GUM0
II#2016-12-11       Failed backtest against GUM0
II#2017-07-23       Failed backtest against GUM0
II#2017-10-08       Failed backtest against GUM0
II#2017-10-29       Failed backtest against GUM0
II#2017-12-24       Failed backtest against GUM0
II#2018-01-14       Failed backtest against GUM0
II#2018-01-28       Failed backtest against GUM0
II#2018-04-29       Failed backtest against GUM0
II#2018-11-04       Failed backtest against GUM0

Summary of Autometrics search
initial search space    2^287  final search space      2^248
no. estimated models     4834  no. terminal models        20
test form                LR-F  target size        Small:0.01
large residuals            no  presearch reduction      lags
backtesting              GUM0  tie-breaker                SC
diagnostics p-value      0.01  search effort        standard
time               2:32:04.07  Autometrics version       2.3

SYS( 2) Estimating the system by OLS
        The dataset is: ../export/database for ox/db_oil_withSesonal.in7
        The estimation sample is: 2005-04-24 - 2018-12-30

URF equation for: D_R_2_ETANOL_HIDRATADO
                             Coefficient  Std.Error  t-value  t-prob
D_R_2_ETANOL_HIDRATADO_1      -0.0843139    0.02485    -3.39  0.0008
D_R_2_ETANOL_HIDRATADO_2       0.0534422    0.02372     2.25  0.0249
D_R_2_ETANOL_HIDRATADO_3      -0.0647737    0.02243    -2.89  0.0041
D_R_2_ETANOL_HIDRATADO_4       0.0334668    0.02284     1.47  0.1437
D_R_2_ETANOL_HIDRATADO_5      -0.0204622    0.02439   -0.839  0.4020
D_R_2_ETANOL_HIDRATADO_6        0.123961    0.02309     5.37  0.0000
D_R_2_ETANOL_HIDRATADO_7       0.0827579    0.02312     3.58  0.0004
D_R_2_ETANOL_HIDRATADO_8        0.100265    0.02398     4.18  0.0000
D_R_2_OLEO_DIESEL_1           -0.0154748    0.03916   -0.395  0.6930
D_R_2_OLEO_DIESEL_2            0.0217316    0.03551    0.612  0.5409
D_R_2_OLEO_DIESEL_3            0.0922367    0.03649     2.53  0.0119
D_R_2_OLEO_DIESEL_4            0.0304469    0.03723    0.818  0.4140
D_R_2_OLEO_DIESEL_5           -0.0398603    0.03546    -1.12  0.2617
D_R_2_OLEO_DIESEL_6           -0.0234721    0.03719   -0.631  0.5284
D_R_2_OLEO_DIESEL_7          -0.00135531    0.03673  -0.0369  0.9706
D_R_2_OLEO_DIESEL_8           -0.0582592    0.03509    -1.66  0.0977
D_R_2_GASOLINA_COMUM_1       -0.00900287    0.05271   -0.171  0.8645
D_R_2_GASOLINA_COMUM_2         0.0688250    0.04856     1.42  0.1573
D_R_2_GASOLINA_COMUM_3        -0.0494783    0.05095   -0.971  0.3322
D_R_2_GASOLINA_COMUM_4          0.173438    0.05175     3.35  0.0009
D_R_2_GASOLINA_COMUM_5         0.0511487    0.05173    0.989  0.3234
D_R_2_GASOLINA_COMUM_6        -0.0907075    0.05226    -1.74  0.0835
D_R_2_GASOLINA_COMUM_7       -0.00497612    0.04916   -0.101  0.9194
D_R_2_GASOLINA_COMUM_8          0.152451    0.05011     3.04  0.0025
II#2005-05-08                 0.00145452   0.003792    0.384  0.7015
II#2005-05-22                -0.00481583   0.003926    -1.23  0.2207
II#2005-06-05                  0.0158686   0.003829     4.14  0.0000
II#2005-06-26                 0.00683051   0.003858     1.77  0.0775
II#2005-07-31                -0.00548305   0.003906    -1.40  0.1612
II#2005-08-14                 -0.0276765   0.003901    -7.09  0.0000
II#2005-08-21                 -0.0312738   0.003961    -7.90  0.0000
II#2005-08-28                 -0.0261427   0.003981    -6.57  0.0000
II#2005-09-11                -0.00458045   0.006286   -0.729  0.4666
II#2005-09-18                0.000151903   0.005780   0.0263  0.9790
II#2005-10-02                  0.0546984   0.005883     9.30  0.0000
II#2005-10-09                  0.0338886   0.006513     5.20  0.0000
II#2005-10-23                 -0.0130582   0.006411    -2.04  0.0424
II#2005-10-30                  0.0178777   0.006555     2.73  0.0067
II#2005-11-06               -0.000847625   0.006731   -0.126  0.8999
II#2005-11-13                  0.0306387   0.005256     5.83  0.0000
II#2005-11-27                 -0.0172249   0.005103    -3.38  0.0008
II#2005-12-18                 0.00628196   0.004301     1.46  0.1450
II#2006-01-01                -0.00348336   0.004129   -0.844  0.3994
II#2006-01-08                  0.0101479   0.003992     2.54  0.0114
II#2006-01-15                 0.00158122   0.004021    0.393  0.6944
II#2006-01-22                  0.0148066   0.004048     3.66  0.0003
II#2006-01-29                 0.00552220   0.004010     1.38  0.1693
II#2006-02-05                 -0.0133615   0.004103    -3.26  0.0012
II#2006-02-12                 -0.0103527   0.004190    -2.47  0.0139
II#2006-02-26                  0.0183313   0.004150     4.42  0.0000
II#2006-03-05                  0.0305620   0.004312     7.09  0.0000
II#2006-03-19                 -0.0223579   0.004249    -5.26  0.0000
II#2006-03-26                  0.0132785   0.004278     3.10  0.0021
II#2006-04-09                -0.00108104   0.004398   -0.246  0.8060
II#2006-04-16                  0.0204013   0.004171     4.89  0.0000
II#2006-04-30                 -0.0222665   0.004161    -5.35  0.0000
II#2006-05-14                 -0.0202089   0.004173    -4.84  0.0000
II#2006-05-21                 -0.0116708   0.004280    -2.73  0.0067
II#2006-06-11                  0.0313943   0.004219     7.44  0.0000
II#2006-06-18                 -0.0110099   0.004201    -2.62  0.0091
II#2006-07-09                  0.0155176   0.004077     3.81  0.0002
II#2006-07-16                -0.00647606   0.003916    -1.65  0.0990
II#2006-07-23                 -0.0111604   0.003853    -2.90  0.0040
II#2006-07-30                  0.0126150   0.003872     3.26  0.0012
II#2006-08-06                 -0.0234599   0.003882    -6.04  0.0000
II#2006-08-27                  0.0114093   0.003857     2.96  0.0033
II#2006-09-03                -0.00721595   0.003873    -1.86  0.0632
II#2006-09-10                  0.0118534   0.004013     2.95  0.0033
II#2006-09-17                 -0.0118704   0.003960    -3.00  0.0029
II#2006-09-24                 0.00935519   0.003935     2.38  0.0180
II#2006-10-01                -0.00857137   0.004054    -2.11  0.0352
II#2006-10-08                 0.00770565   0.003932     1.96  0.0508
II#2006-10-22                 -0.0115131   0.003930    -2.93  0.0036
II#2006-10-29                 0.00611566   0.003946     1.55  0.1220
II#2006-11-26                 -0.0165340   0.003833    -4.31  0.0000
II#2006-12-03                  0.0193285   0.003814     5.07  0.0000
II#2006-12-17                 0.00988030   0.003879     2.55  0.0113
II#2006-12-31                 -0.0102912   0.003911    -2.63  0.0089
II#2007-01-14                -0.00231507   0.003938   -0.588  0.5570
II#2007-02-11                 -0.0105756   0.004052    -2.61  0.0094
II#2007-03-04                 0.00648980   0.003857     1.68  0.0933
II#2007-03-25                  0.0132093   0.003834     3.45  0.0006
II#2007-04-15                 -0.0175436   0.003862    -4.54  0.0000
II#2007-04-22                 -0.0134173   0.003755    -3.57  0.0004
II#2007-05-06                 -0.0181661   0.003793    -4.79  0.0000
II#2007-05-13                  0.0202074   0.003836     5.27  0.0000
II#2007-05-20                 -0.0160334   0.003991    -4.02  0.0001
II#2007-05-27                  0.0137977   0.003940     3.50  0.0005
II#2007-06-03                 0.00935672   0.003878     2.41  0.0163
II#2007-06-10                -0.00810320   0.003900    -2.08  0.0384
II#2007-06-17                -0.00805591   0.003893    -2.07  0.0392
II#2007-07-01                 0.00453843   0.003915     1.16  0.2472
II#2007-07-08                 0.00293471   0.003994    0.735  0.4629
II#2007-07-15                 0.00736166   0.003920     1.88  0.0612
II#2007-07-22                  0.0212862   0.003914     5.44  0.0000
II#2007-07-29                 -0.0169805   0.003916    -4.34  0.0000
II#2007-08-05                 0.00591723   0.004015     1.47  0.1414
II#2007-08-12                  0.0199918   0.004004     4.99  0.0000
II#2007-08-19                 -0.0187193   0.004103    -4.56  0.0000
II#2007-09-02                -0.00613369   0.004071    -1.51  0.1328
II#2007-09-23                -0.00732272   0.004034    -1.82  0.0703
II#2007-09-30                  0.0161626   0.004076     3.97  0.0001
II#2007-10-07                 -0.0216485   0.004053    -5.34  0.0000
II#2007-10-14                 0.00763955   0.003949     1.93  0.0538
II#2007-10-28                 -0.0126187   0.003947    -3.20  0.0015
II#2007-11-04                 0.00979669   0.003931     2.49  0.0131
II#2007-11-18                 -0.0119674   0.004059    -2.95  0.0034
II#2007-11-25                  0.0126644   0.004199     3.02  0.0027
II#2007-12-02                -0.00604715   0.004118    -1.47  0.1428
II#2007-12-09                  0.0163279   0.004216     3.87  0.0001
II#2007-12-16                 -0.0174086   0.004119    -4.23  0.0000
II#2007-12-23                -0.00804890   0.004128    -1.95  0.0520
II#2008-02-03                 0.00976813   0.003965     2.46  0.0142
II#2008-02-10                 -0.0101861   0.004027    -2.53  0.0118
II#2008-02-24                  0.0314489   0.003848     8.17  0.0000
II#2008-03-02                 -0.0249423   0.003954    -6.31  0.0000
II#2008-03-09                -0.00732603   0.003962    -1.85  0.0652
II#2008-04-13                  0.0149464   0.004002     3.73  0.0002
II#2008-05-04                 -0.0151364   0.005518    -2.74  0.0064
II#2008-05-25                7.87100e-05   0.004644   0.0170  0.9865
II#2008-06-22                 0.00434898   0.004569    0.952  0.3418
II#2008-07-06                 -0.0115100   0.003817    -3.02  0.0027
II#2008-08-03                 0.00688242   0.003884     1.77  0.0772
II#2008-08-17                 -0.0147239   0.003986    -3.69  0.0003
II#2008-12-28                  0.0114409   0.004084     2.80  0.0054
II#2009-02-01                 0.00228572   0.003945    0.579  0.5627
II#2009-03-15                -0.00711246   0.003959    -1.80  0.0732
II#2009-05-17                -0.00680205   0.003923    -1.73  0.0838
II#2009-05-24                  0.0151278   0.003848     3.93  0.0001
II#2009-07-19                 0.00192018   0.003901    0.492  0.6228
II#2009-08-09                -0.00997605   0.003898    -2.56  0.0109
II#2009-08-16                  0.0261914   0.003952     6.63  0.0000
II#2009-08-23                  0.0289838   0.003976     7.29  0.0000
II#2009-08-30                  0.0255875   0.004006     6.39  0.0000
II#2009-09-06                  0.0287137   0.004097     7.01  0.0000
II#2009-09-13                  0.0168325   0.004245     3.97  0.0001
II#2009-09-27                 -0.0868474   0.004269    -20.3  0.0000
II#2009-10-04                 -0.0634497   0.004861    -13.1  0.0000
II#2009-10-18                 -0.0216610   0.004883    -4.44  0.0000
II#2009-11-01                  0.0108762   0.004821     2.26  0.0247
II#2009-11-22                  0.0426219   0.004849     8.79  0.0000
II#2009-12-06                 -0.0248425   0.004123    -6.03  0.0000
II#2009-12-13                -0.00128484   0.004075   -0.315  0.7527
II#2009-12-27                  0.0305424   0.003924     7.78  0.0000
II#2010-01-03                 -0.0250089   0.004107    -6.09  0.0000
II#2010-01-10                 -0.0200783   0.004215    -4.76  0.0000
II#2010-01-17                  0.0178222   0.004185     4.26  0.0000
II#2010-01-24                  0.0324267   0.004055     8.00  0.0000
II#2010-01-31                 0.00701432   0.004372     1.60  0.1095
II#2010-04-04                 -0.0111213   0.004021    -2.77  0.0060
II#2010-04-11                  0.0218328   0.003974     5.49  0.0000
II#2010-04-18                  0.0203699   0.003884     5.25  0.0000
II#2010-06-06                0.000877407   0.003865    0.227  0.8205
II#2010-06-13                  0.0241538   0.003876     6.23  0.0000
II#2010-07-25                 -0.0227681   0.003792    -6.00  0.0000
II#2010-08-01                -0.00573959   0.003930    -1.46  0.1451
II#2010-09-26                 -0.0229404   0.003922    -5.85  0.0000
II#2010-10-24                  0.0112997   0.003874     2.92  0.0038
II#2010-12-05                  0.0240870   0.003878     6.21  0.0000
II#2011-01-16                  0.0118972   0.003813     3.12  0.0020
II#2011-01-30                  0.0386542   0.003817     10.1  0.0000
II#2011-03-13                 -0.0190981   0.004008    -4.77  0.0000
II#2011-03-20                  0.0240877   0.004098     5.88  0.0000
II#2011-03-27                  0.0175909   0.004109     4.28  0.0000
II#2011-04-03               -0.000693673   0.004165   -0.167  0.8678
II#2011-04-10                 -0.0202861   0.004166    -4.87  0.0000
II#2011-04-24                  0.0260709   0.004338     6.01  0.0000
II#2011-05-08                  0.0382564   0.004391     8.71  0.0000
II#2011-05-15                 -0.0269624   0.004747    -5.68  0.0000
II#2011-05-22                 -0.0108254   0.004648    -2.33  0.0204
II#2011-06-05                 -0.0190685   0.004502    -4.24  0.0000
II#2011-06-12                0.000688520   0.004525    0.152  0.8791
II#2011-07-10                 -0.0115842   0.004121    -2.81  0.0052
II#2011-07-17                 0.00507688   0.004027     1.26  0.2082
II#2011-12-04                  0.0115195   0.003845     3.00  0.0029
II#2012-02-12                 0.00660408   0.003730     1.77  0.0775
II#2012-08-05                 0.00123370   0.003891    0.317  0.7514
II#2012-08-12                 0.00401913   0.003943     1.02  0.3088
II#2012-09-16                 -0.0118734   0.003842    -3.09  0.0022
II#2012-09-23                 -0.0124016   0.003974    -3.12  0.0019
II#2013-02-03                -0.00504754   0.004680    -1.08  0.2815
II#2013-02-24                  0.0127228   0.004227     3.01  0.0028
II#2013-03-17                 0.00331842   0.004339    0.765  0.4449
II#2013-03-24                -0.00479199   0.004536    -1.06  0.2915
II#2013-03-31                 0.00645116   0.004430     1.46  0.1462
II#2013-04-07                 0.00646884   0.004046     1.60  0.1107
II#2014-02-23                 0.00266435   0.003792    0.703  0.4827
II#2014-03-09                  0.0156599   0.003786     4.14  0.0000
II#2014-11-16                 0.00291038   0.003847    0.757  0.4498
II#2015-02-01                  0.0114526   0.005210     2.20  0.0286
II#2015-02-08               -0.000665349   0.004553   -0.146  0.8839
II#2015-03-08                  0.0177057   0.004445     3.98  0.0001
II#2015-08-16                -0.00735441   0.003909    -1.88  0.0607
II#2015-08-23               -0.000509898   0.003979   -0.128  0.8981
II#2015-09-06                  0.0206905   0.004235     4.89  0.0000
II#2015-09-20                 -0.0109245   0.004423    -2.47  0.0140
II#2015-10-04                -0.00428555   0.005259   -0.815  0.4156
II#2015-11-01                 0.00468636   0.004763    0.984  0.3258
II#2015-11-22                  0.0163087   0.004785     3.41  0.0007
II#2016-01-03                  0.0106371   0.003935     2.70  0.0072
II#2016-01-31                  0.0264876   0.004122     6.43  0.0000
II#2016-03-27                 0.00672344   0.004007     1.68  0.0942
II#2016-11-27                -0.00152277   0.003903   -0.390  0.6967
II#2016-12-04                -0.00327129   0.003961   -0.826  0.4094
II#2016-12-11                 0.00269021   0.003951    0.681  0.4964
II#2017-01-08                  0.0154149   0.004013     3.84  0.0001
II#2017-01-15                 0.00797574   0.003927     2.03  0.0430
II#2017-01-29                 0.00120969   0.004091    0.296  0.7676
II#2017-03-12                 0.00336573   0.003888    0.866  0.3873
II#2017-03-26                 0.00256141   0.004051    0.632  0.5276
II#2017-04-09                  0.0100344   0.003806     2.64  0.0087
II#2017-06-18                 -0.0515402   0.003812    -13.5  0.0000
II#2017-07-23                  0.0136168   0.006101     2.23  0.0262
II#2017-07-30                 0.00829510   0.005230     1.59  0.1136
II#2017-08-06                 -0.0107238   0.006055    -1.77  0.0774
II#2017-08-13                  0.0124547   0.006423     1.94  0.0532
II#2017-08-20                -0.00617115   0.006177   -0.999  0.3185
II#2017-08-27                 0.00402800   0.005901    0.683  0.4953
II#2017-09-03                 0.00209994   0.006249    0.336  0.7370
II#2017-09-10                -0.00702654   0.006304    -1.11  0.2658
II#2017-09-17                 0.00728537   0.005938     1.23  0.2206
II#2017-09-24                 -0.0193574   0.004977    -3.89  0.0001
II#2017-10-08                 0.00696244   0.004458     1.56  0.1192
II#2017-10-29                 0.00266853   0.004382    0.609  0.5429
II#2017-11-12                  0.0286460   0.004360     6.57  0.0000
II#2017-11-19                 0.00999658   0.004299     2.33  0.0206
II#2017-11-26                 -0.0115634   0.004342    -2.66  0.0081
II#2017-12-03                 0.00668478   0.004320     1.55  0.1226
II#2017-12-10                -0.00778929   0.004269    -1.82  0.0689
II#2017-12-24                 -0.0107975   0.004456    -2.42  0.0159
II#2017-12-31                 0.00702998   0.004509     1.56  0.1198
II#2018-01-07                 0.00439249   0.004603    0.954  0.3406
II#2018-01-14                -0.00981650   0.004459    -2.20  0.0283
II#2018-01-28                -0.00402482   0.004302   -0.936  0.3501
II#2018-02-11                  0.0139237   0.004007     3.47  0.0006
II#2018-03-25                  0.0224209   0.003915     5.73  0.0000
II#2018-04-29                 0.00910251   0.003837     2.37  0.0182
II#2018-05-06                 0.00762417   0.003919     1.95  0.0525
II#2018-05-20                -0.00835741   0.004627    -1.81  0.0717
II#2018-05-27                -0.00797441   0.005380    -1.48  0.1391
II#2018-06-03                  0.0113199   0.007578     1.49  0.1361
II#2018-07-01                  0.0101836   0.006896     1.48  0.1406
II#2018-07-15                0.000629790   0.006578   0.0957  0.9238
II#2018-08-26                0.000910517   0.003879    0.235  0.8145
II#2018-09-02                -0.00575296   0.004181    -1.38  0.1697
II#2018-09-09                -0.00851663   0.004520    -1.88  0.0603
II#2018-09-23                  0.0371421   0.004300     8.64  0.0000
II#2018-10-07                  0.0116513   0.004394     2.65  0.0084
II#2018-11-04                 -0.0135733   0.004237    -3.20  0.0015
II#2018-11-18                  0.0107504   0.004053     2.65  0.0083
D_star_ETANOL_HIDRATADO  U     0.0526460    0.02861     1.84  0.0665
D_star_ETANOL_HIDRATADO_1U     0.0560897    0.03091     1.81  0.0704
D_star_ETANOL_HIDRATADO_2U     0.0235903    0.02959    0.797  0.4258
D_star_ETANOL_HIDRATADO_3U      0.103674    0.03122     3.32  0.0010
D_star_ETANOL_HIDRATADO_4U    -0.0456514    0.03070    -1.49  0.1378
D_star_ETANOL_HIDRATADO_5U      0.109408    0.03185     3.43  0.0007
D_star_ETANOL_HIDRATADO_6U      0.100847    0.03155     3.20  0.0015
D_star_ETANOL_HIDRATADO_7U     0.0507546    0.03136     1.62  0.1064
D_star_ETANOL_HIDRATADO_8U    -0.0473227    0.02722    -1.74  0.0829
D_star_OLEO_DIESEL       U      0.175346    0.06093     2.88  0.0042
D_star_OLEO_DIESEL_1     U     0.0860752    0.04836     1.78  0.0759
D_star_OLEO_DIESEL_2     U    -0.0529278    0.04377    -1.21  0.2274
D_star_OLEO_DIESEL_3     U     -0.172053    0.05287    -3.25  0.0012
D_star_OLEO_DIESEL_4     U    0.00807270    0.04687    0.172  0.8634
D_star_OLEO_DIESEL_5     U     0.0423896    0.04519    0.938  0.3489
D_star_OLEO_DIESEL_6     U     0.0265320    0.04615    0.575  0.5657
D_star_OLEO_DIESEL_7     U    -0.0447073    0.04922   -0.908  0.3643
D_star_OLEO_DIESEL_8     U     0.0860809    0.04236     2.03  0.0429
D_star_GASOLINA_COMUM    U     0.0559700    0.08247    0.679  0.4978
D_star_GASOLINA_COMUM_1  U    -0.0470360    0.06563   -0.717  0.4740
D_star_GASOLINA_COMUM_2  U     0.0437711    0.06014    0.728  0.4672
D_star_GASOLINA_COMUM_3  U     0.0889177    0.06609     1.35  0.1793
D_star_GASOLINA_COMUM_4  U    -0.0951887    0.05822    -1.64  0.1029
D_star_GASOLINA_COMUM_5  U     -0.213883    0.06841    -3.13  0.0019
D_star_GASOLINA_COMUM_6  U     0.0448240    0.06143    0.730  0.4660
D_star_GASOLINA_COMUM_7  U    -0.0589185    0.06776   -0.870  0.3851
D_star_GASOLINA_COMUM_8  U    -0.0827373    0.05928    -1.40  0.1637
betaZ_1                  U   -0.00444860   0.008177   -0.544  0.5868
D_brent                  U   -0.00278819   0.005516   -0.505  0.6136
D_brent_1                U    -0.0118798   0.005774    -2.06  0.0404
D_brent_2                U   -0.00621793   0.005362    -1.16  0.2470
D_brent_3                U  -0.000287136   0.005806  -0.0495  0.9606
D_brent_4                U    0.00656026   0.005739     1.14  0.2538
D_brent_5                U   -0.00810542   0.005826    -1.39  0.1650
D_brent_6                U  -0.000782327   0.005768   -0.136  0.8922
D_brent_7                U   0.000143580   0.005657   0.0254  0.9798
D_brent_8                U    0.00382877   0.005682    0.674  0.5008
D_lnCambio               U    0.00591853    0.01119    0.529  0.5970
D_lnCambio_1             U   -0.00459350    0.01102   -0.417  0.6771
D_lnCambio_2             U    -0.0162868    0.01068    -1.53  0.1281
D_lnCambio_3             U   -0.00596252    0.01134   -0.526  0.5995
D_lnCambio_4             U   -0.00314560    0.01102   -0.285  0.7755
D_lnCambio_5             U    0.00248381    0.01088    0.228  0.8195
D_lnCambio_6             U    -0.0198865    0.01083    -1.84  0.0672
D_lnCambio_7             U    0.00346147    0.01084    0.319  0.7497
D_lnCambio_8             U    0.00340166    0.01082    0.314  0.7535
Constant                 U   -0.00378577   0.006547   -0.578  0.5634
CSeasonal                U   -0.00113453   0.001951   -0.581  0.5613
CSeasonal_1              U    0.00102755   0.001783    0.576  0.5647
CSeasonal_2              U    0.00151277   0.001598    0.947  0.3444
CSeasonal_3              U    0.00273940   0.001533     1.79  0.0747
CSeasonal_4              U    0.00122924   0.001607    0.765  0.4449
CSeasonal_5              U    0.00424181   0.001658     2.56  0.0109
CSeasonal_6              U   0.000696715   0.001741    0.400  0.6893
CSeasonal_7              U   0.000883237   0.001668    0.529  0.5968
CSeasonal_8              U   0.000875583   0.001681    0.521  0.6028
CSeasonal_9              U    0.00375166   0.001678     2.24  0.0259
CSeasonal_10             U    0.00145817   0.001729    0.843  0.3996
CSeasonal_11             U    0.00355429   0.001626     2.19  0.0294
CSeasonal_12             U    0.00339662   0.001637     2.07  0.0387
CSeasonal_13             U    0.00327680   0.001649     1.99  0.0476
CSeasonal_14             U    0.00212106   0.001659     1.28  0.2020
CSeasonal_15             U    0.00213933   0.001657     1.29  0.1974
CSeasonal_16             U    0.00139246   0.001717    0.811  0.4178
CSeasonal_17             U   0.000388105   0.001714    0.226  0.8210
CSeasonal_18             U    0.00149330   0.001751    0.853  0.3942
CSeasonal_19             U   0.000818268   0.001723    0.475  0.6352
CSeasonal_20             U    0.00114459   0.001721    0.665  0.5064
CSeasonal_21             U    0.00135173   0.001731    0.781  0.4355
CSeasonal_22             U  -0.000540221   0.001700   -0.318  0.7509
CSeasonal_23             U    0.00238926   0.001750     1.37  0.1729
CSeasonal_24             U    0.00181684   0.001682     1.08  0.2807
CSeasonal_25             U    0.00217667   0.001930     1.13  0.2601
CSeasonal_26             U    0.00181919   0.001781     1.02  0.3077
CSeasonal_27             U   0.000766615   0.001669    0.459  0.6462
CSeasonal_28             U   0.000320406   0.001733    0.185  0.8534
CSeasonal_29             U  -0.000511039   0.001753   -0.291  0.7709
CSeasonal_30             U   -0.00185726   0.001658    -1.12  0.2633
CSeasonal_31             U  -0.000688167   0.001676   -0.411  0.6817
CSeasonal_32             U   5.80735e-05   0.001679   0.0346  0.9724
CSeasonal_33             U   -0.00204566   0.001804    -1.13  0.2576
CSeasonal_34             U   0.000375883   0.001728    0.217  0.8280
CSeasonal_35             U   0.000492451   0.001858    0.265  0.7912
CSeasonal_36             U   0.000557828   0.001763    0.316  0.7519
CSeasonal_37             U   -0.00230643   0.001628    -1.42  0.1574
CSeasonal_38             U    0.00127332   0.001677    0.759  0.4482
CSeasonal_39             U    0.00257225   0.001601     1.61  0.1089
CSeasonal_40             U    0.00114501   0.001698    0.674  0.5005
CSeasonal_41             U  -0.000919086   0.001772   -0.519  0.6043
CSeasonal_42             U    0.00190972   0.001686     1.13  0.2581
CSeasonal_43             U  -0.000191903   0.001760   -0.109  0.9133
CSeasonal_44             U    0.00124932   0.001996    0.626  0.5318
CSeasonal_45             U   0.000803175   0.001632    0.492  0.6228
CSeasonal_46             U    0.00126833   0.001705    0.744  0.4574
CSeasonal_47             U    0.00240170   0.001747     1.37  0.1700
CSeasonal_48             U   -0.00194233   0.001602    -1.21  0.2261
CSeasonal_49             U    0.00210943   0.001770     1.19  0.2341
CSeasonal_50             U    0.00228035   0.001782     1.28  0.2014

sigma = 0.00345768   RSS = 0.00438768983

URF equation for: D_R_2_OLEO_DIESEL
                             Coefficient  Std.Error  t-value  t-prob
D_R_2_ETANOL_HIDRATADO_1      -0.0127838    0.01870   -0.684  0.4946
D_R_2_ETANOL_HIDRATADO_2      0.00526733    0.01785    0.295  0.7682
D_R_2_ETANOL_HIDRATADO_3      -0.0106772    0.01688   -0.632  0.5275
D_R_2_ETANOL_HIDRATADO_4       0.0212085    0.01719     1.23  0.2181
D_R_2_ETANOL_HIDRATADO_5      0.00647235    0.01835    0.353  0.7246
D_R_2_ETANOL_HIDRATADO_6       0.0181113    0.01737     1.04  0.2979
D_R_2_ETANOL_HIDRATADO_7       0.0575513    0.01740     3.31  0.0010
D_R_2_ETANOL_HIDRATADO_8      0.00446532    0.01805    0.247  0.8047
D_R_2_OLEO_DIESEL_1            -0.151875    0.02947    -5.15  0.0000
D_R_2_OLEO_DIESEL_2           -0.0127648    0.02672   -0.478  0.6332
D_R_2_OLEO_DIESEL_3           -0.0227955    0.02746   -0.830  0.4070
D_R_2_OLEO_DIESEL_4            0.0181849    0.02802    0.649  0.5167
D_R_2_OLEO_DIESEL_5           -0.0523140    0.02669    -1.96  0.0507
D_R_2_OLEO_DIESEL_6           -0.0280428    0.02799    -1.00  0.3171
D_R_2_OLEO_DIESEL_7            0.0228827    0.02764    0.828  0.4083
D_R_2_OLEO_DIESEL_8          -0.00910230    0.02641   -0.345  0.7306
D_R_2_GASOLINA_COMUM_1         0.0209895    0.03967    0.529  0.5970
D_R_2_GASOLINA_COMUM_2        -0.0130261    0.03655   -0.356  0.7217
D_R_2_GASOLINA_COMUM_3         -0.136211    0.03835    -3.55  0.0004
D_R_2_GASOLINA_COMUM_4          0.128771    0.03894     3.31  0.0010
D_R_2_GASOLINA_COMUM_5         0.0445164    0.03893     1.14  0.2536
D_R_2_GASOLINA_COMUM_6        0.00142568    0.03933   0.0362  0.9711
D_R_2_GASOLINA_COMUM_7        -0.0646469    0.03700    -1.75  0.0814
D_R_2_GASOLINA_COMUM_8         0.0338563    0.03771    0.898  0.3699
II#2005-05-08                  0.0127750   0.002854     4.48  0.0000
II#2005-05-22                -0.00587798   0.002954    -1.99  0.0474
II#2005-06-05                 0.00728903   0.002882     2.53  0.0118
II#2005-06-26               -0.000422687   0.002903   -0.146  0.8843
II#2005-07-31                 0.00357603   0.002939     1.22  0.2245
II#2005-08-14                 -0.0120460   0.002936    -4.10  0.0001
II#2005-08-21                 -0.0119386   0.002981    -4.01  0.0001
II#2005-08-28                 -0.0124250   0.002996    -4.15  0.0000
II#2005-09-11                  0.0145263   0.004730     3.07  0.0023
II#2005-09-18                 0.00707310   0.004350     1.63  0.1048
II#2005-10-02                  0.0769510   0.004428     17.4  0.0000
II#2005-10-09                -0.00960715   0.004902    -1.96  0.0508
II#2005-10-23                -0.00481460   0.004824   -0.998  0.3190
II#2005-10-30                 -0.0373999   0.004933    -7.58  0.0000
II#2005-11-06                  0.0199102   0.005065     3.93  0.0001
II#2005-11-13                 0.00863445   0.003956     2.18  0.0297
II#2005-11-27                -0.00965069   0.003841    -2.51  0.0124
II#2005-12-18               -0.000763778   0.003237   -0.236  0.8136
II#2006-01-01                -0.00739870   0.003108    -2.38  0.0178
II#2006-01-08                 0.00567841   0.003004     1.89  0.0595
II#2006-01-15                 0.00112034   0.003026    0.370  0.7114
II#2006-01-22                 0.00403441   0.003047     1.32  0.1863
II#2006-01-29                 0.00184397   0.003018    0.611  0.5415
II#2006-02-05               -0.000631878   0.003088   -0.205  0.8380
II#2006-02-12                -0.00148256   0.003154   -0.470  0.6385
II#2006-02-26                 0.00255145   0.003124    0.817  0.4145
II#2006-03-05                -0.00605788   0.003245    -1.87  0.0627
II#2006-03-19                 0.00136589   0.003197    0.427  0.6695
II#2006-03-26                0.000649908   0.003219    0.202  0.8401
II#2006-04-09                -0.00999598   0.003310    -3.02  0.0027
II#2006-04-16                0.000352548   0.003139    0.112  0.9106
II#2006-04-30                -0.00218753   0.003132   -0.699  0.4853
II#2006-05-14                -0.00263660   0.003140   -0.840  0.4017
II#2006-05-21                -0.00884898   0.003221    -2.75  0.0063
II#2006-06-11                -0.00798450   0.003175    -2.51  0.0123
II#2006-06-18                 0.00348952   0.003161     1.10  0.2704
II#2006-07-09                -0.00331717   0.003068    -1.08  0.2804
II#2006-07-16                 0.00487964   0.002947     1.66  0.0986
II#2006-07-23                 0.00690343   0.002899     2.38  0.0178
II#2006-07-30                0.000616314   0.002914    0.211  0.8326
II#2006-08-06                 0.00428685   0.002922     1.47  0.1432
II#2006-08-27                0.000543288   0.002903    0.187  0.8516
II#2006-09-03               -0.000167468   0.002914  -0.0575  0.9542
II#2006-09-10                 0.00380137   0.003020     1.26  0.2089
II#2006-09-17                0.000272748   0.002980   0.0915  0.9271
II#2006-09-24                0.000298573   0.002962    0.101  0.9198
II#2006-10-01                 0.00168295   0.003051    0.552  0.5816
II#2006-10-08                -0.00291354   0.002959   -0.985  0.3255
II#2006-10-22                 0.00148264   0.002957    0.501  0.6164
II#2006-10-29                -0.00180997   0.002969   -0.610  0.5425
II#2006-11-26                -0.00324566   0.002884    -1.13  0.2612
II#2006-12-03                 0.00435033   0.002870     1.52  0.1305
II#2006-12-17                 0.00464116   0.002920     1.59  0.1128
II#2006-12-31               -0.000473502   0.002943   -0.161  0.8723
II#2007-01-14                 0.00691463   0.002964     2.33  0.0202
II#2007-02-11                -0.00110763   0.003050   -0.363  0.7167
II#2007-03-04                 0.00572137   0.002903     1.97  0.0495
II#2007-03-25                 0.00529178   0.002885     1.83  0.0675
II#2007-04-15               -0.000760836   0.002907   -0.262  0.7936
II#2007-04-22                -0.00249200   0.002826   -0.882  0.3785
II#2007-05-06                -0.00225445   0.002854   -0.790  0.4301
II#2007-05-13                -0.00119616   0.002887   -0.414  0.6789
II#2007-05-20                 0.00318556   0.003004     1.06  0.2896
II#2007-05-27                0.000538785   0.002965    0.182  0.8559
II#2007-06-03                 0.00798253   0.002919     2.73  0.0065
II#2007-06-10                -0.00854749   0.002935    -2.91  0.0038
II#2007-06-17                -0.00364902   0.002930    -1.25  0.2138
II#2007-07-01                -0.00753091   0.002947    -2.56  0.0110
II#2007-07-08                 0.00697622   0.003006     2.32  0.0208
II#2007-07-15                 0.00384189   0.002950     1.30  0.1936
II#2007-07-22                 0.00234105   0.002946    0.795  0.4273
II#2007-07-29                 0.00826899   0.002947     2.81  0.0053
II#2007-08-05                 0.00196967   0.003022    0.652  0.5149
II#2007-08-12                -0.00296352   0.003013   -0.983  0.3260
II#2007-08-19                -0.00336539   0.003088    -1.09  0.2765
II#2007-09-02                 0.00231783   0.003064    0.757  0.4498
II#2007-09-23                 0.00820452   0.003036     2.70  0.0072
II#2007-09-30                 -0.0115759   0.003067    -3.77  0.0002
II#2007-10-07                 0.00820220   0.003050     2.69  0.0075
II#2007-10-14                -0.00471350   0.002972    -1.59  0.1136
II#2007-10-28                -0.00168877   0.002970   -0.569  0.5700
II#2007-11-04                 0.00804404   0.002958     2.72  0.0069
II#2007-11-18                 0.00122662   0.003055    0.402  0.6883
II#2007-11-25                -0.00349961   0.003160    -1.11  0.2688
II#2007-12-02                 0.00797644   0.003099     2.57  0.0104
II#2007-12-09                 0.00514612   0.003173     1.62  0.1057
II#2007-12-16                 -0.0128152   0.003100    -4.13  0.0000
II#2007-12-23                0.000822175   0.003107    0.265  0.7914
II#2008-02-03                -0.00290580   0.002984   -0.974  0.3308
II#2008-02-10                 0.00112270   0.003031    0.370  0.7113
II#2008-02-24                -0.00541497   0.002896    -1.87  0.0623
II#2008-03-02                 0.00737771   0.002976     2.48  0.0136
II#2008-03-09                 0.00243859   0.002982    0.818  0.4140
II#2008-04-13                0.000273330   0.003012   0.0908  0.9277
II#2008-05-04                  0.0142102   0.004152     3.42  0.0007
II#2008-05-25                 0.00581626   0.003495     1.66  0.0969
II#2008-06-22                 0.00768226   0.003438     2.23  0.0261
II#2008-07-06                 0.00864187   0.002872     3.01  0.0028
II#2008-08-03                -0.00758665   0.002923    -2.60  0.0098
II#2008-08-17                 0.00819695   0.003000     2.73  0.0066
II#2008-12-28                0.000208200   0.003074   0.0677  0.9460
II#2009-02-01                 0.00861573   0.002969     2.90  0.0039
II#2009-03-15                -0.00941140   0.002980    -3.16  0.0017
II#2009-05-17                 0.00632304   0.002952     2.14  0.0329
II#2009-05-24                0.000145234   0.002896   0.0502  0.9600
II#2009-07-19                  0.0103157   0.002936     3.51  0.0005
II#2009-08-09                  0.0107597   0.002933     3.67  0.0003
II#2009-08-16                  0.0118958   0.002974     4.00  0.0001
II#2009-08-23                  0.0104529   0.002992     3.49  0.0005
II#2009-08-30                 0.00886369   0.003015     2.94  0.0035
II#2009-09-06                  0.0102590   0.003084     3.33  0.0010
II#2009-09-13                -0.00515696   0.003195    -1.61  0.1073
II#2009-09-27                 -0.0206768   0.003213    -6.44  0.0000
II#2009-10-04                 -0.0183448   0.003658    -5.02  0.0000
II#2009-10-18                -0.00156305   0.003675   -0.425  0.6708
II#2009-11-01                  0.0151400   0.003628     4.17  0.0000
II#2009-11-22                  0.0281220   0.003649     7.71  0.0000
II#2009-12-06                 -0.0100144   0.003103    -3.23  0.0014
II#2009-12-13                 0.00299120   0.003067    0.975  0.3300
II#2009-12-27                 0.00628956   0.002953     2.13  0.0338
II#2010-01-03                -0.00326656   0.003091    -1.06  0.2913
II#2010-01-10                0.000288373   0.003172   0.0909  0.9276
II#2010-01-17                 0.00812831   0.003150     2.58  0.0103
II#2010-01-24                 -0.0480933   0.003051    -15.8  0.0000
II#2010-01-31                  0.0176465   0.003290     5.36  0.0000
II#2010-04-04                -0.00102060   0.003026   -0.337  0.7361
II#2010-04-11               -0.000967243   0.002990   -0.323  0.7465
II#2010-04-18                -0.00269900   0.002923   -0.923  0.3564
II#2010-06-06                 0.00184051   0.002908    0.633  0.5272
II#2010-06-13                 0.00137035   0.002917    0.470  0.6388
II#2010-07-25                1.20741e-05   0.002854  0.00423  0.9966
II#2010-08-01                 -0.0127338   0.002958    -4.30  0.0000
II#2010-09-26                -0.00782432   0.002952    -2.65  0.0084
II#2010-10-24                 0.00740311   0.002916     2.54  0.0115
II#2010-12-05                 0.00319101   0.002918     1.09  0.2749
II#2011-01-16                  0.0108809   0.002870     3.79  0.0002
II#2011-01-30                 -0.0179813   0.002873    -6.26  0.0000
II#2011-03-13                -0.00135060   0.003016   -0.448  0.6546
II#2011-03-20                 0.00407529   0.003084     1.32  0.1872
II#2011-03-27                 0.00947222   0.003093     3.06  0.0024
II#2011-04-03                -0.00371512   0.003135    -1.19  0.2367
II#2011-04-10                -0.00502344   0.003136    -1.60  0.1100
II#2011-04-24                 -0.0166622   0.003264    -5.10  0.0000
II#2011-05-08                -0.00872493   0.003304    -2.64  0.0086
II#2011-05-15                 0.00622821   0.003573     1.74  0.0821
II#2011-05-22                0.000592964   0.003498    0.169  0.8655
II#2011-06-05                -0.00316661   0.003388   -0.935  0.3506
II#2011-06-12                -0.00127607   0.003406   -0.375  0.7081
II#2011-07-10                 -0.0107460   0.003101    -3.47  0.0006
II#2011-07-17                  0.0104768   0.003030     3.46  0.0006
II#2011-12-04                -0.00452388   0.002894    -1.56  0.1188
II#2012-02-12                 0.00974020   0.002807     3.47  0.0006
II#2012-08-05                  0.0129563   0.002928     4.42  0.0000
II#2012-08-12                 -0.0156855   0.002968    -5.29  0.0000
II#2012-09-16                 0.00411774   0.002891     1.42  0.1552
II#2012-09-23                  0.0234001   0.002991     7.82  0.0000
II#2013-02-03                 -0.0295939   0.003522    -8.40  0.0000
II#2013-02-24                  0.0200921   0.003181     6.32  0.0000
II#2013-03-17                  0.0153228   0.003266     4.69  0.0000
II#2013-03-24                 -0.0193448   0.003414    -5.67  0.0000
II#2013-03-31                  0.0148742   0.003334     4.46  0.0000
II#2013-04-07                  0.0226727   0.003045     7.45  0.0000
II#2014-02-23                  0.0103191   0.002854     3.62  0.0003
II#2014-03-09                 0.00646581   0.002849     2.27  0.0238
II#2014-11-16                  0.0160862   0.002895     5.56  0.0000
II#2015-02-01                 0.00433697   0.003921     1.11  0.2694
II#2015-02-08               -0.000998573   0.003426   -0.291  0.7709
II#2015-03-08                 0.00841916   0.003345     2.52  0.0123
II#2015-08-16                 -0.0146033   0.002942    -4.96  0.0000
II#2015-08-23                 -0.0119848   0.002995    -4.00  0.0001
II#2015-09-06                -0.00431299   0.003187    -1.35  0.1768
II#2015-09-20                 0.00685307   0.003329     2.06  0.0402
II#2015-10-04                 0.00150079   0.003958    0.379  0.7048
II#2015-11-01                -0.00306120   0.003585   -0.854  0.3937
II#2015-11-22                 0.00688660   0.003601     1.91  0.0566
II#2016-01-03                -0.00738091   0.002962    -2.49  0.0131
II#2016-01-31                -0.00718977   0.003102    -2.32  0.0210
II#2016-03-27                 0.00509987   0.003015     1.69  0.0916
II#2016-11-27                 -0.0152465   0.002938    -5.19  0.0000
II#2016-12-04                  0.0167405   0.002981     5.62  0.0000
II#2016-12-11                 0.00572778   0.002973     1.93  0.0548
II#2017-01-08                 0.00884644   0.003020     2.93  0.0036
II#2017-01-15                 0.00831006   0.002955     2.81  0.0052
II#2017-01-29                 -0.0175521   0.003079    -5.70  0.0000
II#2017-03-12                 -0.0100961   0.002926    -3.45  0.0006
II#2017-03-26                 -0.0119719   0.003049    -3.93  0.0001
II#2017-04-09                 0.00497722   0.002864     1.74  0.0831
II#2017-06-18                 -0.0305168   0.002869    -10.6  0.0000
II#2017-07-23                -0.00768907   0.004591    -1.67  0.0949
II#2017-07-30                  0.0414302   0.003936     10.5  0.0000
II#2017-08-06                -0.00264352   0.004557   -0.580  0.5622
II#2017-08-13                 0.00932690   0.004833     1.93  0.0544
II#2017-08-20               -0.000766969   0.004649   -0.165  0.8691
II#2017-08-27               -0.000275514   0.004441  -0.0620  0.9506
II#2017-09-03                 0.00234496   0.004703    0.499  0.6183
II#2017-09-10                 -0.0110044   0.004744    -2.32  0.0209
II#2017-09-17                  0.0174753   0.004469     3.91  0.0001
II#2017-09-24                0.000235498   0.003745   0.0629  0.9499
II#2017-10-08                -0.00397951   0.003355    -1.19  0.2363
II#2017-10-29                -0.00481589   0.003298    -1.46  0.1451
II#2017-11-12                 0.00262174   0.003281    0.799  0.4248
II#2017-11-19                  0.0276497   0.003235     8.55  0.0000
II#2017-11-26                 -0.0144329   0.003268    -4.42  0.0000
II#2017-12-03                 0.00953844   0.003251     2.93  0.0036
II#2017-12-10                -0.00606277   0.003213    -1.89  0.0599
II#2017-12-24                -0.00434470   0.003353    -1.30  0.1959
II#2017-12-31                  0.0168953   0.003393     4.98  0.0000
II#2018-01-07                 0.00424392   0.003464     1.23  0.2214
II#2018-01-14                -0.00219240   0.003356   -0.653  0.5140
II#2018-01-28                -0.00570242   0.003238    -1.76  0.0790
II#2018-02-11                -0.00224412   0.003016   -0.744  0.4573
II#2018-03-25                 0.00208381   0.002947    0.707  0.4799
II#2018-04-29                -0.00402291   0.002888    -1.39  0.1644
II#2018-05-06                  0.0157613   0.002950     5.34  0.0000
II#2018-05-20                  0.0225913   0.003482     6.49  0.0000
II#2018-05-27                 -0.0331360   0.004049    -8.18  0.0000
II#2018-06-03                 -0.0468311   0.005703    -8.21  0.0000
II#2018-07-01                 -0.0105680   0.005190    -2.04  0.0424
II#2018-07-15                  0.0168185   0.004951     3.40  0.0008
II#2018-08-26                -0.00213917   0.002919   -0.733  0.4642
II#2018-09-02                 -0.0181369   0.003146    -5.76  0.0000
II#2018-09-09                  0.0384195   0.003401     11.3  0.0000
II#2018-09-23                -0.00199687   0.003236   -0.617  0.5375
II#2018-10-07                  0.0105234   0.003307     3.18  0.0016
II#2018-11-04                -0.00264774   0.003189   -0.830  0.4069
II#2018-11-18                -0.00386492   0.003050    -1.27  0.2059
D_star_ETANOL_HIDRATADO  U    -0.0799430    0.02153    -3.71  0.0002
D_star_ETANOL_HIDRATADO_1U     0.0163031    0.02326    0.701  0.4838
D_star_ETANOL_HIDRATADO_2U    -0.0310042    0.02227    -1.39  0.1646
D_star_ETANOL_HIDRATADO_3U     0.0406215    0.02350     1.73  0.0847
D_star_ETANOL_HIDRATADO_4U    -0.0465382    0.02310    -2.01  0.0447
D_star_ETANOL_HIDRATADO_5U    0.00407126    0.02397    0.170  0.8652
D_star_ETANOL_HIDRATADO_6U    -0.0561413    0.02375    -2.36  0.0186
D_star_ETANOL_HIDRATADO_7U     0.0548234    0.02360     2.32  0.0207
D_star_ETANOL_HIDRATADO_8U    -0.0474938    0.02048    -2.32  0.0210
D_star_OLEO_DIESEL       U      0.596728    0.04585     13.0  0.0000
D_star_OLEO_DIESEL_1     U     0.0889260    0.03639     2.44  0.0150
D_star_OLEO_DIESEL_2     U     0.0757128    0.03294     2.30  0.0221
D_star_OLEO_DIESEL_3     U   -0.00665439    0.03979   -0.167  0.8673
D_star_OLEO_DIESEL_4     U    -0.0255770    0.03528   -0.725  0.4689
D_star_OLEO_DIESEL_5     U     0.0324059    0.03401    0.953  0.3413
D_star_OLEO_DIESEL_6     U      0.103921    0.03473     2.99  0.0030
D_star_OLEO_DIESEL_7     U    -0.0297362    0.03704   -0.803  0.4226
D_star_OLEO_DIESEL_8     U     0.0372794    0.03188     1.17  0.2430
D_star_GASOLINA_COMUM    U      0.233827    0.06207     3.77  0.0002
D_star_GASOLINA_COMUM_1  U     0.0302924    0.04939    0.613  0.5400
D_star_GASOLINA_COMUM_2  U  -0.000956346    0.04526  -0.0211  0.9832
D_star_GASOLINA_COMUM_3  U     0.0292295    0.04974    0.588  0.5571
D_star_GASOLINA_COMUM_4  U    0.00573200    0.04381    0.131  0.8960
D_star_GASOLINA_COMUM_5  U   -0.00979656    0.05148   -0.190  0.8492
D_star_GASOLINA_COMUM_6  U     0.0447820    0.04623    0.969  0.3333
D_star_GASOLINA_COMUM_7  U    -0.0461277    0.05099   -0.905  0.3663
D_star_GASOLINA_COMUM_8  U    -0.0304992    0.04461   -0.684  0.4946
betaZ_1                  U    -0.0177427   0.006154    -2.88  0.0042
D_brent                  U   -0.00615065   0.004152    -1.48  0.1393
D_brent_1                U   0.000720289   0.004346    0.166  0.8684
D_brent_2                U   -0.00811775   0.004036    -2.01  0.0450
D_brent_3                U    0.00196483   0.004369    0.450  0.6532
D_brent_4                U   -0.00936514   0.004319    -2.17  0.0308
D_brent_5                U    0.00236029   0.004385    0.538  0.5907
D_brent_6                U   -0.00625065   0.004341    -1.44  0.1507
D_brent_7                U     0.0107934   0.004258     2.54  0.0117
D_brent_8                U    -0.0100340   0.004276    -2.35  0.0195
D_lnCambio               U     0.0121101   0.008418     1.44  0.1511
D_lnCambio_1             U   -0.00617115   0.008295   -0.744  0.4574
D_lnCambio_2             U    0.00138554   0.008036    0.172  0.8632
D_lnCambio_3             U    0.00735956   0.008538    0.862  0.3892
D_lnCambio_4             U   -0.00484477   0.008296   -0.584  0.5596
D_lnCambio_5             U   -0.00142024   0.008185   -0.174  0.8623
D_lnCambio_6             U    -0.0185004   0.008154    -2.27  0.0239
D_lnCambio_7             U     0.0166436   0.008160     2.04  0.0421
D_lnCambio_8             U  -0.000897776   0.008145   -0.110  0.9123
Constant                 U    -0.0144091   0.004927    -2.92  0.0037
CSeasonal                U   0.000770026   0.001468    0.524  0.6003
CSeasonal_1              U   -0.00211403   0.001342    -1.58  0.1160
CSeasonal_2              U  -0.000551036   0.001202   -0.458  0.6470
CSeasonal_3              U  -0.000136931   0.001153   -0.119  0.9056
CSeasonal_4              U   -0.00123899   0.001210    -1.02  0.3064
CSeasonal_5              U   0.000372418   0.001248    0.298  0.7656
CSeasonal_6              U   -0.00267861   0.001311    -2.04  0.0417
CSeasonal_7              U   -0.00240109   0.001255    -1.91  0.0566
CSeasonal_8              U   -0.00237098   0.001265    -1.87  0.0617
CSeasonal_9              U   -0.00157486   0.001263    -1.25  0.2131
CSeasonal_10             U   -0.00215841   0.001301    -1.66  0.0980
CSeasonal_11             U   -0.00102427   0.001223   -0.837  0.4030
CSeasonal_12             U   -0.00186335   0.001232    -1.51  0.1313
CSeasonal_13             U  -7.75905e-05   0.001241  -0.0625  0.9502
CSeasonal_14             U   -0.00170804   0.001249    -1.37  0.1723
CSeasonal_15             U   -0.00356043   0.001247    -2.86  0.0045
CSeasonal_16             U   -0.00167523   0.001292    -1.30  0.1955
CSeasonal_17             U   -0.00245384   0.001290    -1.90  0.0579
CSeasonal_18             U   0.000580208   0.001318    0.440  0.6599
CSeasonal_19             U   -0.00117059   0.001297   -0.903  0.3674
CSeasonal_20             U  -0.000960102   0.001295   -0.741  0.4590
CSeasonal_21             U   0.000299889   0.001303    0.230  0.8181
CSeasonal_22             U   -0.00168844   0.001280    -1.32  0.1878
CSeasonal_23             U   0.000393701   0.001317    0.299  0.7651
CSeasonal_24             U   -0.00138531   0.001266    -1.09  0.2744
CSeasonal_25             U   0.000319918   0.001452    0.220  0.8258
CSeasonal_26             U  -0.000381671   0.001340   -0.285  0.7760
CSeasonal_27             U    0.00111992   0.001256    0.892  0.3731
CSeasonal_28             U  -0.000642764   0.001304   -0.493  0.6224
CSeasonal_29             U  -0.000330874   0.001320   -0.251  0.8022
CSeasonal_30             U   9.56174e-05   0.001248   0.0766  0.9389
CSeasonal_31             U   -0.00154468   0.001262    -1.22  0.2216
CSeasonal_32             U   0.000177474   0.001264    0.140  0.8884
CSeasonal_33             U  -0.000914992   0.001358   -0.674  0.5008
CSeasonal_34             U   -0.00358391   0.001301    -2.76  0.0062
CSeasonal_35             U    0.00317785   0.001399     2.27  0.0237
CSeasonal_36             U   -0.00302423   0.001327    -2.28  0.0232
CSeasonal_37             U   -0.00197773   0.001225    -1.61  0.1074
CSeasonal_38             U   -0.00111349   0.001262   -0.882  0.3782
CSeasonal_39             U   0.000367636   0.001205    0.305  0.7604
CSeasonal_40             U   -0.00299390   0.001278    -2.34  0.0197
CSeasonal_41             U   -0.00218857   0.001334    -1.64  0.1016
CSeasonal_42             U  -5.22967e-05   0.001269  -0.0412  0.9672
CSeasonal_43             U   -0.00112773   0.001325   -0.851  0.3952
CSeasonal_44             U  -1.57789e-07   0.001502-0.000105  0.9999
CSeasonal_45             U  -0.000869945   0.001228   -0.708  0.4791
CSeasonal_46             U  -0.000921498   0.001283   -0.718  0.4731
CSeasonal_47             U   -0.00125437   0.001315   -0.954  0.3406
CSeasonal_48             U   -0.00200697   0.001206    -1.66  0.0968
CSeasonal_49             U   -0.00402188   0.001332    -3.02  0.0027
CSeasonal_50             U   -0.00410131   0.001341    -3.06  0.0024

sigma = 0.00260218   RSS = 0.002485086784

URF equation for: D_R_2_GASOLINA_COMUM
                             Coefficient  Std.Error  t-value  t-prob
D_R_2_ETANOL_HIDRATADO_1       0.0172707    0.01343     1.29  0.1994
D_R_2_ETANOL_HIDRATADO_2      0.00704430    0.01283    0.549  0.5832
D_R_2_ETANOL_HIDRATADO_3    -6.39058e-05    0.01213 -0.00527  0.9958
D_R_2_ETANOL_HIDRATADO_4      -0.0175280    0.01235    -1.42  0.1567
D_R_2_ETANOL_HIDRATADO_5       0.0313360    0.01319     2.38  0.0180
D_R_2_ETANOL_HIDRATADO_6       0.0153859    0.01248     1.23  0.2185
D_R_2_ETANOL_HIDRATADO_7      0.00529638    0.01250    0.424  0.6721
D_R_2_ETANOL_HIDRATADO_8       0.0301254    0.01297     2.32  0.0207
D_R_2_OLEO_DIESEL_1            0.0264940    0.02117     1.25  0.2116
D_R_2_OLEO_DIESEL_2            0.0428085    0.01920     2.23  0.0264
D_R_2_OLEO_DIESEL_3            0.0471958    0.01973     2.39  0.0172
D_R_2_OLEO_DIESEL_4            0.0105615    0.02013    0.525  0.6001
D_R_2_OLEO_DIESEL_5          0.000426436    0.01917   0.0222  0.9823
D_R_2_OLEO_DIESEL_6           0.00566424    0.02011    0.282  0.7784
D_R_2_OLEO_DIESEL_7            0.0150939    0.01986    0.760  0.4477
D_R_2_OLEO_DIESEL_8           0.00256568    0.01897    0.135  0.8925
D_R_2_GASOLINA_COMUM_1         -0.190151    0.02850    -6.67  0.0000
D_R_2_GASOLINA_COMUM_2        -0.0736154    0.02626    -2.80  0.0053
D_R_2_GASOLINA_COMUM_3         -0.109664    0.02755    -3.98  0.0001
D_R_2_GASOLINA_COMUM_4          0.128318    0.02798     4.59  0.0000
D_R_2_GASOLINA_COMUM_5         -0.106985    0.02797    -3.83  0.0002
D_R_2_GASOLINA_COMUM_6        0.00463577    0.02826    0.164  0.8698
D_R_2_GASOLINA_COMUM_7       -0.00211265    0.02658  -0.0795  0.9367
D_R_2_GASOLINA_COMUM_8        -0.0418286    0.02709    -1.54  0.1235
II#2005-05-08                0.000697593   0.002050    0.340  0.7339
II#2005-05-22                -0.00381572   0.002123    -1.80  0.0731
II#2005-06-05                 0.00976715   0.002070     4.72  0.0000
II#2005-06-26                -0.00331568   0.002086    -1.59  0.1128
II#2005-07-31                -0.00425256   0.002112    -2.01  0.0448
II#2005-08-14                 -0.0126568   0.002109    -6.00  0.0000
II#2005-08-21                 -0.0147377   0.002142    -6.88  0.0000
II#2005-08-28                 -0.0143993   0.002153    -6.69  0.0000
II#2005-09-11                  0.0440744   0.003399     13.0  0.0000
II#2005-09-18                 -0.0222568   0.003125    -7.12  0.0000
II#2005-10-02                  0.0487262   0.003181     15.3  0.0000
II#2005-10-09                -0.00197484   0.003522   -0.561  0.5753
II#2005-10-23                -0.00557626   0.003466    -1.61  0.1085
II#2005-10-30                 -0.0113104   0.003544    -3.19  0.0015
II#2005-11-06                  0.0191575   0.003639     5.26  0.0000
II#2005-11-13                 0.00965244   0.002842     3.40  0.0008
II#2005-11-27                 0.00197272   0.002759    0.715  0.4751
II#2005-12-18                 0.00559098   0.002326     2.40  0.0167
II#2006-01-01                -0.00764293   0.002233    -3.42  0.0007
II#2006-01-08                 0.00123191   0.002158    0.571  0.5685
II#2006-01-15                 0.00573019   0.002174     2.64  0.0088
II#2006-01-22                -0.00269275   0.002189    -1.23  0.2194
II#2006-01-29                -0.00780770   0.002168    -3.60  0.0004
II#2006-02-05                -0.00399926   0.002218    -1.80  0.0722
II#2006-02-12                 0.00132644   0.002266    0.585  0.5586
II#2006-02-26               -0.000281704   0.002244   -0.126  0.9002
II#2006-03-05                 0.00253402   0.002331     1.09  0.2778
II#2006-03-19               -8.14704e-06   0.002297 -0.00355  0.9972
II#2006-03-26                -0.00289895   0.002313    -1.25  0.2108
II#2006-04-09                -0.00147186   0.002378   -0.619  0.5363
II#2006-04-16                -0.00550795   0.002255    -2.44  0.0151
II#2006-04-30                -0.00121607   0.002250   -0.540  0.5892
II#2006-05-14                -0.00213568   0.002256   -0.947  0.3445
II#2006-05-21                -0.00746855   0.002314    -3.23  0.0014
II#2006-06-11               -0.000928114   0.002281   -0.407  0.6843
II#2006-06-18                 0.00180430   0.002271    0.794  0.4275
II#2006-07-09                 0.00122449   0.002204    0.555  0.5789
II#2006-07-16                0.000463057   0.002117    0.219  0.8270
II#2006-07-23                 0.00158396   0.002083    0.760  0.4475
II#2006-07-30               -0.000615719   0.002094   -0.294  0.7689
II#2006-08-06                -0.00380214   0.002099    -1.81  0.0709
II#2006-08-27                -0.00427630   0.002085    -2.05  0.0410
II#2006-09-03                  0.0125600   0.002094     6.00  0.0000
II#2006-09-10                 0.00642202   0.002170     2.96  0.0033
II#2006-09-17                 0.00103385   0.002141    0.483  0.6295
II#2006-09-24                 0.00411218   0.002128     1.93  0.0540
II#2006-10-01                -0.00316473   0.002192    -1.44  0.1497
II#2006-10-08                 0.00200606   0.002126    0.944  0.3460
II#2006-10-22                 0.00361794   0.002125     1.70  0.0895
II#2006-10-29                 0.00487597   0.002133     2.29  0.0228
II#2006-11-26                 0.00419824   0.002072     2.03  0.0435
II#2006-12-03                 0.00292285   0.002062     1.42  0.1572
II#2006-12-17                -0.00159122   0.002098   -0.759  0.4486
II#2006-12-31                 0.00139136   0.002115    0.658  0.5110
II#2007-01-14                 0.00389997   0.002129     1.83  0.0678
II#2007-02-11                0.000613336   0.002191    0.280  0.7797
II#2007-03-04                0.000563986   0.002086    0.270  0.7870
II#2007-03-25                 0.00416151   0.002073     2.01  0.0454
II#2007-04-15                0.000651016   0.002088    0.312  0.7554
II#2007-04-22                -0.00290491   0.002030    -1.43  0.1534
II#2007-05-06                -0.00212398   0.002051    -1.04  0.3010
II#2007-05-13                -0.00168397   0.002074   -0.812  0.4174
II#2007-05-20                0.000556829   0.002158    0.258  0.7965
II#2007-05-27                 0.00108668   0.002130    0.510  0.6103
II#2007-06-03               -1.86209e-05   0.002097 -0.00888  0.9929
II#2007-06-10                 0.00109537   0.002109    0.519  0.6038
II#2007-06-17                -0.00526257   0.002105    -2.50  0.0129
II#2007-07-01                -0.00996602   0.002117    -4.71  0.0000
II#2007-07-08                 0.00639805   0.002159     2.96  0.0032
II#2007-07-15                 0.00528442   0.002119     2.49  0.0131
II#2007-07-22                 0.00396201   0.002116     1.87  0.0620
II#2007-07-29                 0.00557366   0.002117     2.63  0.0088
II#2007-08-05                -0.00293212   0.002171    -1.35  0.1777
II#2007-08-12                -0.00188908   0.002165   -0.873  0.3835
II#2007-08-19                -0.00111636   0.002219   -0.503  0.6151
II#2007-09-02                 0.00782324   0.002201     3.55  0.0004
II#2007-09-23                 0.00309365   0.002181     1.42  0.1569
II#2007-09-30                -0.00134447   0.002204   -0.610  0.5422
II#2007-10-07                -0.00872040   0.002191    -3.98  0.0001
II#2007-10-14                 0.00223563   0.002135     1.05  0.2957
II#2007-10-28                0.000262001   0.002134    0.123  0.9023
II#2007-11-04                 0.00171213   0.002125    0.806  0.4210
II#2007-11-18                -0.00281431   0.002195    -1.28  0.2006
II#2007-11-25                 0.00166983   0.002270    0.736  0.4625
II#2007-12-02                 0.00127495   0.002226    0.573  0.5672
II#2007-12-09                -0.00162587   0.002279   -0.713  0.4761
II#2007-12-16                -0.00351666   0.002227    -1.58  0.1152
II#2007-12-23                 0.00245680   0.002232     1.10  0.2717
II#2008-02-03               -0.000169264   0.002144  -0.0790  0.9371
II#2008-02-10                 0.00149516   0.002177    0.687  0.4927
II#2008-02-24                -0.00158750   0.002081   -0.763  0.4459
II#2008-03-02                0.000566364   0.002138    0.265  0.7912
II#2008-03-09                 0.00715438   0.002142     3.34  0.0009
II#2008-04-13                 0.00191354   0.002164    0.884  0.3771
II#2008-05-04                 -0.0170038   0.002983    -5.70  0.0000
II#2008-05-25                -0.00579111   0.002511    -2.31  0.0216
II#2008-06-22                 0.00676196   0.002470     2.74  0.0065
II#2008-07-06                -0.00776530   0.002064    -3.76  0.0002
II#2008-08-03                 0.00546346   0.002100     2.60  0.0097
II#2008-08-17               -0.000950054   0.002155   -0.441  0.6596
II#2008-12-28                 0.00619519   0.002208     2.81  0.0053
II#2009-02-01                 0.00527898   0.002133     2.47  0.0138
II#2009-03-15                 0.00201968   0.002141    0.943  0.3460
II#2009-05-17               -0.000298658   0.002121   -0.141  0.8881
II#2009-05-24                0.000876001   0.002080    0.421  0.6739
II#2009-07-19                 0.00150199   0.002109    0.712  0.4768
II#2009-08-09               -0.000642972   0.002107   -0.305  0.7605
II#2009-08-16                  0.0122562   0.002137     5.74  0.0000
II#2009-08-23                  0.0130981   0.002150     6.09  0.0000
II#2009-08-30                  0.0120133   0.002166     5.55  0.0000
II#2009-09-06                  0.0151085   0.002215     6.82  0.0000
II#2009-09-13                 0.00307171   0.002295     1.34  0.1816
II#2009-09-27                 -0.0410135   0.002308    -17.8  0.0000
II#2009-10-04                 -0.0114901   0.002628    -4.37  0.0000
II#2009-10-18                0.000107097   0.002640   0.0406  0.9677
II#2009-11-01                -0.00586464   0.002607    -2.25  0.0251
II#2009-11-22                 0.00508465   0.002622     1.94  0.0532
II#2009-12-06                -0.00440904   0.002229    -1.98  0.0487
II#2009-12-13                -0.00675555   0.002203    -3.07  0.0023
II#2009-12-27                 0.00641553   0.002121     3.02  0.0027
II#2010-01-03                -0.00529762   0.002221    -2.39  0.0176
II#2010-01-10                -0.00585314   0.002279    -2.57  0.0106
II#2010-01-17                 0.00230772   0.002263     1.02  0.3085
II#2010-01-24                -0.00433290   0.002192    -1.98  0.0489
II#2010-01-31                -0.00784849   0.002364    -3.32  0.0010
II#2010-04-04                 0.00361244   0.002174     1.66  0.0974
II#2010-04-11                 0.00200024   0.002148    0.931  0.3525
II#2010-04-18                 0.00149950   0.002100    0.714  0.4756
II#2010-06-06                 0.00708137   0.002089     3.39  0.0008
II#2010-06-13                -0.00315532   0.002096    -1.51  0.1330
II#2010-07-25                9.91547e-05   0.002050   0.0484  0.9615
II#2010-08-01                -0.00622050   0.002125    -2.93  0.0036
II#2010-09-26                 0.00431570   0.002121     2.04  0.0426
II#2010-10-24                -0.00127088   0.002095   -0.607  0.5444
II#2010-12-05                 0.00427580   0.002097     2.04  0.0421
II#2011-01-16                 0.00759249   0.002062     3.68  0.0003
II#2011-01-30                 0.00104907   0.002064    0.508  0.6115
II#2011-03-13                0.000343575   0.002167    0.159  0.8741
II#2011-03-20                 0.00667414   0.002216     3.01  0.0028
II#2011-03-27                  0.0221001   0.002222     9.95  0.0000
II#2011-04-03                 0.00794890   0.002252     3.53  0.0005
II#2011-04-10                 -0.0177054   0.002253    -7.86  0.0000
II#2011-04-24                 0.00481179   0.002345     2.05  0.0409
II#2011-05-08                 0.00684704   0.002374     2.88  0.0042
II#2011-05-15                 -0.0135542   0.002567    -5.28  0.0000
II#2011-05-22                 -0.0166415   0.002513    -6.62  0.0000
II#2011-06-05               -0.000827192   0.002434   -0.340  0.7342
II#2011-06-12                  0.0124736   0.002447     5.10  0.0000
II#2011-07-10               -0.000153770   0.002228  -0.0690  0.9450
II#2011-07-17                -0.00641605   0.002177    -2.95  0.0034
II#2011-12-04               -0.000681219   0.002079   -0.328  0.7433
II#2012-02-12                 0.00249125   0.002017     1.24  0.2175
II#2012-08-05               -0.000216884   0.002104   -0.103  0.9180
II#2012-08-12                 0.00141052   0.002132    0.662  0.5087
II#2012-09-16                 -0.0123077   0.002077    -5.92  0.0000
II#2012-09-23                -0.00132334   0.002149   -0.616  0.5384
II#2013-02-03                 0.00740320   0.002530     2.93  0.0036
II#2013-02-24                 0.00832930   0.002286     3.64  0.0003
II#2013-03-17                0.000702111   0.002346    0.299  0.7649
II#2013-03-24               -0.000512445   0.002453   -0.209  0.8346
II#2013-03-31                 0.00134929   0.002395    0.563  0.5736
II#2013-04-07                 0.00674324   0.002188     3.08  0.0022
II#2014-02-23                 0.00845278   0.002050     4.12  0.0000
II#2014-03-09                 0.00417380   0.002047     2.04  0.0422
II#2014-11-16                 0.00629905   0.002080     3.03  0.0026
II#2015-02-01                  0.0286887   0.002817     10.2  0.0000
II#2015-02-08                  0.0114192   0.002462     4.64  0.0000
II#2015-03-08                  0.0163490   0.002403     6.80  0.0000
II#2015-08-16                 -0.0150384   0.002113    -7.12  0.0000
II#2015-08-23                 -0.0163232   0.002152    -7.59  0.0000
II#2015-09-06                 0.00196603   0.002290    0.859  0.3911
II#2015-09-20                  0.0201582   0.002392     8.43  0.0000
II#2015-10-04                  0.0268387   0.002843     9.44  0.0000
II#2015-11-01                 -0.0107565   0.002575    -4.18  0.0000
II#2015-11-22                 0.00661982   0.002587     2.56  0.0109
II#2016-01-03                -0.00208650   0.002128   -0.981  0.3274
II#2016-01-31                 0.00192291   0.002229    0.863  0.3888
II#2016-03-27                  0.0174587   0.002166     8.06  0.0000
II#2016-11-27                -0.00381323   0.002110    -1.81  0.0716
II#2016-12-04                 0.00944749   0.002142     4.41  0.0000
II#2016-12-11                 0.00682460   0.002136     3.19  0.0015
II#2017-01-08                  0.0121754   0.002170     5.61  0.0000
II#2017-01-15                 0.00532360   0.002123     2.51  0.0126
II#2017-01-29                -0.00395473   0.002212    -1.79  0.0746
II#2017-03-12                -0.00632777   0.002102    -3.01  0.0028
II#2017-03-26                -0.00767806   0.002190    -3.51  0.0005
II#2017-04-09                 0.00668866   0.002058     3.25  0.0013
II#2017-06-18                 -0.0274863   0.002061    -13.3  0.0000
II#2017-07-23                 0.00515577   0.003299     1.56  0.1189
II#2017-07-30                  0.0475053   0.002828     16.8  0.0000
II#2017-08-06                 -0.0145253   0.003274    -4.44  0.0000
II#2017-08-13                  0.0177600   0.003473     5.11  0.0000
II#2017-08-20                 -0.0245257   0.003340    -7.34  0.0000
II#2017-08-27                  0.0242044   0.003191     7.59  0.0000
II#2017-09-03                 -0.0124958   0.003379    -3.70  0.0003
II#2017-09-10                 0.00551275   0.003409     1.62  0.1067
II#2017-09-17                -0.00402812   0.003210    -1.25  0.2104
II#2017-09-24                -0.00289660   0.002691    -1.08  0.2824
II#2017-10-08                -0.00366549   0.002410    -1.52  0.1292
II#2017-10-29                -0.00456833   0.002369    -1.93  0.0546
II#2017-11-12                 0.00582427   0.002357     2.47  0.0139
II#2017-11-19                  0.0150853   0.002324     6.49  0.0000
II#2017-11-26                  0.0137901   0.002348     5.87  0.0000
II#2017-12-03                 -0.0104425   0.002336    -4.47  0.0000
II#2017-12-10                  0.0112884   0.002308     4.89  0.0000
II#2017-12-24                 0.00222826   0.002409    0.925  0.3556
II#2017-12-31                 0.00931243   0.002438     3.82  0.0002
II#2018-01-07                -0.00656711   0.002489    -2.64  0.0087
II#2018-01-14               -0.000576756   0.002411   -0.239  0.8111
II#2018-01-28                -0.00575330   0.002326    -2.47  0.0138
II#2018-02-11                 0.00247289   0.002167     1.14  0.2545
II#2018-03-25                 0.00101252   0.002117    0.478  0.6327
II#2018-04-29                -0.00273713   0.002075    -1.32  0.1879
II#2018-05-06               -0.000477208   0.002119   -0.225  0.8220
II#2018-05-20                 0.00820664   0.002502     3.28  0.0011
II#2018-05-27                 -0.0130028   0.002909    -4.47  0.0000
II#2018-06-03                  0.0326801   0.004097     7.98  0.0000
II#2018-07-01                 -0.0139821   0.003729    -3.75  0.0002
II#2018-07-15                 0.00894354   0.003557     2.51  0.0123
II#2018-08-26                  0.0113554   0.002097     5.41  0.0000
II#2018-09-02                -0.00723741   0.002261    -3.20  0.0015
II#2018-09-09                 0.00496795   0.002444     2.03  0.0428
II#2018-09-23                 0.00671264   0.002325     2.89  0.0041
II#2018-10-07                 0.00288156   0.002376     1.21  0.2260
II#2018-11-04                -0.00403299   0.002291    -1.76  0.0792
II#2018-11-18                 -0.0197312   0.002191    -9.00  0.0000
D_star_ETANOL_HIDRATADO  U    -0.0143897    0.01547   -0.930  0.3528
D_star_ETANOL_HIDRATADO_1U   -0.00774275    0.01671   -0.463  0.6434
D_star_ETANOL_HIDRATADO_2U    -0.0726336    0.01600    -4.54  0.0000
D_star_ETANOL_HIDRATADO_3U     0.0568776    0.01688     3.37  0.0008
D_star_ETANOL_HIDRATADO_4U     0.0170649    0.01660     1.03  0.3045
D_star_ETANOL_HIDRATADO_5U    -0.0216372    0.01722    -1.26  0.2098
D_star_ETANOL_HIDRATADO_6U   -0.00390564    0.01706   -0.229  0.8191
D_star_ETANOL_HIDRATADO_7U    0.00385186    0.01696    0.227  0.8204
D_star_ETANOL_HIDRATADO_8U   -0.00650047    0.01472   -0.442  0.6590
D_star_OLEO_DIESEL       U      0.302450    0.03294     9.18  0.0000
D_star_OLEO_DIESEL_1     U    -0.0494286    0.02614    -1.89  0.0595
D_star_OLEO_DIESEL_2     U    -0.0700341    0.02367    -2.96  0.0033
D_star_OLEO_DIESEL_3     U    -0.0519415    0.02859    -1.82  0.0700
D_star_OLEO_DIESEL_4     U    -0.0639884    0.02534    -2.52  0.0120
D_star_OLEO_DIESEL_5     U   -0.00352227    0.02444   -0.144  0.8855
D_star_OLEO_DIESEL_6     U     0.0137392    0.02495    0.551  0.5823
D_star_OLEO_DIESEL_7     U    -0.0156085    0.02661   -0.586  0.5579
D_star_OLEO_DIESEL_8     U     0.0217365    0.02290    0.949  0.3432
D_star_GASOLINA_COMUM    U      0.187718    0.04459     4.21  0.0000
D_star_GASOLINA_COMUM_1  U      0.202905    0.03548     5.72  0.0000
D_star_GASOLINA_COMUM_2  U      0.107087    0.03252     3.29  0.0011
D_star_GASOLINA_COMUM_3  U     0.0476498    0.03573     1.33  0.1832
D_star_GASOLINA_COMUM_4  U     0.0245200    0.03148    0.779  0.4365
D_star_GASOLINA_COMUM_5  U     0.0591427    0.03699     1.60  0.1107
D_star_GASOLINA_COMUM_6  U     0.0448896    0.03321     1.35  0.1773
D_star_GASOLINA_COMUM_7  U    -0.0149624    0.03664   -0.408  0.6832
D_star_GASOLINA_COMUM_8  U    -0.0428434    0.03205    -1.34  0.1822
betaZ_1                  U    -0.0129665   0.004421    -2.93  0.0036
D_brent                  U   -0.00246803   0.002983   -0.827  0.4085
D_brent_1                U  -0.000680296   0.003122   -0.218  0.8276
D_brent_2                U    0.00174098   0.002899    0.600  0.5486
D_brent_3                U  -0.000117567   0.003139  -0.0375  0.9701
D_brent_4                U    0.00673526   0.003103     2.17  0.0306
D_brent_5                U  -0.000912933   0.003150   -0.290  0.7721
D_brent_6                U    0.00329186   0.003119     1.06  0.2919
D_brent_7                U    0.00229433   0.003059    0.750  0.4537
D_brent_8                U  -0.000107354   0.003072  -0.0349  0.9721
D_lnCambio               U   -0.00315526   0.006048   -0.522  0.6022
D_lnCambio_1             U    0.00356736   0.005960    0.599  0.5498
D_lnCambio_2             U   -0.00418999   0.005774   -0.726  0.4685
D_lnCambio_3             U    0.00378010   0.006134    0.616  0.5381
D_lnCambio_4             U    0.00172310   0.005961    0.289  0.7727
D_lnCambio_5             U    0.00248413   0.005881    0.422  0.6730
D_lnCambio_6             U   -0.00596436   0.005858    -1.02  0.3093
D_lnCambio_7             U    0.00143516   0.005863    0.245  0.8067
D_lnCambio_8             U     0.0101515   0.005852     1.73  0.0836
Constant                 U    -0.0105646   0.003540    -2.98  0.0030
CSeasonal                U    0.00154139   0.001055     1.46  0.1449
CSeasonal_1              U    0.00114657  0.0009639     1.19  0.2350
CSeasonal_2              U    0.00156032  0.0008639     1.81  0.0717
CSeasonal_3              U    0.00196798  0.0008287     2.37  0.0181
CSeasonal_4              U   0.000789494  0.0008691    0.908  0.3643
CSeasonal_5              U    0.00255150  0.0008966     2.85  0.0047
CSeasonal_6              U   0.000499898  0.0009416    0.531  0.5958
CSeasonal_7              U    0.00204711  0.0009020     2.27  0.0238
CSeasonal_8              U    0.00113588  0.0009090     1.25  0.2122
CSeasonal_9              U   0.000700862  0.0009072    0.773  0.4403
CSeasonal_10             U    0.00108219  0.0009348     1.16  0.2478
CSeasonal_11             U    0.00192548  0.0008790     2.19  0.0291
CSeasonal_12             U    0.00183714  0.0008853     2.08  0.0387
CSeasonal_13             U    0.00170562  0.0008916     1.91  0.0565
CSeasonal_14             U  -0.000316765  0.0008973   -0.353  0.7243
CSeasonal_15             U    0.00167687  0.0008957     1.87  0.0620
CSeasonal_16             U   0.000371760  0.0009282    0.401  0.6890
CSeasonal_17             U    0.00211959  0.0009267     2.29  0.0227
CSeasonal_18             U    0.00178136  0.0009466     1.88  0.0606
CSeasonal_19             U    0.00111807  0.0009318     1.20  0.2310
CSeasonal_20             U    0.00197446  0.0009306     2.12  0.0345
CSeasonal_21             U    0.00124057  0.0009362     1.33  0.1859
CSeasonal_22             U  -0.000201064  0.0009193   -0.219  0.8270
CSeasonal_23             U    0.00198958  0.0009460     2.10  0.0361
CSeasonal_24             U    0.00198813  0.0009093     2.19  0.0294
CSeasonal_25             U    0.00180316   0.001043     1.73  0.0848
CSeasonal_26             U    0.00289244  0.0009630     3.00  0.0029
CSeasonal_27             U    0.00135838  0.0009023     1.51  0.1331
CSeasonal_28             U   0.000893671  0.0009369    0.954  0.3408
CSeasonal_29             U   0.000691897  0.0009481    0.730  0.4660
CSeasonal_30             U    0.00108290  0.0008963     1.21  0.2278
CSeasonal_31             U    0.00104987  0.0009064     1.16  0.2475
CSeasonal_32             U    0.00257256  0.0009080     2.83  0.0049
CSeasonal_33             U   0.000771299  0.0009754    0.791  0.4296
CSeasonal_34             U   7.58141e-05  0.0009346   0.0811  0.9354
CSeasonal_35             U    0.00354118   0.001005     3.52  0.0005
CSeasonal_36             U   0.000474666  0.0009532    0.498  0.6188
CSeasonal_37             U    0.00100901  0.0008803     1.15  0.2524
CSeasonal_38             U   0.000766512  0.0009068    0.845  0.3985
CSeasonal_39             U    0.00106098  0.0008655     1.23  0.2211
CSeasonal_40             U    0.00117822  0.0009181     1.28  0.2002
CSeasonal_41             U  -0.000116776  0.0009581   -0.122  0.9031
CSeasonal_42             U    0.00215686  0.0009117     2.37  0.0185
CSeasonal_43             U   0.000931486  0.0009518    0.979  0.3284
CSeasonal_44             U    0.00116834   0.001079     1.08  0.2797
CSeasonal_45             U   0.000934954  0.0008822     1.06  0.2899
CSeasonal_46             U    0.00195103  0.0009218     2.12  0.0350
CSeasonal_47             U   0.000335468  0.0009445    0.355  0.7227
CSeasonal_48             U   0.000140940  0.0008662    0.163  0.8708
CSeasonal_49             U  -0.000456120  0.0009569   -0.477  0.6339
CSeasonal_50             U  -0.000237600  0.0009633   -0.247  0.8053

sigma = 0.00186952   RSS = 0.001282704837

log-likelihood     10534.8488  -T/2log|Omega|      13578.472
|Omega|        3.19698068e-17  log|Y'Y/T|         -30.446632
R^2(LR)              0.999466  R^2(LM)              0.917061
no. of observations       715  no. of parameters        1044

F-test on regressors except unrestricted: F(750,1095) = 16.5517 [0.0000] **
F-tests on retained regressors, F(3,365) =
D_R_2_ETANOL_HIDRATADO_1       5.88232 [0.001]**D_R_2_ETANOL_HIDRATADO_2       1.68443 [0.170]  
D_R_2_ETANOL_HIDRATADO_3       3.07575 [0.028]* D_R_2_ETANOL_HIDRATADO_4       2.80557 [0.040]* 
D_R_2_ETANOL_HIDRATADO_5       2.71140 [0.045]* D_R_2_ETANOL_HIDRATADO_6       9.64018 [0.000]**
D_R_2_ETANOL_HIDRATADO_7       7.64299 [0.000]**D_R_2_ETANOL_HIDRATADO_8       6.43203 [0.000]**
D_R_2_OLEO_DIESEL_1       11.7568 [0.000]**D_R_2_OLEO_DIESEL_2       2.13396 [0.096]  
D_R_2_OLEO_DIESEL_3       4.14529 [0.007]**D_R_2_OLEO_DIESEL_4      0.328897 [0.804]  
D_R_2_OLEO_DIESEL_5       1.78902 [0.149]  D_R_2_OLEO_DIESEL_6      0.609872 [0.609]  
D_R_2_OLEO_DIESEL_7      0.350466 [0.789]  D_R_2_OLEO_DIESEL_8       1.07363 [0.360]  
D_R_2_GASOLINA_COMUM_1       17.9910 [0.000]**D_R_2_GASOLINA_COMUM_2       4.39305 [0.005]**
D_R_2_GASOLINA_COMUM_3       7.28960 [0.000]**D_R_2_GASOLINA_COMUM_4       9.71502 [0.000]**
D_R_2_GASOLINA_COMUM_5       8.12279 [0.000]**D_R_2_GASOLINA_COMUM_6       1.15173 [0.328]  
D_R_2_GASOLINA_COMUM_7       1.08591 [0.355]  D_R_2_GASOLINA_COMUM_8       5.63036 [0.001]**
II#2005-05-08       7.01984 [0.000]**II#2005-05-22       1.98482 [0.116]  
II#2005-06-05       10.5879 [0.000]**II#2005-06-26       2.61494 [0.051]  
II#2005-07-31       2.88184 [0.036]* II#2005-08-14       23.9665 [0.000]**
II#2005-08-21       29.4880 [0.000]**II#2005-08-28       24.0618 [0.000]**
II#2005-09-11       62.6635 [0.000]**II#2005-09-18       23.1997 [0.000]**
II#2005-10-02       143.825 [0.000]**II#2005-10-09       12.0073 [0.000]**
II#2005-10-23       1.83175 [0.141]  II#2005-10-30       25.0485 [0.000]**
II#2005-11-06       12.2473 [0.000]**II#2005-11-13       12.6854 [0.000]**
II#2005-11-27       7.11598 [0.000]**II#2005-12-18       2.51136 [0.058]  
II#2006-01-01       4.55727 [0.004]**II#2006-01-08       3.07345 [0.028]* 
II#2006-01-15       2.40582 [0.067]  II#2006-01-22       7.05396 [0.000]**
II#2006-01-29       7.24064 [0.000]**II#2006-02-05       3.89240 [0.009]**
II#2006-02-12       2.69983 [0.046]* II#2006-02-26       7.26542 [0.000]**
II#2006-03-05       19.3395 [0.000]**II#2006-03-19       10.1342 [0.000]**
II#2006-03-26       4.86351 [0.002]**II#2006-04-09       3.05752 [0.028]* 
II#2006-04-16       13.2425 [0.000]**II#2006-04-30       9.83960 [0.000]**
II#2006-05-14       7.86837 [0.000]**II#2006-05-21       5.67687 [0.001]**
II#2006-06-11       23.4345 [0.000]**II#2006-06-18       3.49024 [0.016]* 
II#2006-07-09       5.65883 [0.001]**II#2006-07-16       2.10774 [0.099]  
II#2006-07-23       5.63185 [0.001]**II#2006-07-30       4.04231 [0.008]**
II#2006-08-06       14.0717 [0.000]**II#2006-08-27       6.00895 [0.001]**
II#2006-09-03       17.4511 [0.000]**II#2006-09-10       4.55706 [0.004]**
II#2006-09-17       3.60683 [0.014]* II#2006-09-24       2.57834 [0.053]  
II#2006-10-01       2.17211 [0.091]  II#2006-10-08       2.00835 [0.112]  
II#2006-10-22       5.13567 [0.002]**II#2006-10-29       2.69945 [0.046]* 
II#2006-11-26       10.7089 [0.000]**II#2006-12-03       8.76856 [0.000]**
II#2006-12-17       3.94606 [0.009]**II#2006-12-31       3.00648 [0.030]* 
II#2007-01-14       2.78120 [0.041]* II#2007-02-11       2.65599 [0.048]* 
II#2007-03-04       2.14170 [0.095]  II#2007-03-25       4.74956 [0.003]**
II#2007-04-15       7.73795 [0.000]**II#2007-04-22       4.32853 [0.005]**
II#2007-05-06       7.65789 [0.000]**II#2007-05-13       11.1418 [0.000]**
II#2007-05-20       6.56071 [0.000]**II#2007-05-27       4.15169 [0.007]**
II#2007-06-03       4.58477 [0.004]**II#2007-06-10       5.04833 [0.002]**
II#2007-06-17       2.81278 [0.039]* II#2007-07-01       10.1237 [0.000]**
II#2007-07-08       3.66070 [0.013]* II#2007-07-15       2.65036 [0.049]* 
II#2007-07-22       9.84991 [0.000]**II#2007-07-29       13.4418 [0.000]**
II#2007-08-05       2.17232 [0.091]  II#2007-08-12       10.4717 [0.000]**
II#2007-08-19       7.28958 [0.000]**II#2007-09-02       6.43982 [0.000]**
II#2007-09-23       4.51831 [0.004]**II#2007-09-30       11.5886 [0.000]**
II#2007-10-07       17.9107 [0.000]**II#2007-10-14       2.78567 [0.041]* 
II#2007-10-28       3.82627 [0.010]* II#2007-11-04       4.08991 [0.007]**
II#2007-11-18       3.27403 [0.021]* II#2007-11-25       3.82341 [0.010]* 
II#2007-12-02       3.32753 [0.020]* II#2007-12-09       7.08539 [0.000]**
II#2007-12-16       10.3436 [0.000]**II#2007-12-23       2.23224 [0.084]  
II#2008-02-03       2.65228 [0.049]* II#2008-02-10       2.85120 [0.037]* 
II#2008-02-24       27.0612 [0.000]**II#2008-03-02       17.4131 [0.000]**
II#2008-03-09       6.47410 [0.000]**II#2008-04-13       4.68138 [0.003]**
II#2008-05-04       21.1832 [0.000]**II#2008-05-25       3.90167 [0.009]**
II#2008-06-22       3.20969 [0.023]* II#2008-07-06       12.7074 [0.000]**
II#2008-08-03       6.96673 [0.000]**II#2008-08-17       8.06919 [0.000]**
II#2008-12-28       4.36576 [0.005]**II#2009-02-01       3.74047 [0.011]* 
II#2009-03-15       5.88565 [0.001]**II#2009-05-17       2.93426 [0.033]* 
II#2009-05-24       5.31686 [0.001]**II#2009-07-19       4.14315 [0.007]**
II#2009-08-09       7.78113 [0.000]**II#2009-08-16       21.4557 [0.000]**
II#2009-08-23       24.2109 [0.000]**II#2009-08-30       18.9938 [0.000]**
II#2009-09-06       25.1556 [0.000]**II#2009-09-13       7.02500 [0.000]**
II#2009-09-27       189.863 [0.000]**II#2009-10-04       60.1020 [0.000]**
II#2009-10-18       7.12320 [0.000]**II#2009-11-01       12.7437 [0.000]**
II#2009-11-22       42.0212 [0.000]**II#2009-12-06       14.0646 [0.000]**
II#2009-12-13       4.50668 [0.004]**II#2009-12-27       20.6103 [0.000]**
II#2010-01-03       12.4620 [0.000]**II#2010-01-10       8.51019 [0.000]**
II#2010-01-17       7.57086 [0.000]**II#2010-01-24       116.890 [0.000]**
II#2010-01-31       20.1683 [0.000]**II#2010-04-04       4.82394 [0.003]**
II#2010-04-11       10.4251 [0.000]**II#2010-04-18       10.0496 [0.000]**
II#2010-06-06       4.03814 [0.008]**II#2010-06-13       16.7678 [0.000]**
II#2010-07-25       13.0520 [0.000]**II#2010-08-01       7.18215 [0.000]**
II#2010-09-26       19.2877 [0.000]**II#2010-10-24       5.93583 [0.001]**
II#2010-12-05       12.8361 [0.000]**II#2011-01-16       8.47950 [0.000]**
II#2011-01-30       53.6081 [0.000]**II#2011-03-13       8.34143 [0.000]**
II#2011-03-20       12.1393 [0.000]**II#2011-03-27       33.6195 [0.000]**
II#2011-04-03       6.36236 [0.000]**II#2011-04-10       23.3714 [0.000]**
II#2011-04-24       25.2856 [0.000]**II#2011-05-08       30.9214 [0.000]**
II#2011-05-15       20.2729 [0.000]**II#2011-05-22       16.3893 [0.000]**
II#2011-06-05       6.33718 [0.000]**II#2011-06-12       10.4456 [0.000]**
II#2011-07-10       6.77372 [0.000]**II#2011-07-17       11.0064 [0.000]**
II#2011-12-04       4.43421 [0.004]**II#2012-02-12       4.57300 [0.004]**
II#2012-08-05       7.25169 [0.000]**II#2012-08-12       11.5907 [0.000]**
II#2012-09-16       16.3578 [0.000]**II#2012-09-23       27.6748 [0.000]**
II#2013-02-03       35.0168 [0.000]**II#2013-02-24       15.3718 [0.000]**
II#2013-03-17       7.82394 [0.000]**II#2013-03-24       11.6446 [0.000]**
II#2013-03-31       7.23196 [0.000]**II#2013-04-07       18.6827 [0.000]**
II#2014-02-23       7.80170 [0.000]**II#2014-03-09       6.73477 [0.000]**
II#2014-11-16       10.9387 [0.000]**II#2015-02-01       35.9123 [0.000]**
II#2015-02-08       8.83542 [0.000]**II#2015-03-08       16.9549 [0.000]**
II#2015-08-16       19.6941 [0.000]**II#2015-08-23       21.6973 [0.000]**
II#2015-09-06       9.27621 [0.000]**II#2015-09-20       31.9113 [0.000]**
II#2015-10-04       35.7195 [0.000]**II#2015-11-01       7.47063 [0.000]**
II#2015-11-22       5.14365 [0.002]**II#2016-01-03       5.53317 [0.001]**
II#2016-01-31       17.0991 [0.000]**II#2016-03-27       21.8364 [0.000]**
II#2016-11-27       8.99950 [0.000]**II#2016-12-04       15.0243 [0.000]**
II#2016-12-11       3.74426 [0.011]* II#2017-01-08       12.7556 [0.000]**
II#2017-01-15       4.15906 [0.006]**II#2017-01-29       11.1935 [0.000]**
II#2017-03-12       6.57982 [0.000]**II#2017-03-26       8.19503 [0.000]**
II#2017-04-09       4.73996 [0.003]**II#2017-06-18       106.999 [0.000]**
II#2017-07-23       3.81394 [0.010]* II#2017-07-30       108.525 [0.000]**
II#2017-08-06       6.85906 [0.000]**II#2017-08-13       8.81273 [0.000]**
II#2017-08-20       19.7330 [0.000]**II#2017-08-27       21.7142 [0.000]**
II#2017-09-03       6.07810 [0.000]**II#2017-09-10       4.46444 [0.004]**
II#2017-09-17       7.88832 [0.000]**II#2017-09-24       5.13984 [0.002]**
II#2017-10-08       2.43711 [0.064]  II#2017-10-29       2.02675 [0.110]  
II#2017-11-12       14.4848 [0.000]**II#2017-11-19       29.7868 [0.000]**
II#2017-11-26       31.0946 [0.000]**II#2017-12-03       15.6899 [0.000]**
II#2017-12-10       15.3145 [0.000]**II#2017-12-24       3.61614 [0.013]* 
II#2017-12-31       10.1995 [0.000]**II#2018-01-07       4.69991 [0.003]**
II#2018-01-14       1.73610 [0.159]  II#2018-01-28       2.41542 [0.066]  
II#2018-02-11       4.59371 [0.004]**II#2018-03-25       11.3445 [0.000]**
II#2018-04-29       3.75139 [0.011]* II#2018-05-06       11.7599 [0.000]**
II#2018-05-20       17.8731 [0.000]**II#2018-05-27       23.6644 [0.000]**
II#2018-06-03       62.2950 [0.000]**II#2018-07-01       7.33911 [0.000]**
II#2018-07-15       4.83421 [0.003]**II#2018-08-26       12.2419 [0.000]**
II#2018-09-02       11.8078 [0.000]**II#2018-09-09       46.3162 [0.000]**
II#2018-09-23       26.1631 [0.000]**II#2018-10-07       5.06113 [0.002]**
II#2018-11-04       3.68181 [0.012]* II#2018-11-18       36.9577 [0.000]**
D_star_ETANOL_HIDRATADO U     6.46965 [0.000]**D_star_ETANOL_HIDRATADO_1 U     1.62742 [0.183]  
D_star_ETANOL_HIDRATADO_2 U     8.36743 [0.000]**D_star_ETANOL_HIDRATADO_3 U     5.92628 [0.001]**
D_star_ETANOL_HIDRATADO_4 U     3.30125 [0.020]* D_star_ETANOL_HIDRATADO_5 U     5.71383 [0.001]**
D_star_ETANOL_HIDRATADO_6 U     6.07035 [0.000]**D_star_ETANOL_HIDRATADO_7 U     2.61027 [0.051]  
D_star_ETANOL_HIDRATADO_8 U     2.61342 [0.051]  D_star_OLEO_DIESEL U     66.2022 [0.000]**
D_star_OLEO_DIESEL_1 U     6.15692 [0.000]**D_star_OLEO_DIESEL_2 U     6.73846 [0.000]**
D_star_OLEO_DIESEL_3 U     3.91160 [0.009]**D_star_OLEO_DIESEL_4 U     2.38874 [0.069]  
D_star_OLEO_DIESEL_5 U    0.676635 [0.567]  D_star_OLEO_DIESEL_6 U     3.03910 [0.029]* 
D_star_OLEO_DIESEL_7 U    0.438809 [0.725]  D_star_OLEO_DIESEL_8 U     1.64842 [0.178]  
D_star_GASOLINA_COMUM U     8.28676 [0.000]**D_star_GASOLINA_COMUM_1 U     13.1159 [0.000]**
D_star_GASOLINA_COMUM_2 U     3.97960 [0.008]**D_star_GASOLINA_COMUM_3 U    0.936785 [0.423]  
D_star_GASOLINA_COMUM_4 U     1.43385 [0.233]  D_star_GASOLINA_COMUM_5 U     5.51768 [0.001]**
D_star_GASOLINA_COMUM_6 U    0.757500 [0.519]  D_star_GASOLINA_COMUM_7 U    0.461167 [0.710]  
D_star_GASOLINA_COMUM_8 U    0.987127 [0.399]       betaZ_1 U     4.35717 [0.005]**
     D_brent U    0.795645 [0.497]     D_brent_1 U     1.49059 [0.217]  
   D_brent_2 U     2.39987 [0.068]     D_brent_3 U   0.0795241 [0.971]  
   D_brent_4 U     4.64769 [0.003]**   D_brent_5 U    0.822635 [0.482]  
   D_brent_6 U     1.53903 [0.204]     D_brent_7 U     2.16517 [0.092]  
   D_brent_8 U     2.22919 [0.084]    D_lnCambio U     1.14455 [0.331]  
D_lnCambio_1 U    0.533393 [0.660]  D_lnCambio_2 U    0.882310 [0.450]  
D_lnCambio_3 U    0.486701 [0.692]  D_lnCambio_4 U    0.231269 [0.875]  
D_lnCambio_5 U   0.0981313 [0.961]  D_lnCambio_6 U     2.49899 [0.059]  
D_lnCambio_7 U     1.43718 [0.232]  D_lnCambio_8 U     1.15134 [0.328]  
    Constant U     4.49169 [0.004]**   CSeasonal U     1.06542 [0.364]  
 CSeasonal_1 U     1.88079 [0.132]   CSeasonal_2 U     1.53972 [0.204]  
 CSeasonal_3 U     2.62077 [0.051]   CSeasonal_4 U     1.01188 [0.387]  
 CSeasonal_5 U     3.96312 [0.008]** CSeasonal_6 U     1.91713 [0.126]  
 CSeasonal_7 U     4.17389 [0.006]** CSeasonal_8 U     2.40031 [0.068]  
 CSeasonal_9 U     2.59090 [0.053]  CSeasonal_10 U     2.06087 [0.105]  
CSeasonal_11 U     3.40331 [0.018]* CSeasonal_12 U     4.03820 [0.008]**
CSeasonal_13 U     2.16316 [0.092]  CSeasonal_14 U     1.37449 [0.250]  
CSeasonal_15 U     5.76722 [0.001]**CSeasonal_16 U     1.00462 [0.391]  
CSeasonal_17 U     4.21709 [0.006]**CSeasonal_18 U     1.22085 [0.302]  
CSeasonal_19 U     1.07782 [0.358]  CSeasonal_20 U     2.19896 [0.088]  
CSeasonal_21 U    0.656709 [0.579]  CSeasonal_22 U    0.601966 [0.614]  
CSeasonal_23 U     1.73758 [0.159]  CSeasonal_24 U     2.82668 [0.039]* 
CSeasonal_25 U     1.18212 [0.316]  CSeasonal_26 U     3.53333 [0.015]* 
CSeasonal_27 U    0.820815 [0.483]  CSeasonal_28 U    0.525040 [0.665]  
CSeasonal_29 U    0.336966 [0.799]  CSeasonal_30 U     1.26278 [0.287]  
CSeasonal_31 U     1.50089 [0.214]  CSeasonal_32 U     3.03309 [0.029]* 
CSeasonal_33 U     1.12461 [0.339]  CSeasonal_34 U     2.86535 [0.037]* 
CSeasonal_35 U     4.86800 [0.002]**CSeasonal_36 U     2.27196 [0.080]  
CSeasonal_37 U     2.79487 [0.040]* CSeasonal_38 U    0.833371 [0.476]  
CSeasonal_39 U     1.08028 [0.357]  CSeasonal_40 U     3.34698 [0.019]* 
CSeasonal_41 U     1.00083 [0.393]  CSeasonal_42 U     2.16035 [0.092]  
CSeasonal_43 U    0.834541 [0.476]  CSeasonal_44 U    0.469952 [0.703]  
CSeasonal_45 U    0.782156 [0.504]  CSeasonal_46 U     2.17792 [0.090]  
CSeasonal_47 U     1.09460 [0.351]  CSeasonal_48 U     1.56908 [0.196]  
CSeasonal_49 U     3.88415 [0.009]**CSeasonal_50 U     4.09437 [0.007]**

correlation of URF residuals (standard deviations on diagonal)
                      D_R_2_ETANOL_HIDRATADOD_R_2_OLEO_DIESELD_R_2_GASOLINA_COMUM
D_R_2_ETANOL_HIDRATADO    0.0034577      0.13397      0.27843
D_R_2_OLEO_DIESEL           0.13397    0.0026022      0.30264
D_R_2_GASOLINA_COMUM        0.27843      0.30264    0.0018695
correlation between actual and fitted
D_R_2_ETANOL_HIDRATADOD_R_2_OLEO_DIESELD_R_2_GASOLINA_COMUM
      0.97322      0.98329      0.98544

Single equation statistics
                            mean(Y)        se(Y)        sigma          R^2
D_R_2_ETANOL_HIDRATADO    0.0011188     0.010784    0.0034577      0.94716
D_R_2_OLEO_DIESEL        0.00098259     0.010247    0.0026022      0.96686
D_R_2_GASOLINA_COMUM     0.00076528    0.0078828    0.0018695      0.97109

Single-equation diagnostics using reduced-form residuals:
                               AR 1-7            ARCH 1-7           Normality              Hetero   
D_R_2_ETANOL_HIDRATADO    2.04 [0.0498]*      0.72 [0.6539]      50.76 [0.0000]**     1.14 [0.1583]   
D_R_2_OLEO_DIESEL       0.65 [0.7127]       0.73 [0.6434]      68.73 [0.0000]**     0.93 [0.7035]   
D_R_2_GASOLINA_COMUM    1.15 [0.3329]       2.61 [0.0115]*     59.51 [0.0000]**     1.25 [0.0410]*  

Vector AR 1-7 test:      F(63,1027)=   1.1013 [0.2787]  
Vector Normality test:   Chi^2(6)  =   167.26 [0.0000]**
Vector Hetero test:      F(1146,1761)=   1.1157 [0.0202]* 
Vector RESET23 test:     F(18,1015)=   5.6222 [0.0000]**
When the log-likelihood constant is NOT included:
AIC                  -35.0615  SC                   -28.3853
HQ                   -32.4833  FPE              -1.70927e-16
When the log-likelihood constant is included:
AIC                  -26.5478  SC                   -19.8717
HQ                   -23.9696  FPE              -8.51595e-13

          AIC           SC           HQ          FPE
      -26.548      -19.872      -23.970  -8.5159e-13
>>> AIC: -26.5478
>>> SC: -19.8717
>>> HQ: -23.9696
Fazendo aquisicao de parametros
Processo Extracao da matriz de saturacao (IIS)
Processo Extracao da matriz de longo prazo
Processo Lambda iniciado
Processo Lambda finalizado
Processo Phi iniciado
Processo Phi finalizado
Processo U iniciado
Processo U finalizado
Processo Extracao das variaveis macroeconomicas (matrix de longo Prazo inclusive)

Apagando o modelo PcGive referente a regiao 2


*****************************************
             Regiao 3
*****************************************

Iniciando um nomo objeto do tipo PcGive referente a regiao 3
PcGive package version 16.10, object created on  4-06-2025
(C) Jurgen A Doornik - requires a licensed version of PcGive Professional

Carregando base de dados para regiao 3
	Periodo da base de dados
	Data inicial: 2004-5
	Data final: 2018-41
(1) Iniciando construcao das variaveis star para a regiao 3
	Adicionando variavel star da regiao 3
	Adicionando variavel star da regiao 3 (ETANOL_HIDRATADO)
	Adicionando variavel star da regiao 3 (OLEO_DIESEL)
	Adicionando variavel star da regiao 3 (GASOLINA_COMUM)
	Concluido construcao das variaveis star para a regiao 3
(2) Iniciando construcao da variavel Delta para a regiao 3
	Adicionando variavel Delta da regiao 3 (ETANOL_HIDRATADO)
	Adicionando variavel Delta* da regiao 3 (star_ETANOL_HIDRATADO)
	Adicionando variavel Delta da regiao 3 (OLEO_DIESEL)
	Adicionando variavel Delta* da regiao 3 (star_OLEO_DIESEL)
	Adicionando variavel Delta da regiao 3 (GASOLINA_COMUM)
	Adicionando variavel Delta* da regiao 3 (star_GASOLINA_COMUM)
	Concluido construcao da variavel Delta para a regiao 3
(3) Iniciando construcao da variavel beta*Z (Cointegracao) para a regiao 3
	Adicionando variavel R_3_ETANOL_HIDRATADO
	Adicionando variavel R_3_OLEO_DIESEL
	Adicionando variavel R_3_GASOLINA_COMUM
	Adicionando variavel star_ETANOL_HIDRATADO
	Adicionando variavel star_OLEO_DIESEL
	Adicionando variavel star_GASOLINA_COMUM
	Adicionando variavel brent
	Adicionando variavel lnCambio

                ETA          DIS          GAS         ETA*         DIS*         GAS*        brent           FX
T_1         0.59070      0.54430      0.87020      0.14562      0.36022      0.69853       3.6298       1.1361
T_2         0.59014      0.53902      0.89118      0.13633      0.36220      0.69562       3.6192       1.1460
T_3         0.59098      0.53941      0.89118      0.16242      0.35923      0.69812       3.6137       1.1467
T_4         0.59125      0.53902      0.88995      0.20858      0.36198      0.70544       3.6110       1.1436
            0.59084      0.53815      0.89056      0.21490      0.35947      0.70987       3.5694       1.1379
            0.59125      0.53970      0.89077      0.21253      0.37155      0.71194       3.5746       1.1446

                T_1          T_2          T_3          T_4                                                    
ETA         0.00000      0.00000      0.00000      0.00000      0.00000      0.00000      0.00000      0.00000
rows: 
[0] = betaZ_1
	Concluido construcao da variavel beta*Z (Cointegracao) para a regiao 3
(4) Iniciando adicao de macrovariaveis para a regiao 3
	Adicao de macrovariaveis em primeira differenca para a regiao 3
(6) Construindo modelo de estimacao da regiao 3
	Adicionando variavel dependente da regiao 3 (ETANOL_HIDRATADO)
	Adicionando variavel dependente da regiao 3 (OLEO_DIESEL)
	Adicionando variavel dependente da regiao 3 (GASOLINA_COMUM)
	Adicionando variavel independente (lag da independente) da regiao 3 (ETANOL_HIDRATADO)
	Adicionando variavel independente (lag da independente) da regiao 3 (OLEO_DIESEL)
	Adicionando variavel independente (lag da independente) da regiao 3 (GASOLINA_COMUM)
	Adicionando variavel star da regiao 3 (ETANOL_HIDRATADO)
	Adicionando variavel star da regiao 3 (OLEO_DIESEL)
	Adicionando variavel star da regiao 3 (GASOLINA_COMUM)
	Adicionado: D_brent
	Adicionado: D_lnCambio
	Adicionado: Constant
	Adicionado: CSeasonal U
Processo IIS LIGADO para esta regiao
INICIANDO ESTIMACAO

Autometrics identification block search over regressors
no. initial regressors    715  no. of observations       715
significance level       0.01  block method         standard
extension effort     standard  reduction effort     standard
block backtesting        GUM0  used in blocks      A,B,C1,D1


A. Step 1: block search for omitted regressors
   significance           0.01  diagnostics             off
   no of blocks              6  blocked by         variable
   0(127):15 1(127):13 2(127):0 3(127):0 4(127):0 5(80):29  found: 57
A. Step 2   size= 57 #pars= 531 loglik=     8523.10 selected: 55

B. Step 1: block search for omitted regressors
   significance           0.01  diagnostics         delayed
   no of blocks              6  blocked by         variable
   0(182):72 1(182):0 2(182):0 3(182):0 4(182):11 5(80):1  found: 84
B. Step 2   size=139 #pars= 591 loglik=     8892.60 selected: 75

B. Step 1: block search for omitted regressors
   significance           0.01  diagnostics         delayed
   no of blocks              6  blocked by         variable
   0(202):0 1(202):0 2(202):14 3(202):0 4(202):0 5(80):0  found: 14
B. Step 2   size= 89 #pars= 633 loglik=     9145.04 selected: 89

B. Step 1: block search for omitted regressors
   significance           0.01  diagnostics              on
   no of blocks              5  blocked by         variable
   0(216):0 1(216):0 2(216):0 3(216):73 4(207):22  found: 95
B. Step 2   size=184 #pars= 723 loglik=     9511.53 selected: 119

B. Step 1: block search for omitted regressors
   significance           0.01  diagnostics              on
   no of blocks              5  blocked by         variable
   0(246):16 1(246):0 2(246):6 3(246):0 4(207):0  found: 22
B. Step 2   size=141 #pars= 765 loglik=     9777.85 selected: 133

B. Step 1: block search for omitted regressors
   significance           0.01  diagnostics              on
   no of blocks              5  blocked by         variable
   0(260):0 1(260):28 2(260):6 3(260):0 4(207):7  found: 41
B. Step 2   size=174 #pars= 819 loglik=     10066.3 selected: 151

B. Step 1: block search for omitted regressors
   significance           0.01  diagnostics              on
   no of blocks              5  blocked by         variable
   0(278):0 1(278):0 2(278):6 3(278):0 4(207):0  found: 6
B. Step 2   size=157 #pars= 837 loglik=     10131.9 selected: 157

B. Step 1: block search for omitted regressors
   significance           0.01  diagnostics              on
   no of blocks              5  blocked by         variable
   0(284):0 1(284):0 2(284):0 3(284):0 4(207):1  found: 1
B. Step 2   size=158 #pars= 840 loglik=     10142.1 selected: 158

B. Step 1: block search for omitted regressors
   significance           0.01  diagnostics              on
   no of blocks              5  blocked by         variable
   0(285):0 1(285):0 2(285):0 3(285):0 4(207):0  found: 0

C. Step 1: block search for omitted regressors
   significance           0.02  diagnostics              on
   no of blocks              5  blocked by         variable
   0(285):0 1(285):0 2(285):0 3(285):0 4(207):2  found: 2
C. Step 2   size=160 #pars= 819 loglik=     10071.6 selected: 151

Block search complete, estimated 13391 models in 18:58.42
- final selection size=165 regs=165 total= 287 loglik=     10171.1


---------- Autometrics: dimensions of initial GUM ----------
no. of observations       715  no. of parameters         861
no. free regressors (k1)  165  no. free components (k2)    0
no. of equations            3  no. diagnostic tests        4

Fixed regressors:  D_R_3_ETANOL_HIDRATADO_1 D_R_3_ETANOL_HIDRATADO_2 D_R_3_ETANOL_HIDRATADO_3 D_R_3_ETANOL_HIDRATADO_4
 D_R_3_ETANOL_HIDRATADO_5 D_R_3_ETANOL_HIDRATADO_6 D_R_3_ETANOL_HIDRATADO_7 D_R_3_ETANOL_HIDRATADO_8
 D_R_3_OLEO_DIESEL_1 D_R_3_OLEO_DIESEL_2 D_R_3_OLEO_DIESEL_3 D_R_3_OLEO_DIESEL_4 D_R_3_OLEO_DIESEL_5
 D_R_3_OLEO_DIESEL_6 D_R_3_OLEO_DIESEL_7 D_R_3_OLEO_DIESEL_8 D_R_3_GASOLINA_COMUM_1 D_R_3_GASOLINA_COMUM_2
 D_R_3_GASOLINA_COMUM_3 D_R_3_GASOLINA_COMUM_4 D_R_3_GASOLINA_COMUM_5 D_R_3_GASOLINA_COMUM_6 D_R_3_GASOLINA_COMUM_7
 D_R_3_GASOLINA_COMUM_8 D_star_ETANOL_HIDRATADO D_star_ETANOL_HIDRATADO_1 D_star_ETANOL_HIDRATADO_2 D_star_ETANOL_HIDRATADO_3
 D_star_ETANOL_HIDRATADO_4 D_star_ETANOL_HIDRATADO_5 D_star_ETANOL_HIDRATADO_6 D_star_ETANOL_HIDRATADO_7
 D_star_ETANOL_HIDRATADO_8 D_star_OLEO_DIESEL D_star_OLEO_DIESEL_1 D_star_OLEO_DIESEL_2 D_star_OLEO_DIESEL_3
 D_star_OLEO_DIESEL_4 D_star_OLEO_DIESEL_5 D_star_OLEO_DIESEL_6 D_star_OLEO_DIESEL_7 D_star_OLEO_DIESEL_8
 D_star_GASOLINA_COMUM D_star_GASOLINA_COMUM_1 D_star_GASOLINA_COMUM_2 D_star_GASOLINA_COMUM_3 D_star_GASOLINA_COMUM_4
 D_star_GASOLINA_COMUM_5 D_star_GASOLINA_COMUM_6 D_star_GASOLINA_COMUM_7 D_star_GASOLINA_COMUM_8 betaZ_1
 D_brent D_brent_1 D_brent_2 D_brent_3 D_brent_4 D_brent_5 D_brent_6 D_brent_7 D_brent_8 D_lnCambio D_lnCambio_1
 D_lnCambio_2 D_lnCambio_3 D_lnCambio_4 D_lnCambio_5 D_lnCambio_6 D_lnCambio_7 D_lnCambio_8 Constant
 CSeasonal CSeasonal_1 ... CSeasonal_50

Presearch reduction: none removed

[0.3] Testing GUM 0 at 0.114127:  LRF(495) [0.0000] kept

[1.0] Start of Autometrics tree search

Searching from GUM 0  k= 165 loglik=     10171.1
Found new terminal 1  k= 159 loglik=     10152.8 SC=   -20.651

Searching for contrasting terminals in terminal paths

Encompassing test against GUM 0 removes: none

Searching from GUM 1  k= 159 loglik=     10152.8 LRF_GUM0( 6) [0.2347]
Recalling terminal 1  k= 159 loglik=     10152.8 SC=   -20.651

Searching for contrasting terminals in terminal paths

[2.0] Selection of final model from terminal candidates: terminal 1

p-values in Final GUM and terminal model(s)
                 Final GUM  terminal 1
II#2005-05-29   0.00093648  0.00093648
II#2005-08-07   0.00000000  0.00000000
II#2005-08-14   0.00000000  0.00000000
II#2005-08-21   0.00005884  0.00005884
II#2005-09-04   0.00000000  0.00000000
II#2005-09-11   0.00000070  0.00000070
II#2005-09-18   0.00000000  0.00000000
II#2005-09-25   0.00000000  0.00000000
II#2005-10-09   0.00000000  0.00000000
II#2005-10-23   0.00000235  0.00000235
II#2005-10-30   0.00000000  0.00000000
II#2005-11-06   0.00000004  0.00000004
II#2005-11-13   0.00000000  0.00000000
II#2005-12-04   0.00000000  0.00000000
II#2005-12-11   0.00000053  0.00000053
II#2005-12-18   0.00421310  0.00421310
II#2006-01-01   0.00000000  0.00000000
II#2006-01-08   0.00000062  0.00000062
II#2006-01-22   0.00000348  0.00000348
II#2006-01-29   0.00000102  0.00000102
II#2006-02-05   0.00000000  0.00000000
II#2006-03-12   0.00000143  0.00000143
II#2006-03-19   0.00000109  0.00000109
II#2006-04-09   0.00000000  0.00000000
II#2006-05-14   0.00012559  0.00012559
II#2006-05-28   0.00000000  0.00000000
II#2006-07-23   0.00044333  0.00044333
II#2006-07-30   0.00013625  0.00013625
II#2006-08-06   0.00016872  0.00016872
II#2007-04-29   0.00075081  0.00075081
II#2007-05-20   0.00014659  0.00014659
II#2007-05-27   0.00003567  0.00003567
II#2007-07-29   0.00000000  0.00000000
II#2007-08-05   0.00000000  0.00000000
II#2007-08-26   0.00000000  0.00000000
II#2007-09-02   0.00000000  0.00000000
II#2007-09-16   0.00000000  0.00000000
II#2007-09-23   0.00208932  0.00208932
II#2007-11-18   0.00000000  0.00000000
II#2007-12-30   0.00000000  0.00000000
II#2008-01-06   0.00000000  0.00000000
II#2008-05-04   0.00000000  0.00000000
II#2008-07-20   0.00004816  0.00004816
II#2008-09-21   0.00000089  0.00000089
II#2009-06-14   0.00007231  0.00007231
II#2009-08-16   0.00000000  0.00000000
II#2009-08-23   0.00000000  0.00000000
II#2009-08-30   0.00000000  0.00000000
II#2009-09-13   0.00000017  0.00000017
II#2009-09-20   0.00000000  0.00000000
II#2009-09-27   0.00000000  0.00000000
II#2009-10-25   0.00034554  0.00034554
II#2009-11-01   0.00000000  0.00000000
II#2009-11-15   0.00000000  0.00000000
II#2010-01-10   0.00000000  0.00000000
II#2010-01-31   0.00000000  0.00000000
II#2010-02-07   0.00117363  0.00117363
II#2010-12-19   0.00037296  0.00037296
II#2011-02-20   0.00000000  0.00000000
II#2011-02-27   0.00000000  0.00000000
II#2011-03-13   0.00000909  0.00000909
II#2011-04-03   0.00000078  0.00000078
II#2011-04-10   0.00000000  0.00000000
II#2011-05-01   0.00000000  0.00000000
II#2011-05-08   0.00000000  0.00000000
II#2011-06-05   0.00062721  0.00062721
II#2011-07-03   0.00000000  0.00000000
II#2011-07-10   0.00059208  0.00059208
II#2011-09-11   0.00324986  0.00324986
II#2011-09-25   0.00000000  0.00000000
II#2011-10-02   0.00000000  0.00000000
II#2011-10-09   0.00238787  0.00238787
II#2012-04-01   0.00478183  0.00478183
II#2012-06-17   0.00205899  0.00205899
II#2012-07-15   0.00138146  0.00138146
II#2012-10-21   0.00421838  0.00421838
II#2012-12-30   0.00000064  0.00000064
II#2013-01-06   0.00000110  0.00000110
II#2013-02-03   0.00000000  0.00000000
II#2013-02-10   0.00000000  0.00000000
II#2013-02-24   0.00000000  0.00000000
II#2013-03-03   0.00288443  0.00288443
II#2013-04-07   0.00000488  0.00000488
II#2013-06-16   0.00000000  0.00000000
II#2013-06-30   0.00000107  0.00000107
II#2013-10-06   0.00167664  0.00167664
II#2013-10-20   0.00158392  0.00158392
II#2013-11-03   0.00459446  0.00459446
II#2013-12-01   0.00000000  0.00000000
II#2014-01-12   0.00033703  0.00033703
II#2014-03-30   0.00491001  0.00491001
II#2014-04-20   0.00000000  0.00000000
II#2014-05-04   0.00000000  0.00000000
II#2014-05-11   0.00000000  0.00000000
II#2014-05-18   0.00000002  0.00000002
II#2014-11-16   0.00000000  0.00000000
II#2015-02-01   0.00000000  0.00000000
II#2015-02-08   0.00000000  0.00000000
II#2015-02-15   0.00002876  0.00002876
II#2015-02-22   0.00000005  0.00000005
II#2015-10-04   0.00000000  0.00000000
II#2015-10-18   0.00004236  0.00004236
II#2015-10-25   0.00000000  0.00000000
II#2015-11-15   0.00000048  0.00000048
II#2015-12-13   0.00117439  0.00117439
II#2016-03-06   0.00003105  0.00003105
II#2016-09-18   0.00095847  0.00095847
II#2016-10-30   0.00000004  0.00000004
II#2016-11-20   0.00000000  0.00000000
II#2016-11-27   0.00331992  0.00331992
II#2016-12-04   0.00000000  0.00000000
II#2016-12-11   0.00000000  0.00000000
II#2016-12-18   0.00323114  0.00323114
II#2017-01-15   0.00001749  0.00001749
II#2017-01-22   0.00004120  0.00004120
II#2017-06-25   0.00000001  0.00000001
II#2017-07-23   0.00000000  0.00000000
II#2017-08-06   0.00000000  0.00000000
II#2017-08-13   0.00000000  0.00000000
II#2017-08-20   0.00000000  0.00000000
II#2017-08-27   0.00000000  0.00000000
II#2017-09-03   0.00000000  0.00000000
II#2017-09-10   0.00000000  0.00000000
II#2017-09-17   0.00000000  0.00000000
II#2017-09-24   0.00000000  0.00000000
II#2017-10-01   0.00000000  0.00000000
II#2017-10-08   0.00000000  0.00000000
II#2017-10-15   0.00000000  0.00000000
II#2017-10-22   0.00000000  0.00000000
II#2017-10-29   0.00000000  0.00000000
II#2017-11-05   0.00000000  0.00000000
II#2017-11-12   0.00000538  0.00000538
II#2017-11-19   0.00000000  0.00000000
II#2017-11-26   0.00000000  0.00000000
II#2017-12-03   0.00000000  0.00000000
II#2017-12-10   0.00000000  0.00000000
II#2017-12-17   0.00000000  0.00000000
II#2017-12-24   0.00000000  0.00000000
II#2017-12-31   0.00000000  0.00000000
II#2018-01-14   0.00270672  0.00270672
II#2018-02-18   0.00000097  0.00000097
II#2018-03-25   0.00000000  0.00000000
II#2018-04-08   0.00000076  0.00000076
II#2018-04-22   0.00401122  0.00401122
II#2018-04-29   0.00001051  0.00001051
II#2018-05-06   0.00000000  0.00000000
II#2018-05-20   0.00000000  0.00000000
II#2018-05-27   0.00043203  0.00043203
II#2018-06-03   0.00000000  0.00000000
II#2018-07-01   0.00567171  0.00567171
II#2018-09-09   0.00000000  0.00000000
II#2018-09-16   0.00055913  0.00055913
II#2018-09-23   0.00000000  0.00000000
II#2018-11-04   0.00011202  0.00011202
II#2018-11-11   0.00000183  0.00000183
II#2018-11-18   0.00000055  0.00000055
II#2018-12-09   0.00445637  0.00445637
II#2018-12-16   0.00000000  0.00000000
II#2018-12-30   0.00000000  0.00000000
k                      159         159
parameters             843         843
loglik              10153.      10153.
AIC                -26.041     -26.041
HQ                 -23.960     -23.960
SC                 -20.651     -20.651
                               =======

p-values of diagnostic checks for model validity
          Initial GUM     cut-off   Final GUM     cut-off Final model
AR(7)         0.01635     0.01000     0.03087     0.01000     0.03087
Normality     0.00000     0.00000     0.00000     0.00000     0.00000
Hetero        0.54402     0.01000     0.22511     0.01000     0.22511
Chow(70%)     1.00000     0.01000     1.00000     0.01000     1.00000

*** Warning: Final model failed 1 diagnostic test(s)

Summary of Autometrics search
initial search space    2^165  final search space      2^159
no. estimated models       23  no. terminal models         1
test form                LR-F  target size        Small:0.01
large residuals            no  presearch reduction      lags
backtesting              GUM0  tie-breaker                SC
diagnostics p-value      0.01  search effort        standard
time                 18:59.51  Autometrics version       2.3

*** Warning: regressors are linearly dependent (numerically or exact - some coefficients set to zero)

SYS( 2) Estimating the system by OLS
        The dataset is: ../export/database for ox/db_oil_withSesonal.in7
        The estimation sample is: 2005-04-24 - 2018-12-30

URF equation for: D_R_3_ETANOL_HIDRATADO
                             Coefficient  Std.Error  t-value  t-prob
D_R_3_ETANOL_HIDRATADO_1      -0.0404236    0.02381    -1.70  0.0903
D_R_3_ETANOL_HIDRATADO_2      -0.0360407    0.02288    -1.58  0.1159
D_R_3_ETANOL_HIDRATADO_3      -0.0319452    0.02077    -1.54  0.1248
D_R_3_ETANOL_HIDRATADO_4       0.0183271    0.02073    0.884  0.3772
D_R_3_ETANOL_HIDRATADO_5      -0.0147318    0.01986   -0.742  0.4587
D_R_3_ETANOL_HIDRATADO_6       0.0439607    0.02041     2.15  0.0318
D_R_3_ETANOL_HIDRATADO_7      -0.0197734    0.01991   -0.993  0.3213
D_R_3_ETANOL_HIDRATADO_8       0.0263592    0.02198     1.20  0.2311
D_R_3_OLEO_DIESEL_1          -0.00710650    0.06465   -0.110  0.9125
D_R_3_OLEO_DIESEL_2           -0.0100938    0.06322   -0.160  0.8732
D_R_3_OLEO_DIESEL_3            0.0260651    0.05928    0.440  0.6604
D_R_3_OLEO_DIESEL_4           0.00745029    0.07219    0.103  0.9179
D_R_3_OLEO_DIESEL_5           -0.0482543    0.06486   -0.744  0.4573
D_R_3_OLEO_DIESEL_6           -0.0583384    0.06410   -0.910  0.3633
D_R_3_OLEO_DIESEL_7           -0.0679893    0.06333    -1.07  0.2836
D_R_3_OLEO_DIESEL_8           -0.0295416    0.05412   -0.546  0.5854
D_R_3_GASOLINA_COMUM_1        -0.0501144    0.06485   -0.773  0.4401
D_R_3_GASOLINA_COMUM_2         0.0677179    0.08235    0.822  0.4113
D_R_3_GASOLINA_COMUM_3         0.0489515    0.06295    0.778  0.4372
D_R_3_GASOLINA_COMUM_4        -0.0814399    0.07980    -1.02  0.3080
D_R_3_GASOLINA_COMUM_5       -0.00428431    0.08039  -0.0533  0.9575
D_R_3_GASOLINA_COMUM_6         0.0659890    0.07807    0.845  0.3985
D_R_3_GASOLINA_COMUM_7         0.0981215    0.07358     1.33  0.1830
D_R_3_GASOLINA_COMUM_8          0.114812    0.06075     1.89  0.0594
II#2005-05-29                 -0.0182213   0.006233    -2.92  0.0036
II#2005-08-07                -0.00247724   0.006248   -0.397  0.6919
II#2005-08-14               -0.000805117   0.007269   -0.111  0.9119
II#2005-08-21                 0.00962911   0.007902     1.22  0.2237
II#2005-09-04                 -0.0683646   0.007962    -8.59  0.0000
II#2005-09-11                 -0.0535479   0.009630    -5.56  0.0000
II#2005-09-18                   0.114754   0.009590     12.0  0.0000
II#2005-09-25                  0.0100979    0.01034    0.976  0.3295
II#2005-10-09                -0.00129939    0.01002   -0.130  0.8969
II#2005-10-23                  0.0266788    0.01047     2.55  0.0111
II#2005-10-30                -0.00988889    0.01016   -0.974  0.3308
II#2005-11-06                 -0.0443192   0.009512    -4.66  0.0000
II#2005-11-13                  0.0747966   0.009201     8.13  0.0000
II#2005-12-04                 -0.0470162   0.007098    -6.62  0.0000
II#2005-12-11                  0.0378956   0.006867     5.52  0.0000
II#2005-12-18                 -0.0249864   0.006856    -3.64  0.0003
II#2006-01-01                  0.0248940   0.006727     3.70  0.0002
II#2006-01-08                 -0.0301408   0.006663    -4.52  0.0000
II#2006-01-22                  0.0311226   0.006390     4.87  0.0000
II#2006-01-29                  0.0342657   0.006461     5.30  0.0000
II#2006-02-05                 0.00944192   0.006515     1.45  0.1480
II#2006-03-12                  0.0345124   0.006632     5.20  0.0000
II#2006-03-19                  0.0217883   0.006733     3.24  0.0013
II#2006-04-09                  0.0552212   0.006508     8.49  0.0000
II#2006-05-14                 -0.0275593   0.006508    -4.23  0.0000
II#2006-05-28                 -0.0703775   0.006429    -10.9  0.0000
II#2006-07-23                  0.0264559   0.006475     4.09  0.0001
II#2006-07-30                  0.0270240   0.006293     4.29  0.0000
II#2006-08-06                 -0.0279556   0.006363    -4.39  0.0000
II#2007-04-29                0.000758713   0.006145    0.123  0.9018
II#2007-05-20                  0.0258262   0.006100     4.23  0.0000
II#2007-05-27                 -0.0227865   0.006209    -3.67  0.0003
II#2007-07-29                 0.00383841   0.006254    0.614  0.5397
II#2007-08-05               -0.000177608   0.006554  -0.0271  0.9784
II#2007-08-26                 0.00267235   0.006580    0.406  0.6848
II#2007-09-02                 0.00271371   0.006696    0.405  0.6855
II#2007-09-16                 0.00104981   0.006726    0.156  0.8760
II#2007-09-23                -0.00659468   0.006647   -0.992  0.3217
II#2007-11-18                -0.00618286   0.006291   -0.983  0.3262
II#2007-12-30                -0.00114080   0.006518   -0.175  0.8611
II#2008-01-06                 0.00278802   0.006670    0.418  0.6762
II#2008-05-04                -0.00303835   0.007911   -0.384  0.7011
II#2008-07-20               -7.04512e-05   0.006164  -0.0114  0.9909
II#2008-09-21                -0.00198368   0.006469   -0.307  0.7593
II#2009-06-14                 0.00250581   0.006237    0.402  0.6881
II#2009-08-16                 -0.0314947   0.006186    -5.09  0.0000
II#2009-08-23                 -0.0342563   0.006282    -5.45  0.0000
II#2009-08-30                 -0.0347827   0.006472    -5.37  0.0000
II#2009-09-13                 -0.0263989   0.006596    -4.00  0.0001
II#2009-09-20                   0.116668   0.006744     17.3  0.0000
II#2009-09-27                -0.00116325   0.007792   -0.149  0.8814
II#2009-10-25                 0.00732308   0.007687    0.953  0.3413
II#2009-11-01                 -0.0682981   0.007401    -9.23  0.0000
II#2009-11-15                  0.0470227   0.007685     6.12  0.0000
II#2010-01-10                 -0.0654069   0.006419    -10.2  0.0000
II#2010-01-31                  0.0879921   0.006552     13.4  0.0000
II#2010-02-07                  0.0252610   0.006755     3.74  0.0002
II#2010-12-19                 -0.0147772   0.006116    -2.42  0.0161
II#2011-02-20                  0.0254314   0.006002     4.24  0.0000
II#2011-02-27                 -0.0237138   0.006186    -3.83  0.0001
II#2011-03-13                 0.00728020   0.006297     1.16  0.2483
II#2011-04-03                  0.0332401   0.006904     4.81  0.0000
II#2011-04-10                 -0.0461218   0.006943    -6.64  0.0000
II#2011-05-01                  0.0104318   0.006944     1.50  0.1337
II#2011-05-08                  0.0139336   0.007054     1.98  0.0489
II#2011-06-05                 0.00254178   0.006705    0.379  0.7048
II#2011-07-03                 -0.0119166   0.006429    -1.85  0.0645
II#2011-07-10                 0.00811613   0.006324     1.28  0.2000
II#2011-09-11                 -0.0224872   0.006040    -3.72  0.0002
II#2011-09-25                 -0.0289640   0.006221    -4.66  0.0000
II#2011-10-02                  0.0100040   0.006284     1.59  0.1121
II#2011-10-09                  0.0237284   0.006328     3.75  0.0002
II#2012-04-01                  0.0218302   0.006303     3.46  0.0006
II#2012-06-17                 -0.0162818   0.006034    -2.70  0.0072
II#2012-07-15                  0.0171349   0.006247     2.74  0.0063
II#2012-10-21                  0.0213401   0.006099     3.50  0.0005
II#2012-12-30                 -0.0291348   0.005969    -4.88  0.0000
II#2013-01-06                  0.0316615   0.005998     5.28  0.0000
II#2013-02-03                 0.00947944   0.007076     1.34  0.1811
II#2013-02-10                 -0.0631556   0.006633    -9.52  0.0000
II#2013-02-24                  0.0698177   0.006929     10.1  0.0000
II#2013-03-03                0.000888453   0.007029    0.126  0.8995
II#2013-04-07                 -0.0321185   0.006425    -5.00  0.0000
II#2013-06-16                 -0.0384714   0.005973    -6.44  0.0000
II#2013-06-30                  0.0337701   0.006056     5.58  0.0000
II#2013-10-06                -0.00462122   0.006072   -0.761  0.4470
II#2013-10-20                 0.00289379   0.006122    0.473  0.6367
II#2013-11-03                -0.00372484   0.006115   -0.609  0.5428
II#2013-12-01                 0.00368912   0.006741    0.547  0.5845
II#2014-01-12                -0.00133159   0.006349   -0.210  0.8340
II#2014-03-30                -0.00347849   0.006259   -0.556  0.5786
II#2014-04-20                 -0.0477386   0.006037    -7.91  0.0000
II#2014-05-04                  0.0485350   0.006229     7.79  0.0000
II#2014-05-11                  0.0446626   0.006272     7.12  0.0000
II#2014-05-18                  0.0370420   0.006357     5.83  0.0000
II#2014-11-16                 0.00183358   0.006241    0.294  0.7691
II#2015-02-01                  0.0154747   0.007194     2.15  0.0320
II#2015-02-08                 0.00577174   0.006975    0.827  0.4084
II#2015-02-15                 0.00525933   0.007068    0.744  0.4572
II#2015-02-22                 0.00172136   0.007127    0.242  0.8093
II#2015-10-04                 0.00173052   0.007076    0.245  0.8069
II#2015-10-18                  0.0348095   0.007317     4.76  0.0000
II#2015-10-25                  0.0490959   0.006996     7.02  0.0000
II#2015-11-15                 0.00200815   0.007209    0.279  0.7807
II#2015-12-13                 -0.0230522   0.006486    -3.55  0.0004
II#2016-03-06                 0.00448617   0.006422    0.699  0.4852
II#2016-09-18                 -0.0165964   0.006281    -2.64  0.0085
II#2016-10-30                  0.0365942   0.006375     5.74  0.0000
II#2016-11-20                  -0.105671   0.006423    -16.5  0.0000
II#2016-11-27                  0.0240789   0.006799     3.54  0.0004
II#2016-12-04                  0.0828598   0.006873     12.1  0.0000
II#2016-12-11                  0.0207958   0.007007     2.97  0.0032
II#2016-12-18                 0.00868842   0.006901     1.26  0.2087
II#2017-01-15                 -0.0107505   0.006785    -1.58  0.1138
II#2017-01-22                  0.0176839   0.006487     2.73  0.0067
II#2017-06-25                -0.00753889   0.006199    -1.22  0.2246
II#2017-07-23                3.54353e-05   0.007416  0.00478  0.9962
II#2017-08-06                 -0.0645055   0.008769    -7.36  0.0000
II#2017-08-13                  0.0572941   0.009270     6.18  0.0000
II#2017-08-20                 -0.0346275    0.01100    -3.15  0.0018
II#2017-08-27                  0.0343990    0.01041     3.30  0.0010
II#2017-09-03                 -0.0448152    0.01198    -3.74  0.0002
II#2017-09-10                  0.0329574    0.01266     2.60  0.0096
II#2017-09-17                 -0.0333343    0.01211    -2.75  0.0062
II#2017-09-24                -0.00677628    0.01153   -0.587  0.5572
II#2017-10-01                  0.0134141    0.01165     1.15  0.2501
II#2017-10-08                 -0.0123930    0.01257   -0.986  0.3245
II#2017-10-15                  0.0200115    0.01273     1.57  0.1167
II#2017-10-22                 -0.0162699    0.01254    -1.30  0.1952
II#2017-10-29                  0.0178886    0.01261     1.42  0.1566
II#2017-11-05                 -0.0249886    0.01271    -1.97  0.0500
II#2017-11-12                  0.0199983    0.01193     1.68  0.0945
II#2017-11-19                -0.00661638    0.01133   -0.584  0.5594
II#2017-11-26                 0.00586120    0.01043    0.562  0.5745
II#2017-12-03                 -0.0102077    0.01061   -0.962  0.3368
II#2017-12-10                 0.00942171    0.01006    0.937  0.3493
II#2017-12-17               -0.000620056   0.009471  -0.0655  0.9478
II#2017-12-24                 0.00199687   0.008946    0.223  0.8235
II#2017-12-31                -0.00618468   0.008331   -0.742  0.4583
II#2018-01-14                -0.00372171   0.007310   -0.509  0.6109
II#2018-02-18                 0.00167610   0.006648    0.252  0.8011
II#2018-03-25                  0.0689300   0.006199     11.1  0.0000
II#2018-04-08                  0.0343455   0.006232     5.51  0.0000
II#2018-04-22                  0.0228326   0.006335     3.60  0.0003
II#2018-04-29                  0.0183220   0.006309     2.90  0.0039
II#2018-05-06                 -0.0533424   0.006351    -8.40  0.0000
II#2018-05-20                -0.00161394   0.007163   -0.225  0.8218
II#2018-05-27                 -0.0239595   0.007506    -3.19  0.0015
II#2018-06-03                -0.00568217   0.009292   -0.611  0.5412
II#2018-07-01                 0.00799500   0.009368    0.853  0.3939
II#2018-09-09                -0.00844427   0.006871    -1.23  0.2197
II#2018-09-16                  0.0191117   0.006687     2.86  0.0045
II#2018-09-23                 0.00499884   0.006600    0.757  0.4492
II#2018-11-04                -0.00191540   0.006569   -0.292  0.7707
II#2018-11-11               -0.000288271   0.006366  -0.0453  0.9639
II#2018-11-18                -0.00184611   0.006392   -0.289  0.7729
II#2018-12-09                -0.00865140   0.006473    -1.34  0.1821
II#2018-12-16                -0.00570729   0.006536   -0.873  0.3830
II#2018-12-30                  0.0734056   0.006697     11.0  0.0000
D_star_ETANOL_HIDRATADO  U     0.0526290    0.03273     1.61  0.1086
D_star_ETANOL_HIDRATADO_1U    0.00792698    0.03515    0.226  0.8217
D_star_ETANOL_HIDRATADO_2U     0.0554855    0.03372     1.65  0.1006
D_star_ETANOL_HIDRATADO_3U     0.0119978    0.03349    0.358  0.7203
D_star_ETANOL_HIDRATADO_4U     0.0265368    0.03387    0.783  0.4338
D_star_ETANOL_HIDRATADO_5U     0.0292652    0.03391    0.863  0.3886
D_star_ETANOL_HIDRATADO_6U    0.00895049    0.03286    0.272  0.7855
D_star_ETANOL_HIDRATADO_7U   -0.00459025    0.03147   -0.146  0.8841
D_star_ETANOL_HIDRATADO_8U      0.101186    0.03258     3.11  0.0020
D_star_OLEO_DIESEL       U    -0.0124104    0.07067   -0.176  0.8607
D_star_OLEO_DIESEL_1     U     0.0154795    0.05917    0.262  0.7937
D_star_OLEO_DIESEL_2     U    -0.0109757    0.05607   -0.196  0.8449
D_star_OLEO_DIESEL_3     U   -0.00199103    0.05590  -0.0356  0.9716
D_star_OLEO_DIESEL_4     U   -0.00779662    0.05943   -0.131  0.8957
D_star_OLEO_DIESEL_5     U     0.0669031    0.05525     1.21  0.2266
D_star_OLEO_DIESEL_6     U     0.0516132    0.05590    0.923  0.3564
D_star_OLEO_DIESEL_7     U     0.0127373    0.05594    0.228  0.8200
D_star_OLEO_DIESEL_8     U    -0.0148742    0.05282   -0.282  0.7784
D_star_GASOLINA_COMUM    U     0.0261969    0.05744    0.456  0.6486
D_star_GASOLINA_COMUM_1  U     0.0171960    0.05631    0.305  0.7602
D_star_GASOLINA_COMUM_2  U    -0.0688057    0.05635    -1.22  0.2227
D_star_GASOLINA_COMUM_3  U    -0.0165457    0.05652   -0.293  0.7699
D_star_GASOLINA_COMUM_4  U     0.0154528    0.05466    0.283  0.7775
D_star_GASOLINA_COMUM_5  U    -0.0364859    0.05689   -0.641  0.5216
D_star_GASOLINA_COMUM_6  U    -0.0582051    0.05450    -1.07  0.2862
D_star_GASOLINA_COMUM_7  U    -0.0341416    0.05233   -0.652  0.5145
D_star_GASOLINA_COMUM_8  U    -0.0744863    0.05624    -1.32  0.1860
betaZ_1                  U      0.000000        ---
D_brent                  U   -0.00297164   0.008165   -0.364  0.7161
D_brent_1                U   -0.00111732   0.008147   -0.137  0.8910
D_brent_2                U    0.00472262   0.008177    0.578  0.5639
D_brent_3                U   -0.00679743   0.008235   -0.825  0.4096
D_brent_4                U    -0.0100310   0.008364    -1.20  0.2311
D_brent_5                U   -0.00320892   0.008664   -0.370  0.7113
D_brent_6                U   -0.00120445   0.008511   -0.142  0.8875
D_brent_7                U    -0.0208229   0.008507    -2.45  0.0148
D_brent_8                U    0.00633005   0.008557    0.740  0.4599
D_lnCambio               U    -0.0110222    0.01639   -0.672  0.5017
D_lnCambio_1             U    -0.0207991    0.01682    -1.24  0.2170
D_lnCambio_2             U     0.0341171    0.01742     1.96  0.0508
D_lnCambio_3             U    -0.0178751    0.01686    -1.06  0.2898
D_lnCambio_4             U    -0.0184375    0.01652    -1.12  0.2649
D_lnCambio_5             U   -0.00488927    0.01667   -0.293  0.7694
D_lnCambio_6             U   -0.00249585    0.01652   -0.151  0.8799
D_lnCambio_7             U    -0.0187653    0.01648    -1.14  0.2556
D_lnCambio_8             U     0.0173749    0.01643     1.06  0.2910
Constant                 U   0.000244921  0.0002697    0.908  0.3643
CSeasonal                U   -0.00479668   0.002754    -1.74  0.0823
CSeasonal_1              U   -0.00165229   0.002486   -0.665  0.5067
CSeasonal_2              U   -0.00362921   0.002439    -1.49  0.1374
CSeasonal_3              U   -0.00499447   0.002436    -2.05  0.0409
CSeasonal_4              U   -0.00385317   0.002525    -1.53  0.1277
CSeasonal_5              U   -0.00414780   0.002618    -1.58  0.1138
CSeasonal_6              U   -0.00207847   0.002561   -0.811  0.4175
CSeasonal_7              U   -0.00261875   0.002656   -0.986  0.3246
CSeasonal_8              U   0.000703333   0.002481    0.284  0.7769
CSeasonal_9              U  -0.000692373   0.002466   -0.281  0.7790
CSeasonal_10             U   -0.00534973   0.002512    -2.13  0.0337
CSeasonal_11             U   -0.00229662   0.002573   -0.892  0.3726
CSeasonal_12             U   -0.00290041   0.002469    -1.17  0.2408
CSeasonal_13             U  -0.000271976   0.002545   -0.107  0.9149
CSeasonal_14             U   -0.00242641   0.002488   -0.975  0.3301
CSeasonal_15             U   -0.00388369   0.002605    -1.49  0.1367
CSeasonal_16             U   -0.00205962   0.002510   -0.820  0.4124
CSeasonal_17             U   -0.00290063   0.002587    -1.12  0.2628
CSeasonal_18             U   -0.00240423   0.002491   -0.965  0.3350
CSeasonal_19             U   -0.00310735   0.002503    -1.24  0.2151
CSeasonal_20             U   -0.00529508   0.002523    -2.10  0.0364
CSeasonal_21             U   -0.00485638   0.002536    -1.92  0.0561
CSeasonal_22             U   -0.00182099   0.002434   -0.748  0.4547
CSeasonal_23             U  -0.000954451   0.002645   -0.361  0.7184
CSeasonal_24             U  -0.000352879   0.002731   -0.129  0.8972
CSeasonal_25             U   -0.00198687   0.002702   -0.735  0.4625
CSeasonal_26             U   -0.00513498   0.002558    -2.01  0.0453
CSeasonal_27             U   -0.00149952   0.002586   -0.580  0.5623
CSeasonal_28             U   -0.00689065   0.002498    -2.76  0.0061
CSeasonal_29             U   -0.00371714   0.002762    -1.35  0.1790
CSeasonal_30             U   -0.00560590   0.002548    -2.20  0.0283
CSeasonal_31             U   -0.00377515   0.002657    -1.42  0.1560
CSeasonal_32             U   -0.00125302   0.002711   -0.462  0.6442
CSeasonal_33             U   -0.00397415   0.002681    -1.48  0.1390
CSeasonal_34             U   -0.00557017   0.002599    -2.14  0.0327
CSeasonal_35             U   -0.00494686   0.002622    -1.89  0.0599
CSeasonal_36             U   -0.00536409   0.002546    -2.11  0.0357
CSeasonal_37             U   0.000974915   0.002681    0.364  0.7163
CSeasonal_38             U   -0.00617178   0.002632    -2.35  0.0195
CSeasonal_39             U   -0.00192496   0.002600   -0.740  0.4595
CSeasonal_40             U   -0.00710072   0.002619    -2.71  0.0070
CSeasonal_41             U   -0.00512340   0.002542    -2.02  0.0445
CSeasonal_42             U   0.000694553   0.002527    0.275  0.7835
CSeasonal_43             U   -0.00518123   0.002554    -2.03  0.0431
CSeasonal_44             U   -0.00466138   0.002567    -1.82  0.0700
CSeasonal_45             U    0.00176757   0.002539    0.696  0.4867
CSeasonal_46             U   -0.00533662   0.002552    -2.09  0.0371
CSeasonal_47             U   -0.00323015   0.002622    -1.23  0.2186
CSeasonal_48             U   -0.00336950   0.002540    -1.33  0.1853
CSeasonal_49             U   -0.00125901   0.002617   -0.481  0.6307
CSeasonal_50             U   -0.00198699   0.002386   -0.833  0.4055

sigma = 0.00561052   RSS = 0.01366142787

URF equation for: D_R_3_OLEO_DIESEL
                             Coefficient  Std.Error  t-value  t-prob
D_R_3_ETANOL_HIDRATADO_1     -0.00433468   0.009337   -0.464  0.6427
D_R_3_ETANOL_HIDRATADO_2     -0.00301044   0.008969   -0.336  0.7373
D_R_3_ETANOL_HIDRATADO_3       0.0139605   0.008143     1.71  0.0872
D_R_3_ETANOL_HIDRATADO_4       0.0143757   0.008129     1.77  0.0777
D_R_3_ETANOL_HIDRATADO_5      0.00488189   0.007787    0.627  0.5311
D_R_3_ETANOL_HIDRATADO_6      0.00835540   0.008001     1.04  0.2969
D_R_3_ETANOL_HIDRATADO_7     -0.00296182   0.007807   -0.379  0.7046
D_R_3_ETANOL_HIDRATADO_8      0.00493400   0.008618    0.573  0.5673
D_R_3_OLEO_DIESEL_1           -0.0839424    0.02535    -3.31  0.0010
D_R_3_OLEO_DIESEL_2           -0.0264518    0.02479    -1.07  0.2865
D_R_3_OLEO_DIESEL_3          -0.00529711    0.02324   -0.228  0.8198
D_R_3_OLEO_DIESEL_4            0.0489467    0.02830     1.73  0.0845
D_R_3_OLEO_DIESEL_5           -0.0148300    0.02543   -0.583  0.5601
D_R_3_OLEO_DIESEL_6          -0.00655795    0.02513   -0.261  0.7943
D_R_3_OLEO_DIESEL_7            0.0177502    0.02483    0.715  0.4751
D_R_3_OLEO_DIESEL_8            0.0335680    0.02122     1.58  0.1144
D_R_3_GASOLINA_COMUM_1       -0.00763014    0.02542   -0.300  0.7642
D_R_3_GASOLINA_COMUM_2        0.00711308    0.03229    0.220  0.8257
D_R_3_GASOLINA_COMUM_3        -0.0438465    0.02468    -1.78  0.0763
D_R_3_GASOLINA_COMUM_4        -0.0608961    0.03129    -1.95  0.0523
D_R_3_GASOLINA_COMUM_5        0.00552298    0.03152    0.175  0.8610
D_R_3_GASOLINA_COMUM_6        -0.0534575    0.03061    -1.75  0.0815
D_R_3_GASOLINA_COMUM_7        0.00786696    0.02885    0.273  0.7852
D_R_3_GASOLINA_COMUM_8        -0.0244950    0.02382    -1.03  0.3043
II#2005-05-29                 0.00550620   0.002444     2.25  0.0247
II#2005-08-07                -0.00100212   0.002449   -0.409  0.6827
II#2005-08-14                 0.00302572   0.002850     1.06  0.2890
II#2005-08-21                 0.00487258   0.003098     1.57  0.1165
II#2005-09-04                 -0.0122574   0.003122    -3.93  0.0001
II#2005-09-11                0.000513218   0.003776    0.136  0.8919
II#2005-09-18                  0.0614701   0.003760     16.3  0.0000
II#2005-09-25                 0.00167951   0.004056    0.414  0.6790
II#2005-10-09                  0.0287249   0.003929     7.31  0.0000
II#2005-10-23                -0.00931962   0.004103    -2.27  0.0236
II#2005-10-30                  0.0164062   0.003982     4.12  0.0000
II#2005-11-06                 -0.0169754   0.003729    -4.55  0.0000
II#2005-11-13                  0.0156735   0.003607     4.34  0.0000
II#2005-12-04                0.000254684   0.002783   0.0915  0.9271
II#2005-12-11                -0.00139305   0.002693   -0.517  0.6052
II#2005-12-18                -0.00171281   0.002688   -0.637  0.5243
II#2006-01-01                  0.0185071   0.002637     7.02  0.0000
II#2006-01-08                 0.00569184   0.002613     2.18  0.0299
II#2006-01-22                0.000845131   0.002505    0.337  0.7360
II#2006-01-29               -0.000477426   0.002533   -0.188  0.8506
II#2006-02-05                 -0.0243384   0.002554    -9.53  0.0000
II#2006-03-12                 0.00619955   0.002600     2.38  0.0175
II#2006-03-19                -0.00260677   0.002640   -0.987  0.3240
II#2006-04-09                0.000389950   0.002551    0.153  0.8786
II#2006-05-14                 0.00198074   0.002552    0.776  0.4380
II#2006-05-28                -0.00162969   0.002521   -0.647  0.5183
II#2006-07-23                -0.00132374   0.002539   -0.521  0.6023
II#2006-07-30               -0.000435963   0.002467   -0.177  0.8598
II#2006-08-06               -0.000281483   0.002495   -0.113  0.9102
II#2007-04-29                 0.00906052   0.002409     3.76  0.0002
II#2007-05-20                -0.00147764   0.002392   -0.618  0.5370
II#2007-05-27                -0.00719523   0.002434    -2.96  0.0033
II#2007-07-29                 -0.0266508   0.002452    -10.9  0.0000
II#2007-08-05                  0.0223828   0.002570     8.71  0.0000
II#2007-08-26                 -0.0193073   0.002580    -7.48  0.0000
II#2007-09-02                  0.0182424   0.002625     6.95  0.0000
II#2007-09-16                 -0.0177383   0.002637    -6.73  0.0000
II#2007-09-23                -0.00990892   0.002606    -3.80  0.0002
II#2007-11-18                  0.0211948   0.002466     8.59  0.0000
II#2007-12-30                 -0.0198044   0.002555    -7.75  0.0000
II#2008-01-06                  0.0230837   0.002615     8.83  0.0000
II#2008-05-04                  0.0241267   0.003102     7.78  0.0000
II#2008-07-20                 0.00942815   0.002417     3.90  0.0001
II#2008-09-21                0.000286225   0.002536    0.113  0.9102
II#2009-06-14                 -0.0103646   0.002445    -4.24  0.0000
II#2009-08-16                 -0.0205121   0.002425    -8.46  0.0000
II#2009-08-23                 -0.0196015   0.002463    -7.96  0.0000
II#2009-08-30                 -0.0242216   0.002537    -9.55  0.0000
II#2009-09-13                -0.00964850   0.002586    -3.73  0.0002
II#2009-09-20                  0.0533244   0.002644     20.2  0.0000
II#2009-09-27                  0.0207733   0.003055     6.80  0.0000
II#2009-10-25               -0.000265758   0.003014  -0.0882  0.9298
II#2009-11-01                 0.00207037   0.002902    0.713  0.4759
II#2009-11-15                -0.00397049   0.003013    -1.32  0.1883
II#2010-01-10                -0.00472215   0.002517    -1.88  0.0613
II#2010-01-31                 0.00351655   0.002569     1.37  0.1717
II#2010-02-07                 0.00323331   0.002649     1.22  0.2228
II#2010-12-19                 0.00204011   0.002398    0.851  0.3953
II#2011-02-20                  0.0201871   0.002353     8.58  0.0000
II#2011-02-27                 -0.0172244   0.002425    -7.10  0.0000
II#2011-03-13                  0.0121236   0.002469     4.91  0.0000
II#2011-04-03                 0.00650913   0.002707     2.40  0.0166
II#2011-04-10                -0.00479842   0.002722    -1.76  0.0787
II#2011-05-01                 0.00395726   0.002722     1.45  0.1468
II#2011-05-08                 0.00115256   0.002766    0.417  0.6771
II#2011-06-05                -0.00341959   0.002629    -1.30  0.1940
II#2011-07-03                -0.00349421   0.002521    -1.39  0.1664
II#2011-07-10               -8.61055e-05   0.002479  -0.0347  0.9723
II#2011-09-11                -0.00249364   0.002368    -1.05  0.2929
II#2011-09-25                 -0.0172803   0.002439    -7.09  0.0000
II#2011-10-02                  0.0196547   0.002464     7.98  0.0000
II#2011-10-09                 0.00177712   0.002481    0.716  0.4742
II#2012-04-01                0.000882684   0.002471    0.357  0.7211
II#2012-06-17                 0.00421693   0.002366     1.78  0.0754
II#2012-07-15                -0.00107899   0.002449   -0.441  0.6598
II#2012-10-21                0.000830732   0.002391    0.347  0.7285
II#2012-12-30                 0.00343309   0.002340     1.47  0.1431
II#2013-01-06                 0.00310754   0.002352     1.32  0.1870
II#2013-02-03                  0.0170284   0.002774     6.14  0.0000
II#2013-02-10                -0.00174579   0.002601   -0.671  0.5024
II#2013-02-24                 -0.0142324   0.002717    -5.24  0.0000
II#2013-03-03                 0.00975802   0.002756     3.54  0.0004
II#2013-04-07                 0.00161386   0.002519    0.641  0.5221
II#2013-06-16                 0.00119753   0.002342    0.511  0.6093
II#2013-06-30                0.000628241   0.002374    0.265  0.7914
II#2013-10-06                 0.00185848   0.002381    0.781  0.4354
II#2013-10-20                -0.00141877   0.002400   -0.591  0.5548
II#2013-11-03                 0.00805842   0.002398     3.36  0.0008
II#2013-12-01                  0.0323424   0.002643     12.2  0.0000
II#2014-01-12                  0.0104529   0.002489     4.20  0.0000
II#2014-03-30                -0.00554311   0.002454    -2.26  0.0244
II#2014-04-20               -0.000162847   0.002367  -0.0688  0.9452
II#2014-05-04                0.000787179   0.002442    0.322  0.7473
II#2014-05-11                 0.00656110   0.002459     2.67  0.0079
II#2014-05-18                -0.00275581   0.002492    -1.11  0.2695
II#2014-11-16                  0.0210070   0.002447     8.58  0.0000
II#2015-02-01                  0.0165103   0.002820     5.85  0.0000
II#2015-02-08                  0.0196168   0.002735     7.17  0.0000
II#2015-02-15                 0.00762159   0.002771     2.75  0.0062
II#2015-02-22                 0.00427754   0.002794     1.53  0.1266
II#2015-10-04                  0.0506770   0.002774     18.3  0.0000
II#2015-10-18                0.000239512   0.002869   0.0835  0.9335
II#2015-10-25                  0.0109306   0.002743     3.99  0.0001
II#2015-11-15                -0.00698106   0.002827    -2.47  0.0139
II#2015-12-13                -0.00188893   0.002543   -0.743  0.4580
II#2016-03-06                 0.00395589   0.002518     1.57  0.1169
II#2016-09-18                -0.00139656   0.002463   -0.567  0.5709
II#2016-10-30                -0.00334529   0.002499    -1.34  0.1814
II#2016-11-20                -0.00175412   0.002518   -0.697  0.4864
II#2016-11-27                 0.00102536   0.002666    0.385  0.7007
II#2016-12-04                 0.00636601   0.002695     2.36  0.0186
II#2016-12-11                  0.0144778   0.002747     5.27  0.0000
II#2016-12-18                 0.00999660   0.002706     3.69  0.0002
II#2017-01-15                  0.0102290   0.002660     3.85  0.0001
II#2017-01-22                  0.0103771   0.002543     4.08  0.0001
II#2017-06-25                0.000783050   0.002431    0.322  0.7475
II#2017-07-23                  0.0230737   0.002908     7.94  0.0000
II#2017-08-06                 -0.0591720   0.003438    -17.2  0.0000
II#2017-08-13                  0.0571423   0.003635     15.7  0.0000
II#2017-08-20                 -0.0453795   0.004312    -10.5  0.0000
II#2017-08-27                  0.0560676   0.004081     13.7  0.0000
II#2017-09-03                 -0.0472717   0.004695    -10.1  0.0000
II#2017-09-10                  0.0447833   0.004965     9.02  0.0000
II#2017-09-17                 -0.0465823   0.004748    -9.81  0.0000
II#2017-09-24                  0.0446144   0.004522     9.87  0.0000
II#2017-10-01                 -0.0438042   0.004567    -9.59  0.0000
II#2017-10-08                  0.0488350   0.004926     9.91  0.0000
II#2017-10-15                 -0.0455858   0.004991    -9.13  0.0000
II#2017-10-22                  0.0601361   0.004917     12.2  0.0000
II#2017-10-29                 -0.0558383   0.004943    -11.3  0.0000
II#2017-11-05                  0.0541779   0.004985     10.9  0.0000
II#2017-11-12                -0.00994100   0.004679    -2.12  0.0342
II#2017-11-19                  0.0303854   0.004440     6.84  0.0000
II#2017-11-26                 -0.0451631   0.004090    -11.0  0.0000
II#2017-12-03                  0.0429995   0.004162     10.3  0.0000
II#2017-12-10                 -0.0397299   0.003942    -10.1  0.0000
II#2017-12-17                  0.0446151   0.003713     12.0  0.0000
II#2017-12-24                 -0.0403306   0.003507    -11.5  0.0000
II#2017-12-31                  0.0438937   0.003266     13.4  0.0000
II#2018-01-14                -0.00138994   0.002866   -0.485  0.6279
II#2018-02-18                 0.00148717   0.002607    0.571  0.5686
II#2018-03-25                 0.00243750   0.002430     1.00  0.3165
II#2018-04-08               -0.000869155   0.002443   -0.356  0.7222
II#2018-04-22               -0.000105248   0.002484  -0.0424  0.9662
II#2018-04-29                 0.00952807   0.002474     3.85  0.0001
II#2018-05-06                0.000462130   0.002490    0.186  0.8529
II#2018-05-20                  0.0709755   0.002808     25.3  0.0000
II#2018-05-27                 0.00157852   0.002943    0.536  0.5920
II#2018-06-03                 -0.0753075   0.003643    -20.7  0.0000
II#2018-07-01                  0.0116083   0.003673     3.16  0.0017
II#2018-09-09                  0.0271631   0.002694     10.1  0.0000
II#2018-09-16                 0.00883216   0.002622     3.37  0.0008
II#2018-09-23                 0.00217199   0.002588    0.839  0.4017
II#2018-11-04                 0.00240652   0.002575    0.934  0.3506
II#2018-11-11                 0.00107191   0.002496    0.429  0.6678
II#2018-11-18                 0.00165559   0.002506    0.661  0.5092
II#2018-12-09                -0.00419296   0.002538    -1.65  0.0992
II#2018-12-16                -0.00858146   0.002563    -3.35  0.0009
II#2018-12-30                -0.00133848   0.002626   -0.510  0.6105
D_star_ETANOL_HIDRATADO  U     0.0350382    0.01283     2.73  0.0066
D_star_ETANOL_HIDRATADO_1U   -0.00472876    0.01378   -0.343  0.7317
D_star_ETANOL_HIDRATADO_2U   -0.00853642    0.01322   -0.646  0.5188
D_star_ETANOL_HIDRATADO_3U   -0.00555896    0.01313   -0.423  0.6722
D_star_ETANOL_HIDRATADO_4U   -0.00402052    0.01328   -0.303  0.7622
D_star_ETANOL_HIDRATADO_5U    -0.0326079    0.01330    -2.45  0.0146
D_star_ETANOL_HIDRATADO_6U     0.0137665    0.01288     1.07  0.2859
D_star_ETANOL_HIDRATADO_7U    -0.0171186    0.01234    -1.39  0.1660
D_star_ETANOL_HIDRATADO_8U     0.0139900    0.01277     1.10  0.2739
D_star_OLEO_DIESEL       U      0.129800    0.02771     4.68  0.0000
D_star_OLEO_DIESEL_1     U      0.135596    0.02320     5.85  0.0000
D_star_OLEO_DIESEL_2     U     0.0672385    0.02198     3.06  0.0024
D_star_OLEO_DIESEL_3     U     0.0403586    0.02192     1.84  0.0663
D_star_OLEO_DIESEL_4     U     0.0256261    0.02330     1.10  0.2720
D_star_OLEO_DIESEL_5     U    -0.0193040    0.02166   -0.891  0.3733
D_star_OLEO_DIESEL_6     U     0.0474403    0.02192     2.16  0.0310
D_star_OLEO_DIESEL_7     U   -0.00701046    0.02193   -0.320  0.7494
D_star_OLEO_DIESEL_8     U    -0.0183294    0.02071   -0.885  0.3766
D_star_GASOLINA_COMUM    U    -0.0121560    0.02252   -0.540  0.5896
D_star_GASOLINA_COMUM_1  U   0.000864485    0.02208   0.0392  0.9688
D_star_GASOLINA_COMUM_2  U     0.0381297    0.02209     1.73  0.0851
D_star_GASOLINA_COMUM_3  U    -0.0139715    0.02216   -0.630  0.5287
D_star_GASOLINA_COMUM_4  U    0.00227725    0.02143    0.106  0.9154
D_star_GASOLINA_COMUM_5  U     0.0320883    0.02230     1.44  0.1509
D_star_GASOLINA_COMUM_6  U    -0.0252419    0.02137    -1.18  0.2382
D_star_GASOLINA_COMUM_7  U     0.0106559    0.02052    0.519  0.6038
D_star_GASOLINA_COMUM_8  U     0.0182516    0.02205    0.828  0.4082
betaZ_1                  U      0.000000        ---
D_brent                  U   -0.00260951   0.003201   -0.815  0.4154
D_brent_1                U    0.00127612   0.003194    0.400  0.6897
D_brent_2                U    0.00300602   0.003206    0.938  0.3489
D_brent_3                U   -0.00202486   0.003229   -0.627  0.5309
D_brent_4                U    0.00308580   0.003279    0.941  0.3472
D_brent_5                U   -0.00440932   0.003397    -1.30  0.1950
D_brent_6                U    0.00599819   0.003337     1.80  0.0729
D_brent_7                U   -0.00348196   0.003335    -1.04  0.2971
D_brent_8                U   -0.00179876   0.003355   -0.536  0.5921
D_lnCambio               U   -0.00409932   0.006427   -0.638  0.5239
D_lnCambio_1             U  -0.000779813   0.006596   -0.118  0.9059
D_lnCambio_2             U   -0.00231259   0.006828   -0.339  0.7350
D_lnCambio_3             U   -0.00228584   0.006612   -0.346  0.7297
D_lnCambio_4             U    0.00468376   0.006475    0.723  0.4698
D_lnCambio_5             U    0.00128932   0.006536    0.197  0.8437
D_lnCambio_6             U    0.00637013   0.006475    0.984  0.3258
D_lnCambio_7             U  -0.000449823   0.006463  -0.0696  0.9445
D_lnCambio_8             U  -6.43614e-05   0.006443 -0.00999  0.9920
Constant                 U   8.57711e-05  0.0001057    0.811  0.4177
CSeasonal                U  -0.000979657   0.001080   -0.907  0.3648
CSeasonal_1              U  -0.000166603  0.0009748   -0.171  0.8644
CSeasonal_2              U   -0.00137594  0.0009562    -1.44  0.1509
CSeasonal_3              U  -0.000250428  0.0009551   -0.262  0.7933
CSeasonal_4              U  -0.000302442  0.0009898   -0.306  0.7601
CSeasonal_5              U  -0.000980774   0.001026   -0.956  0.3398
CSeasonal_6              U   -0.00114637   0.001004    -1.14  0.2543
CSeasonal_7              U   0.000566717   0.001041    0.544  0.5865
CSeasonal_8              U   0.000405921  0.0009725    0.417  0.6766
CSeasonal_9              U  -0.000537961  0.0009670   -0.556  0.5783
CSeasonal_10             U  -0.000616468  0.0009847   -0.626  0.5316
CSeasonal_11             U   -0.00302521   0.001009    -3.00  0.0029
CSeasonal_12             U   -0.00130212  0.0009682    -1.34  0.1794
CSeasonal_13             U   -0.00113121  0.0009978    -1.13  0.2575
CSeasonal_14             U  -0.000988967  0.0009756    -1.01  0.3113
CSeasonal_15             U  -0.000828999   0.001021   -0.812  0.4173
CSeasonal_16             U   0.000564456  0.0009843    0.573  0.5666
CSeasonal_17             U  -0.000116297   0.001014   -0.115  0.9088
CSeasonal_18             U  -0.000606112  0.0009767   -0.621  0.5352
CSeasonal_19             U   -0.00112895  0.0009814    -1.15  0.2506
CSeasonal_20             U  -0.000159800  0.0009892   -0.162  0.8717
CSeasonal_21             U  -0.000717774  0.0009942   -0.722  0.4707
CSeasonal_22             U   0.000269934  0.0009541    0.283  0.7774
CSeasonal_23             U   5.37567e-05   0.001037   0.0518  0.9587
CSeasonal_24             U   6.67674e-05   0.001071   0.0624  0.9503
CSeasonal_25             U  -0.000565138   0.001059   -0.534  0.5940
CSeasonal_26             U   -0.00108324   0.001003    -1.08  0.2807
CSeasonal_27             U   -0.00180773   0.001014    -1.78  0.0753
CSeasonal_28             U  -0.000202112  0.0009795   -0.206  0.8366
CSeasonal_29             U   -0.00188170   0.001083    -1.74  0.0830
CSeasonal_30             U   -0.00113757  0.0009991    -1.14  0.2555
CSeasonal_31             U  -0.000177068   0.001042   -0.170  0.8651
CSeasonal_32             U    0.00117826   0.001063     1.11  0.2683
CSeasonal_33             U  -0.000233457   0.001051   -0.222  0.8243
CSeasonal_34             U  -0.000197236   0.001019   -0.194  0.8466
CSeasonal_35             U  -0.000420121   0.001028   -0.409  0.6830
CSeasonal_36             U   -0.00115467  0.0009982    -1.16  0.2480
CSeasonal_37             U  -0.000338872   0.001051   -0.322  0.7473
CSeasonal_38             U  -0.000286751   0.001032   -0.278  0.7812
CSeasonal_39             U   -0.00247287   0.001019    -2.43  0.0157
CSeasonal_40             U   -0.00165523   0.001027    -1.61  0.1078
CSeasonal_41             U   -0.00154236  0.0009968    -1.55  0.1225
CSeasonal_42             U    0.00104613  0.0009906     1.06  0.2915
CSeasonal_43             U   -0.00108088   0.001001    -1.08  0.2810
CSeasonal_44             U   -0.00147433   0.001006    -1.47  0.1436
CSeasonal_45             U  -0.000489879  0.0009956   -0.492  0.6229
CSeasonal_46             U   -0.00227928   0.001001    -2.28  0.0232
CSeasonal_47             U  -0.000955102   0.001028   -0.929  0.3533
CSeasonal_48             U   -0.00133106  0.0009958    -1.34  0.1820
CSeasonal_49             U   0.000197700   0.001026    0.193  0.8473
CSeasonal_50             U  -0.000762468  0.0009355   -0.815  0.4155

sigma = 0.0021997   RSS = 0.002099995517

URF equation for: D_R_3_GASOLINA_COMUM
                             Coefficient  Std.Error  t-value  t-prob
D_R_3_ETANOL_HIDRATADO_1      0.00139384   0.007967    0.175  0.8612
D_R_3_ETANOL_HIDRATADO_2     -0.00580096   0.007654   -0.758  0.4489
D_R_3_ETANOL_HIDRATADO_3      0.00217819   0.006949    0.313  0.7541
D_R_3_ETANOL_HIDRATADO_4     -0.00824686   0.006936    -1.19  0.2351
D_R_3_ETANOL_HIDRATADO_5      0.00685438   0.006645     1.03  0.3029
D_R_3_ETANOL_HIDRATADO_6      0.00515677   0.006827    0.755  0.4504
D_R_3_ETANOL_HIDRATADO_7     -0.00748292   0.006662    -1.12  0.2620
D_R_3_ETANOL_HIDRATADO_8      0.00774641   0.007354     1.05  0.2927
D_R_3_OLEO_DIESEL_1          -0.00885423    0.02163   -0.409  0.6825
D_R_3_OLEO_DIESEL_2           0.00282103    0.02115    0.133  0.8940
D_R_3_OLEO_DIESEL_3            0.0308664    0.01983     1.56  0.1203
D_R_3_OLEO_DIESEL_4          -0.00201993    0.02415  -0.0836  0.9334
D_R_3_OLEO_DIESEL_5            0.0198840    0.02170    0.916  0.3600
D_R_3_OLEO_DIESEL_6            0.0528316    0.02145     2.46  0.0141
D_R_3_OLEO_DIESEL_7            0.0487913    0.02119     2.30  0.0218
D_R_3_OLEO_DIESEL_8            0.0417395    0.01811     2.31  0.0216
D_R_3_GASOLINA_COMUM_1        0.00527598    0.02170    0.243  0.8080
D_R_3_GASOLINA_COMUM_2         0.0346732    0.02755     1.26  0.2089
D_R_3_GASOLINA_COMUM_3        -0.0500498    0.02106    -2.38  0.0179
D_R_3_GASOLINA_COMUM_4         0.0394839    0.02670     1.48  0.1399
D_R_3_GASOLINA_COMUM_5        -0.0223846    0.02689   -0.832  0.4057
D_R_3_GASOLINA_COMUM_6        -0.0411739    0.02612    -1.58  0.1157
D_R_3_GASOLINA_COMUM_7        -0.0456614    0.02462    -1.85  0.0643
D_R_3_GASOLINA_COMUM_8         0.0177563    0.02032    0.874  0.3828
II#2005-05-29                0.000811504   0.002085    0.389  0.6973
II#2005-08-07                 -0.0576656   0.002090    -27.6  0.0000
II#2005-08-14                  0.0314999   0.002432     13.0  0.0000
II#2005-08-21                  0.0125144   0.002644     4.73  0.0000
II#2005-09-04                  0.0202055   0.002664     7.59  0.0000
II#2005-09-11                -0.00326192   0.003222    -1.01  0.3119
II#2005-09-18                  0.0633928   0.003208     19.8  0.0000
II#2005-09-25                 -0.0505168   0.003461    -14.6  0.0000
II#2005-10-09                  0.0329735   0.003353     9.83  0.0000
II#2005-10-23                 -0.0147830   0.003501    -4.22  0.0000
II#2005-10-30                  0.0303059   0.003398     8.92  0.0000
II#2005-11-06                 -0.0125961   0.003182    -3.96  0.0001
II#2005-11-13                0.000353613   0.003078    0.115  0.9086
II#2005-12-04                -0.00330332   0.002375    -1.39  0.1649
II#2005-12-11               -0.000378669   0.002298   -0.165  0.8692
II#2005-12-18               -0.000607598   0.002294   -0.265  0.7912
II#2006-01-01                  0.0130035   0.002251     5.78  0.0000
II#2006-01-08                 0.00440543   0.002229     1.98  0.0488
II#2006-01-22                -0.00294928   0.002138    -1.38  0.1684
II#2006-01-29                 0.00391022   0.002162     1.81  0.0712
II#2006-02-05                 -0.0116944   0.002180    -5.37  0.0000
II#2006-03-12                 0.00615162   0.002219     2.77  0.0058
II#2006-03-19                 0.00853550   0.002253     3.79  0.0002
II#2006-04-09                  0.0109115   0.002177     5.01  0.0000
II#2006-05-14                 0.00138877   0.002177    0.638  0.5239
II#2006-05-28                 0.00178257   0.002151    0.829  0.4077
II#2006-07-23                0.000482405   0.002166    0.223  0.8239
II#2006-07-30                -0.00160216   0.002105   -0.761  0.4471
II#2006-08-06                -0.00266747   0.002129    -1.25  0.2108
II#2007-04-29                0.000141470   0.002056   0.0688  0.9452
II#2007-05-20                -0.00133229   0.002041   -0.653  0.5142
II#2007-05-27                0.000943280   0.002077    0.454  0.6500
II#2007-07-29                 0.00106702   0.002092    0.510  0.6103
II#2007-08-05                -0.00185968   0.002193   -0.848  0.3968
II#2007-08-26                -0.00217940   0.002201   -0.990  0.3227
II#2007-09-02                 0.00195968   0.002240    0.875  0.3822
II#2007-09-16                0.000578899   0.002250    0.257  0.7971
II#2007-09-23                -0.00233433   0.002224    -1.05  0.2945
II#2007-11-18                -0.00176087   0.002105   -0.837  0.4032
II#2007-12-30                 0.00219457   0.002181     1.01  0.3148
II#2008-01-06                 0.00416045   0.002232     1.86  0.0629
II#2008-05-04                -0.00104516   0.002647   -0.395  0.6931
II#2008-07-20                -0.00176066   0.002062   -0.854  0.3937
II#2008-09-21                  0.0110182   0.002164     5.09  0.0000
II#2009-06-14               -0.000336165   0.002087   -0.161  0.8721
II#2009-08-16                 -0.0179742   0.002070    -8.68  0.0000
II#2009-08-23                 -0.0135874   0.002102    -6.47  0.0000
II#2009-08-30                 -0.0199223   0.002165    -9.20  0.0000
II#2009-09-13                 0.00217264   0.002207    0.985  0.3254
II#2009-09-20                  0.0457469   0.002256     20.3  0.0000
II#2009-09-27                  0.0144865   0.002607     5.56  0.0000
II#2009-10-25                -0.00962714   0.002572    -3.74  0.0002
II#2009-11-01                  0.0114511   0.002476     4.62  0.0000
II#2009-11-15                -0.00434629   0.002571    -1.69  0.0917
II#2010-01-10                -0.00637452   0.002148    -2.97  0.0032
II#2010-01-31                 0.00545849   0.002192     2.49  0.0131
II#2010-02-07                 0.00487954   0.002260     2.16  0.0314
II#2010-12-19                 0.00635364   0.002046     3.11  0.0020
II#2011-02-20                 0.00590651   0.002008     2.94  0.0034
II#2011-02-27                -0.00564814   0.002070    -2.73  0.0066
II#2011-03-13                 0.00768767   0.002107     3.65  0.0003
II#2011-04-03                -0.00204125   0.002310   -0.884  0.3773
II#2011-04-10                 0.00232526   0.002323     1.00  0.3174
II#2011-05-01                  0.0185105   0.002323     7.97  0.0000
II#2011-05-08                 -0.0131388   0.002360    -5.57  0.0000
II#2011-06-05                -0.00905170   0.002243    -4.04  0.0001
II#2011-07-03                  0.0115567   0.002151     5.37  0.0000
II#2011-07-10                -0.00735760   0.002116    -3.48  0.0006
II#2011-09-11                -0.00127718   0.002021   -0.632  0.5277
II#2011-09-25                 -0.0124452   0.002081    -5.98  0.0000
II#2011-10-02                  0.0140838   0.002102     6.70  0.0000
II#2011-10-09               -0.000101672   0.002117  -0.0480  0.9617
II#2012-04-01                 0.00302505   0.002109     1.43  0.1521
II#2012-06-17                -0.00182712   0.002019   -0.905  0.3659
II#2012-07-15                -0.00490879   0.002090    -2.35  0.0193
II#2012-10-21                 0.00294745   0.002041     1.44  0.1493
II#2012-12-30                 0.00338918   0.001997     1.70  0.0904
II#2013-01-06                -0.00129430   0.002007   -0.645  0.5193
II#2013-02-03                  0.0197793   0.002367     8.35  0.0000
II#2013-02-10                -0.00149470   0.002219   -0.674  0.5009
II#2013-02-24                -0.00317895   0.002318    -1.37  0.1710
II#2013-03-03                 0.00600059   0.002352     2.55  0.0111
II#2013-04-07                 0.00117633   0.002149    0.547  0.5845
II#2013-06-16                0.000249850   0.001998    0.125  0.9006
II#2013-06-30                 0.00130189   0.002026    0.643  0.5208
II#2013-10-06                -0.00632764   0.002031    -3.11  0.0020
II#2013-10-20                 0.00669448   0.002048     3.27  0.0012
II#2013-11-03                 0.00159718   0.002046    0.781  0.4354
II#2013-12-01                  0.0202673   0.002255     8.99  0.0000
II#2014-01-12                 0.00248937   0.002124     1.17  0.2419
II#2014-03-30                -0.00737602   0.002094    -3.52  0.0005
II#2014-04-20                 0.00251246   0.002020     1.24  0.2142
II#2014-05-04                0.000299280   0.002084    0.144  0.8859
II#2014-05-11                 0.00340846   0.002098     1.62  0.1050
II#2014-05-18                -0.00182362   0.002127   -0.857  0.3917
II#2014-11-16                  0.0136405   0.002088     6.53  0.0000
II#2015-02-01                  0.0252808   0.002407     10.5  0.0000
II#2015-02-08                  0.0266210   0.002334     11.4  0.0000
II#2015-02-15                  0.0115576   0.002364     4.89  0.0000
II#2015-02-22                  0.0144168   0.002384     6.05  0.0000
II#2015-10-04                  0.0473209   0.002367     20.0  0.0000
II#2015-10-18                 0.00242448   0.002448    0.990  0.3225
II#2015-10-25                  0.0142248   0.002340     6.08  0.0000
II#2015-11-15                 -0.0135960   0.002412    -5.64  0.0000
II#2015-12-13                -0.00516332   0.002170    -2.38  0.0178
II#2016-03-06                  0.0105073   0.002148     4.89  0.0000
II#2016-09-18                 0.00482536   0.002101     2.30  0.0221
II#2016-10-30                5.25259e-05   0.002133   0.0246  0.9804
II#2016-11-20                 0.00112729   0.002149    0.525  0.6001
II#2016-11-27                -0.00119627   0.002275   -0.526  0.5992
II#2016-12-04               -0.000446607   0.002300   -0.194  0.8461
II#2016-12-11                  0.0133186   0.002344     5.68  0.0000
II#2016-12-18                 0.00327332   0.002309     1.42  0.1570
II#2017-01-15                 0.00788282   0.002270     3.47  0.0006
II#2017-01-22                 0.00764554   0.002170     3.52  0.0005
II#2017-06-25                 -0.0119297   0.002074    -5.75  0.0000
II#2017-07-23                  0.0694743   0.002481     28.0  0.0000
II#2017-08-06                 -0.0822693   0.002934    -28.0  0.0000
II#2017-08-13                  0.0774091   0.003101     25.0  0.0000
II#2017-08-20                 -0.0783959   0.003679    -21.3  0.0000
II#2017-08-27                  0.0818663   0.003482     23.5  0.0000
II#2017-09-03                 -0.0818552   0.004006    -20.4  0.0000
II#2017-09-10                  0.0976371   0.004236     23.0  0.0000
II#2017-09-17                 -0.0615526   0.004052    -15.2  0.0000
II#2017-09-24                  0.0700506   0.003859     18.2  0.0000
II#2017-10-01                 -0.0707847   0.003897    -18.2  0.0000
II#2017-10-08                  0.0684751   0.004204     16.3  0.0000
II#2017-10-15                 -0.0647306   0.004259    -15.2  0.0000
II#2017-10-22                  0.0686760   0.004196     16.4  0.0000
II#2017-10-29                 -0.0627803   0.004218    -14.9  0.0000
II#2017-11-05                  0.0634057   0.004253     14.9  0.0000
II#2017-11-12                  0.0128649   0.003992     3.22  0.0014
II#2017-11-19                  0.0225358   0.003789     5.95  0.0000
II#2017-11-26                 -0.0317932   0.003490    -9.11  0.0000
II#2017-12-03                  0.0222139   0.003551     6.26  0.0000
II#2017-12-10                 -0.0253696   0.003364    -7.54  0.0000
II#2017-12-17                 0.00929095   0.003168     2.93  0.0035
II#2017-12-24                -0.00864339   0.002993    -2.89  0.0041
II#2017-12-31                  0.0131611   0.002787     4.72  0.0000
II#2018-01-14                -0.00882695   0.002446    -3.61  0.0003
II#2018-02-18                  0.0117936   0.002224     5.30  0.0000
II#2018-03-25                -0.00228694   0.002074    -1.10  0.2708
II#2018-04-08                 0.00143840   0.002085    0.690  0.4906
II#2018-04-22                0.000406568   0.002119    0.192  0.8480
II#2018-04-29                 0.00895378   0.002111     4.24  0.0000
II#2018-05-06                0.000984605   0.002125    0.463  0.6433
II#2018-05-20                  0.0498122   0.002397     20.8  0.0000
II#2018-05-27                -0.00619888   0.002511    -2.47  0.0140
II#2018-06-03                -0.00518641   0.003109    -1.67  0.0960
II#2018-07-01               -0.000300564   0.003134  -0.0959  0.9236
II#2018-09-09                  0.0211387   0.002299     9.20  0.0000
II#2018-09-16                 0.00134376   0.002237    0.601  0.5484
II#2018-09-23                  0.0201181   0.002208     9.11  0.0000
II#2018-11-04                -0.00811193   0.002198    -3.69  0.0003
II#2018-11-11                 -0.0101555   0.002130    -4.77  0.0000
II#2018-11-18                 -0.0104307   0.002138    -4.88  0.0000
II#2018-12-09                -0.00775808   0.002166    -3.58  0.0004
II#2018-12-16                 -0.0242651   0.002187    -11.1  0.0000
II#2018-12-30                 -0.0179346   0.002240    -8.00  0.0000
D_star_ETANOL_HIDRATADO  U     0.0130303    0.01095     1.19  0.2348
D_star_ETANOL_HIDRATADO_1U    0.00685864    0.01176    0.583  0.5601
D_star_ETANOL_HIDRATADO_2U     0.0144259    0.01128     1.28  0.2016
D_star_ETANOL_HIDRATADO_3U   -0.00644670    0.01120   -0.575  0.5653
D_star_ETANOL_HIDRATADO_4U    0.00333161    0.01133    0.294  0.7689
D_star_ETANOL_HIDRATADO_5U    -0.0324995    0.01134    -2.86  0.0044
D_star_ETANOL_HIDRATADO_6U  -0.000693752    0.01099  -0.0631  0.9497
D_star_ETANOL_HIDRATADO_7U   -0.00729284    0.01053   -0.693  0.4889
D_star_ETANOL_HIDRATADO_8U     0.0294847    0.01090     2.71  0.0071
D_star_OLEO_DIESEL       U   -0.00800172    0.02364   -0.338  0.7352
D_star_OLEO_DIESEL_1     U     0.0411425    0.01979     2.08  0.0382
D_star_OLEO_DIESEL_2     U    -0.0144416    0.01876   -0.770  0.4418
D_star_OLEO_DIESEL_3     U    0.00314969    0.01870    0.168  0.8663
D_star_OLEO_DIESEL_4     U    -0.0268749    0.01988    -1.35  0.1772
D_star_OLEO_DIESEL_5     U    -0.0225064    0.01848    -1.22  0.2240
D_star_OLEO_DIESEL_6     U    -0.0183103    0.01870   -0.979  0.3281
D_star_OLEO_DIESEL_7     U    -0.0351052    0.01872    -1.88  0.0614
D_star_OLEO_DIESEL_8     U    -0.0210933    0.01767    -1.19  0.2332
D_star_GASOLINA_COMUM    U     0.0597933    0.01922     3.11  0.0020
D_star_GASOLINA_COMUM_1  U     0.0162437    0.01884    0.862  0.3890
D_star_GASOLINA_COMUM_2  U     0.0364751    0.01885     1.93  0.0537
D_star_GASOLINA_COMUM_3  U    0.00209806    0.01891    0.111  0.9117
D_star_GASOLINA_COMUM_4  U     0.0254668    0.01829     1.39  0.1644
D_star_GASOLINA_COMUM_5  U     0.0162064    0.01903    0.852  0.3949
D_star_GASOLINA_COMUM_6  U     0.0128749    0.01823    0.706  0.4805
D_star_GASOLINA_COMUM_7  U   -0.00908276    0.01751   -0.519  0.6042
D_star_GASOLINA_COMUM_8  U    -0.0231522    0.01881    -1.23  0.2192
betaZ_1                  U      0.000000        ---
D_brent                  U    0.00199090   0.002732    0.729  0.4665
D_brent_1                U    0.00184951   0.002726    0.679  0.4978
D_brent_2                U    0.00520797   0.002736     1.90  0.0576
D_brent_3                U   -0.00454867   0.002755    -1.65  0.0995
D_brent_4                U    0.00151137   0.002798    0.540  0.5894
D_brent_5                U   -0.00339872   0.002899    -1.17  0.2416
D_brent_6                U     0.0115106   0.002847     4.04  0.0001
D_brent_7                U  -0.000612852   0.002846   -0.215  0.8296
D_brent_8                U   5.94165e-05   0.002863   0.0208  0.9835
D_lnCambio               U    0.00398282   0.005484    0.726  0.4681
D_lnCambio_1             U   -0.00703023   0.005629    -1.25  0.2123
D_lnCambio_2             U    0.00194716   0.005827    0.334  0.7384
D_lnCambio_3             U   -0.00239690   0.005642   -0.425  0.6712
D_lnCambio_4             U    0.00161647   0.005525    0.293  0.7700
D_lnCambio_5             U    0.00271975   0.005577    0.488  0.6260
D_lnCambio_6             U     0.0102121   0.005525     1.85  0.0652
D_lnCambio_7             U    0.00482295   0.005515    0.875  0.3823
D_lnCambio_8             U     0.0133600   0.005498     2.43  0.0155
Constant                 U  -1.26571e-05  9.022e-05   -0.140  0.8885
CSeasonal                U   -0.00241722  0.0009214    -2.62  0.0090
CSeasonal_1              U   -0.00193429  0.0008318    -2.33  0.0205
CSeasonal_2              U   -0.00248343  0.0008159    -3.04  0.0025
CSeasonal_3              U   -0.00208283  0.0008150    -2.56  0.0109
CSeasonal_4              U   -0.00118561  0.0008446    -1.40  0.1611
CSeasonal_5              U   -0.00279335  0.0008758    -3.19  0.0015
CSeasonal_6              U   -0.00182199  0.0008569    -2.13  0.0340
CSeasonal_7              U   -0.00237785  0.0008884    -2.68  0.0077
CSeasonal_8              U  -0.000948218  0.0008299    -1.14  0.2538
CSeasonal_9              U   -0.00137078  0.0008251    -1.66  0.0974
CSeasonal_10             U   -0.00272806  0.0008403    -3.25  0.0013
CSeasonal_11             U   -0.00214302  0.0008609    -2.49  0.0132
CSeasonal_12             U   -0.00213584  0.0008262    -2.59  0.0101
CSeasonal_13             U   -0.00189030  0.0008514    -2.22  0.0269
CSeasonal_14             U   -0.00383164  0.0008325    -4.60  0.0000
CSeasonal_15             U   -0.00111570  0.0008714    -1.28  0.2011
CSeasonal_16             U   -0.00232247  0.0008399    -2.77  0.0059
CSeasonal_17             U  -0.000844038  0.0008655   -0.975  0.3300
CSeasonal_18             U   -0.00245987  0.0008335    -2.95  0.0033
CSeasonal_19             U   -0.00177020  0.0008374    -2.11  0.0351
CSeasonal_20             U   -0.00125063  0.0008441    -1.48  0.1391
CSeasonal_21             U   -0.00179750  0.0008483    -2.12  0.0347
CSeasonal_22             U   -0.00244042  0.0008142    -3.00  0.0029
CSeasonal_23             U  -0.000914898  0.0008849    -1.03  0.3017
CSeasonal_24             U   -0.00209640  0.0009135    -2.29  0.0222
CSeasonal_25             U   -0.00351560  0.0009039    -3.89  0.0001
CSeasonal_26             U   -0.00179876  0.0008559    -2.10  0.0362
CSeasonal_27             U  -0.000993907  0.0008651    -1.15  0.2513
CSeasonal_28             U   -0.00170966  0.0008359    -2.05  0.0414
CSeasonal_29             U   -0.00398473  0.0009240    -4.31  0.0000
CSeasonal_30             U   -0.00246610  0.0008525    -2.89  0.0040
CSeasonal_31             U   -0.00185139  0.0008888    -2.08  0.0378
CSeasonal_32             U   -0.00121986  0.0009071    -1.34  0.1794
CSeasonal_33             U   -0.00222413  0.0008969    -2.48  0.0135
CSeasonal_34             U   -0.00221533  0.0008697    -2.55  0.0112
CSeasonal_35             U   -0.00210950  0.0008772    -2.40  0.0166
CSeasonal_36             U   -0.00279774  0.0008518    -3.28  0.0011
CSeasonal_37             U   -0.00210421  0.0008969    -2.35  0.0194
CSeasonal_38             U   -0.00172538  0.0008805    -1.96  0.0507
CSeasonal_39             U   -0.00362829  0.0008698    -4.17  0.0000
CSeasonal_40             U   -0.00171241  0.0008764    -1.95  0.0513
CSeasonal_41             U   -0.00158608  0.0008506    -1.86  0.0629
CSeasonal_42             U   -0.00197489  0.0008453    -2.34  0.0199
CSeasonal_43             U   -0.00214626  0.0008545    -2.51  0.0124
CSeasonal_44             U   -0.00285042  0.0008587    -3.32  0.0010
CSeasonal_45             U   -0.00130486  0.0008495    -1.54  0.1253
CSeasonal_46             U   -0.00241884  0.0008539    -2.83  0.0048
CSeasonal_47             U   -0.00142188  0.0008771    -1.62  0.1057
CSeasonal_48             U   -0.00268760  0.0008497    -3.16  0.0017
CSeasonal_49             U   -0.00105161  0.0008757    -1.20  0.2304
CSeasonal_50             U   -0.00195236  0.0007983    -2.45  0.0149

sigma = 0.00187703   RSS = 0.001529086501

*** Warning: unrestricted regressors are linearly dependent (numerically or exact)

log-likelihood     10152.7904  -T/2log|Omega|     13196.4135
|Omega|        9.30825551e-17  log|Y'Y/T|         -28.066116
R^2(LR)              0.999856  R^2(LM)              0.937361
no. of observations       715  no. of parameters         843

F-test on regressors except unrestricted: F(549,1296) = 42.7341 [0.0000] **
F-tests on retained regressors, F(3,432) =
D_R_3_ETANOL_HIDRATADO_1       1.08296 [0.356]  D_R_3_ETANOL_HIDRATADO_2      0.910987 [0.436]  
D_R_3_ETANOL_HIDRATADO_3       2.19059 [0.088]  D_R_3_ETANOL_HIDRATADO_4       2.80402 [0.039]* 
D_R_3_ETANOL_HIDRATADO_5      0.682197 [0.563]  D_R_3_ETANOL_HIDRATADO_6       1.68444 [0.170]  
D_R_3_ETANOL_HIDRATADO_7      0.649100 [0.584]  D_R_3_ETANOL_HIDRATADO_8      0.717949 [0.542]  
D_R_3_OLEO_DIESEL_1       4.11499 [0.007]**D_R_3_OLEO_DIESEL_2      0.521678 [0.668]  
D_R_3_OLEO_DIESEL_3       1.16083 [0.324]  D_R_3_OLEO_DIESEL_4       1.27753 [0.282]  
D_R_3_OLEO_DIESEL_5      0.877558 [0.453]  D_R_3_OLEO_DIESEL_6       3.20476 [0.023]* 
D_R_3_OLEO_DIESEL_7       2.52246 [0.057]  D_R_3_OLEO_DIESEL_8       2.28151 [0.079]  
D_R_3_GASOLINA_COMUM_1      0.288215 [0.834]  D_R_3_GASOLINA_COMUM_2      0.710649 [0.546]  
D_R_3_GASOLINA_COMUM_3       2.70026 [0.045]* D_R_3_GASOLINA_COMUM_4       3.74924 [0.011]* 
D_R_3_GASOLINA_COMUM_5      0.346222 [0.792]  D_R_3_GASOLINA_COMUM_6       1.85393 [0.137]  
D_R_3_GASOLINA_COMUM_7       2.41493 [0.066]  D_R_3_GASOLINA_COMUM_8       2.34860 [0.072]  
II#2005-05-29       5.56699 [0.001]**II#2005-08-07       309.373 [0.000]**
II#2005-08-14       65.1415 [0.000]**II#2005-08-21       7.58976 [0.000]**
II#2005-09-04       68.1874 [0.000]**II#2005-09-11       10.8471 [0.000]**
II#2005-09-18       173.347 [0.000]**II#2005-09-25       91.5274 [0.000]**
II#2005-10-09       37.8011 [0.000]**II#2005-10-23       9.95162 [0.000]**
II#2005-10-30       28.7971 [0.000]**II#2005-11-06       12.9112 [0.000]**
II#2005-11-13       27.2276 [0.000]**II#2005-12-04       15.4117 [0.000]**
II#2005-12-11       11.0482 [0.000]**II#2005-12-18       4.46449 [0.004]**
II#2006-01-01       20.8831 [0.000]**II#2006-01-08       10.9307 [0.000]**
II#2006-01-22       9.66329 [0.000]**II#2006-01-29       10.5666 [0.000]**
II#2006-02-05       34.7948 [0.000]**II#2006-03-12       10.3177 [0.000]**
II#2006-03-19       10.5188 [0.000]**II#2006-04-09       31.4952 [0.000]**
II#2006-05-14       7.03550 [0.000]**II#2006-05-28       42.4632 [0.000]**
II#2006-07-23       6.11380 [0.000]**II#2006-07-30       6.97596 [0.000]**
II#2006-08-06       6.81980 [0.000]**II#2007-04-29       5.72862 [0.001]**
II#2007-05-20       6.92250 [0.000]**II#2007-05-27       7.95587 [0.000]**
II#2007-07-29       51.6352 [0.000]**II#2007-08-05       34.2398 [0.000]**
II#2007-08-26       21.4583 [0.000]**II#2007-09-02       18.0002 [0.000]**
II#2007-09-16       19.4531 [0.000]**II#2007-09-23       4.97936 [0.002]**
II#2007-11-18       34.3777 [0.000]**II#2007-12-30       27.8302 [0.000]**
II#2008-01-06       27.7429 [0.000]**II#2008-05-04       26.4823 [0.000]**
II#2008-07-20       7.73634 [0.000]**II#2008-09-21       10.6699 [0.000]**
II#2009-06-14       7.43910 [0.000]**II#2009-08-16       36.9857 [0.000]**
II#2009-08-23       29.2468 [0.000]**II#2009-08-30       43.8315 [0.000]**
II#2009-09-13       11.8979 [0.000]**II#2009-09-20       240.606 [0.000]**
II#2009-09-27       19.2171 [0.000]**II#2009-10-25       6.29594 [0.000]**
II#2009-11-01       41.7872 [0.000]**II#2009-11-15       15.8204 [0.000]**
II#2010-01-10       35.0003 [0.000]**II#2010-01-31       60.4370 [0.000]**
II#2010-02-07       5.40181 [0.001]**II#2010-12-19       6.24013 [0.000]**
II#2011-02-20       27.2110 [0.000]**II#2011-02-27       19.0146 [0.000]**
II#2011-03-13       8.95784 [0.000]**II#2011-04-03       10.7666 [0.000]**
II#2011-04-10       17.1125 [0.000]**II#2011-05-01       22.7056 [0.000]**
II#2011-05-08       15.8539 [0.000]**II#2011-06-05       5.86015 [0.001]**
II#2011-07-03       17.0257 [0.000]**II#2011-07-10       5.90230 [0.001]**
II#2011-09-11       4.65524 [0.003]**II#2011-09-25       23.2091 [0.000]**
II#2011-10-02       25.4826 [0.000]**II#2011-10-09       4.88142 [0.002]**
II#2012-04-01       4.37136 [0.005]**II#2012-06-17       4.99008 [0.002]**
II#2012-07-15       5.28245 [0.001]**II#2012-10-21       4.46357 [0.004]**
II#2012-12-30       10.9106 [0.000]**II#2013-01-06       10.5125 [0.000]**
II#2013-02-03       25.8726 [0.000]**II#2013-02-10       30.6525 [0.000]**
II#2013-02-24       51.2525 [0.000]**II#2013-03-03       4.74281 [0.003]**
II#2013-04-07       9.41467 [0.000]**II#2013-06-16       14.9259 [0.000]**
II#2013-06-30       10.5330 [0.000]**II#2013-10-06       5.14062 [0.002]**
II#2013-10-20       5.18229 [0.002]**II#2013-11-03       4.40077 [0.005]**
II#2013-12-01       57.0136 [0.000]**II#2014-01-12       6.31415 [0.000]**
II#2014-03-30       4.35189 [0.005]**II#2014-04-20       23.2271 [0.000]**
II#2014-05-04       20.8534 [0.000]**II#2014-05-11       17.4472 [0.000]**
II#2014-05-18       13.3481 [0.000]**II#2014-11-16       28.6907 [0.000]**
II#2015-02-01       37.3323 [0.000]**II#2015-02-08       46.0710 [0.000]**
II#2015-02-15       8.11357 [0.000]**II#2015-02-22       12.7689 [0.000]**
II#2015-10-04       178.107 [0.000]**II#2015-10-18       7.83015 [0.000]**
II#2015-10-25       24.4922 [0.000]**II#2015-11-15       11.1287 [0.000]**
II#2015-12-13       5.40133 [0.001]**II#2016-03-06       8.05747 [0.000]**
II#2016-09-18       5.55001 [0.001]**II#2016-10-30       12.9525 [0.000]**
II#2016-11-20       94.3565 [0.000]**II#2016-11-27       4.63957 [0.003]**
II#2016-12-04       50.5869 [0.000]**II#2016-12-11       14.8015 [0.000]**
II#2016-12-18       4.65948 [0.003]**II#2017-01-15       8.47766 [0.000]**
II#2017-01-22       7.85046 [0.000]**II#2017-06-25       14.2870 [0.000]**
II#2017-07-23       274.057 [0.000]**II#2017-08-06       272.568 [0.000]**
II#2017-08-13       217.100 [0.000]**II#2017-08-20       151.617 [0.000]**
II#2017-08-27       189.364 [0.000]**II#2017-09-03       139.159 [0.000]**
II#2017-09-10       177.280 [0.000]**II#2017-09-17       80.9773 [0.000]**
II#2017-09-24       116.962 [0.000]**II#2017-10-01       118.294 [0.000]**
II#2017-10-08       97.9073 [0.000]**II#2017-10-15       86.9169 [0.000]**
II#2017-10-22       108.324 [0.000]**II#2017-10-29       91.1228 [0.000]**
II#2017-11-05       91.3851 [0.000]**II#2017-11-12       9.34248 [0.000]**
II#2017-11-19       20.9462 [0.000]**II#2017-11-26       51.6760 [0.000]**
II#2017-12-03       40.1553 [0.000]**II#2017-12-10       41.4859 [0.000]**
II#2017-12-17       51.4382 [0.000]**II#2017-12-24       47.2144 [0.000]**
II#2017-12-31       63.8356 [0.000]**II#2018-01-14       4.78948 [0.003]**
II#2018-02-18       10.6016 [0.000]**II#2018-03-25       44.3315 [0.000]**
II#2018-04-08       10.7794 [0.000]**II#2018-04-22       4.50059 [0.004]**
II#2018-04-29       8.85094 [0.000]**II#2018-05-06       25.1197 [0.000]**
II#2018-05-20       265.135 [0.000]**II#2018-05-27       6.13267 [0.000]**
II#2018-06-03       165.163 [0.000]**II#2018-07-01       4.24573 [0.006]**
II#2018-09-09       48.1359 [0.000]**II#2018-09-16       5.94416 [0.001]**
II#2018-09-23       31.4998 [0.000]**II#2018-11-04       7.11911 [0.000]**
II#2018-11-11       10.1372 [0.000]**II#2018-11-18       11.0200 [0.000]**
II#2018-12-09       4.42321 [0.004]**II#2018-12-16       41.9909 [0.000]**
II#2018-12-30       74.9149 [0.000]**D_star_ETANOL_HIDRATADO U     2.88767 [0.035]* 
D_star_ETANOL_HIDRATADO_1 U    0.271064 [0.846]  D_star_ETANOL_HIDRATADO_2 U     1.99557 [0.114]  
D_star_ETANOL_HIDRATADO_3 U    0.204505 [0.893]  D_star_ETANOL_HIDRATADO_4 U    0.320841 [0.810]  
D_star_ETANOL_HIDRATADO_5 U     4.15789 [0.006]**D_star_ETANOL_HIDRATADO_6 U    0.496759 [0.685]  
D_star_ETANOL_HIDRATADO_7 U    0.647939 [0.585]  D_star_ETANOL_HIDRATADO_8 U     4.84015 [0.003]**
D_star_OLEO_DIESEL U     9.75522 [0.000]**D_star_OLEO_DIESEL_1 U     11.6329 [0.000]**
D_star_OLEO_DIESEL_2 U     4.97598 [0.002]**D_star_OLEO_DIESEL_3 U     1.31724 [0.268]  
D_star_OLEO_DIESEL_4 U     1.76441 [0.153]  D_star_OLEO_DIESEL_5 U     1.30928 [0.271]  
D_star_OLEO_DIESEL_6 U     3.23746 [0.022]* D_star_OLEO_DIESEL_7 U     1.35095 [0.257]  
D_star_OLEO_DIESEL_8 U    0.528908 [0.663]  D_star_GASOLINA_COMUM U     4.66179 [0.003]**
D_star_GASOLINA_COMUM_1 U    0.305128 [0.822]  D_star_GASOLINA_COMUM_2 U     2.56162 [0.054]  
D_star_GASOLINA_COMUM_3 U    0.208407 [0.891]  D_star_GASOLINA_COMUM_4 U    0.746476 [0.525]  
D_star_GASOLINA_COMUM_5 U     1.01702 [0.385]  D_star_GASOLINA_COMUM_6 U     1.40712 [0.240]  
D_star_GASOLINA_COMUM_7 U    0.466331 [0.706]  D_star_GASOLINA_COMUM_8 U     1.83303 [0.140]  
     betaZ_1 U        .NaN [.NaN]       D_brent U    0.736298 [0.531]  
   D_brent_1 U    0.183528 [0.908]     D_brent_2 U     1.22492 [0.300]  
   D_brent_3 U     1.00911 [0.389]     D_brent_4 U    0.977204 [0.403]  
   D_brent_5 U    0.713160 [0.545]     D_brent_6 U     5.69029 [0.001]**
   D_brent_7 U     2.19342 [0.088]     D_brent_8 U    0.350052 [0.789]  
  D_lnCambio U    0.701130 [0.552]  D_lnCambio_1 U    0.987890 [0.398]  
D_lnCambio_2 U     1.47684 [0.220]  D_lnCambio_3 U    0.392595 [0.758]  
D_lnCambio_4 U    0.718571 [0.541]  D_lnCambio_5 U    0.129032 [0.943]  
D_lnCambio_6 U     1.23781 [0.296]  D_lnCambio_7 U    0.865838 [0.459]  
D_lnCambio_8 U     2.61873 [0.050]      Constant U    0.547073 [0.650]  
   CSeasonal U     2.89350 [0.035]*  CSeasonal_1 U     2.12118 [0.097]  
 CSeasonal_2 U     3.37796 [0.018]*  CSeasonal_3 U     3.46774 [0.016]* 
 CSeasonal_4 U     1.29277 [0.276]   CSeasonal_5 U     3.84468 [0.010]**
 CSeasonal_6 U     1.57608 [0.194]   CSeasonal_7 U     3.74107 [0.011]* 
 CSeasonal_8 U    0.816725 [0.485]   CSeasonal_9 U    0.926133 [0.428]  
CSeasonal_10 U     4.69231 [0.003]**CSeasonal_11 U     3.57825 [0.014]* 
CSeasonal_12 U     2.39961 [0.067]  CSeasonal_13 U     1.68300 [0.170]  
CSeasonal_14 U     7.43915 [0.000]**CSeasonal_15 U     1.09473 [0.351]  
CSeasonal_16 U     3.91802 [0.009]**CSeasonal_17 U    0.693555 [0.556]  
CSeasonal_18 U     3.15877 [0.025]* CSeasonal_19 U     1.74531 [0.157]  
CSeasonal_20 U     2.07592 [0.103]  CSeasonal_21 U     2.35305 [0.072]  
CSeasonal_22 U     4.05474 [0.007]**CSeasonal_23 U    0.476136 [0.699]  
CSeasonal_24 U     2.20445 [0.087]  CSeasonal_25 U     5.56414 [0.001]**
CSeasonal_26 U     2.37628 [0.069]  CSeasonal_27 U     1.12739 [0.338]  
CSeasonal_28 U     3.72150 [0.012]* CSeasonal_29 U     6.29705 [0.000]**
CSeasonal_30 U     3.78202 [0.011]* CSeasonal_31 U     2.11349 [0.098]  
CSeasonal_32 U     1.83207 [0.141]  CSeasonal_33 U     2.79548 [0.040]* 
CSeasonal_34 U     3.62623 [0.013]* CSeasonal_35 U     2.90649 [0.034]* 
CSeasonal_36 U     4.44637 [0.004]**CSeasonal_37 U     2.18599 [0.089]  
CSeasonal_38 U     2.89844 [0.035]* CSeasonal_39 U     5.93725 [0.001]**
CSeasonal_40 U     3.27880 [0.021]* CSeasonal_41 U     2.24723 [0.082]  
CSeasonal_42 U     3.60480 [0.014]* CSeasonal_43 U     2.96086 [0.032]* 
CSeasonal_44 U     4.17107 [0.006]**CSeasonal_45 U     1.10808 [0.346]  
CSeasonal_46 U     3.83740 [0.010]**CSeasonal_47 U     1.18163 [0.316]  
CSeasonal_48 U     3.52226 [0.015]* CSeasonal_49 U    0.729850 [0.535]  
CSeasonal_50 U     2.07104 [0.103]  

correlation of URF residuals (standard deviations on diagonal)
                      D_R_3_ETANOL_HIDRATADOD_R_3_OLEO_DIESELD_R_3_GASOLINA_COMUM
D_R_3_ETANOL_HIDRATADO    0.0056105      0.18874      0.17958
D_R_3_OLEO_DIESEL           0.18874    0.0021997      0.43097
D_R_3_GASOLINA_COMUM        0.17958      0.43097    0.0018770
correlation between actual and fitted
D_R_3_ETANOL_HIDRATADOD_R_3_OLEO_DIESELD_R_3_GASOLINA_COMUM
      0.96560      0.98995      0.99459

Single equation statistics
                            mean(Y)        se(Y)        sigma          R^2
D_R_3_ETANOL_HIDRATADO    0.0010149     0.016822    0.0056105      0.93238
D_R_3_OLEO_DIESEL         0.0010897     0.012129    0.0021997      0.98001
D_R_3_GASOLINA_COMUM     0.00082510     0.014090    0.0018770      0.98921

Single-equation diagnostics using reduced-form residuals:
                               AR 1-7            ARCH 1-7           Normality              Hetero   
D_R_3_ETANOL_HIDRATADO    1.61 [0.1298]       1.93 [0.0629]     137.52 [0.0000]**     1.11 [0.1980]   
D_R_3_OLEO_DIESEL       1.61 [0.1320]       1.88 [0.0706]     121.82 [0.0000]**     0.96 [0.6283]   
D_R_3_GASOLINA_COMUM    2.33 [0.0241]*      1.14 [0.3338]     143.41 [0.0000]**     1.05 [0.3334]   

Vector AR 1-7 test:      F(63,1227)=   1.3717 [0.0309]* 
Vector Normality test:   Chi^2(6)  =   368.60 [0.0000]**
Vector Hetero test:      F(1134,2174)=   1.0395 [0.2251]  
Vector RESET23 test:     F(18,1205)=   5.2881 [0.0000]**
When the log-likelihood constant is NOT included:
AIC                  -34.5550  SC                   -29.1642
HQ                   -32.4732  FPE              -1.13299e-15
When the log-likelihood constant is included:
AIC                  -26.0414  SC                   -20.6506
HQ                   -23.9595  FPE              -5.64480e-12

          AIC           SC           HQ          FPE
      -26.041      -20.651      -23.960  -5.6448e-12
>>> AIC: -26.0414
>>> SC: -20.6506
>>> HQ: -23.9595
Fazendo aquisicao de parametros
Processo Extracao da matriz de saturacao (IIS)
Processo Extracao da matriz de longo prazo
Processo Lambda iniciado
Processo Lambda finalizado
Processo Phi iniciado
Processo Phi finalizado
Processo U iniciado
Processo U finalizado
Processo Extracao das variaveis macroeconomicas (matrix de longo Prazo inclusive)

Apagando o modelo PcGive referente a regiao 3


*****************************************
             Regiao 4
*****************************************

Iniciando um nomo objeto do tipo PcGive referente a regiao 4
PcGive package version 16.10, object created on  4-06-2025
(C) Jurgen A Doornik - requires a licensed version of PcGive Professional

Carregando base de dados para regiao 4
	Periodo da base de dados
	Data inicial: 2004-5
	Data final: 2018-41
(1) Iniciando construcao das variaveis star para a regiao 4
	Adicionando variavel star da regiao 4
	Adicionando variavel star da regiao 4 (ETANOL_HIDRATADO)
	Adicionando variavel star da regiao 4 (OLEO_DIESEL)
	Adicionando variavel star da regiao 4 (GASOLINA_COMUM)
	Concluido construcao das variaveis star para a regiao 4
(2) Iniciando construcao da variavel Delta para a regiao 4
	Adicionando variavel Delta da regiao 4 (ETANOL_HIDRATADO)
	Adicionando variavel Delta* da regiao 4 (star_ETANOL_HIDRATADO)
	Adicionando variavel Delta da regiao 4 (OLEO_DIESEL)
	Adicionando variavel Delta* da regiao 4 (star_OLEO_DIESEL)
	Adicionando variavel Delta da regiao 4 (GASOLINA_COMUM)
	Adicionando variavel Delta* da regiao 4 (star_GASOLINA_COMUM)
	Concluido construcao da variavel Delta para a regiao 4
(3) Iniciando construcao da variavel beta*Z (Cointegracao) para a regiao 4
	Adicionando variavel R_4_ETANOL_HIDRATADO
	Adicionando variavel R_4_OLEO_DIESEL
	Adicionando variavel R_4_GASOLINA_COMUM
	Adicionando variavel star_ETANOL_HIDRATADO
	Adicionando variavel star_OLEO_DIESEL
	Adicionando variavel star_GASOLINA_COMUM
	Adicionando variavel brent
	Adicionando variavel lnCambio

                ETA          DIS          GAS         ETA*         DIS*         GAS*        brent           FX
T_1         0.45605      0.41899      0.71512      0.18463      0.36177      0.71635       3.6298       1.1361
T_2         0.44308      0.41739      0.71393      0.17707      0.36204      0.71435       3.6192       1.1460
T_3         0.44661      0.41909      0.71756      0.19806      0.36151      0.71484       3.6137       1.1467
T_4         0.44340      0.41880      0.71519      0.22988      0.36239      0.72071       3.6110       1.1436
            0.44597      0.41918      0.72229      0.24167      0.36162      0.72698       3.5694       1.1379
            0.44180      0.42049      0.72340      0.24696      0.37771      0.73653       3.5746       1.1446

                T_1          T_2          T_3          T_4                                                    
ETA          1.0000     -0.53609     -0.95981     -0.75127      0.50670      0.79649     0.018739    -0.014240
rows: 
[0] = betaZ_1
	Concluido construcao da variavel beta*Z (Cointegracao) para a regiao 4
(4) Iniciando adicao de macrovariaveis para a regiao 4
	Adicao de macrovariaveis em primeira differenca para a regiao 4
(6) Construindo modelo de estimacao da regiao 4
	Adicionando variavel dependente da regiao 4 (ETANOL_HIDRATADO)
	Adicionando variavel dependente da regiao 4 (OLEO_DIESEL)
	Adicionando variavel dependente da regiao 4 (GASOLINA_COMUM)
	Adicionando variavel independente (lag da independente) da regiao 4 (ETANOL_HIDRATADO)
	Adicionando variavel independente (lag da independente) da regiao 4 (OLEO_DIESEL)
	Adicionando variavel independente (lag da independente) da regiao 4 (GASOLINA_COMUM)
	Adicionando variavel star da regiao 4 (ETANOL_HIDRATADO)
	Adicionando variavel star da regiao 4 (OLEO_DIESEL)
	Adicionando variavel star da regiao 4 (GASOLINA_COMUM)
	Adicionado: D_brent
	Adicionado: D_lnCambio
	Adicionado: Constant
	Adicionado: CSeasonal U
Processo IIS LIGADO para esta regiao
INICIANDO ESTIMACAO

Autometrics identification block search over regressors
no. initial regressors    715  no. of observations       715
significance level       0.01  block method         standard
extension effort     standard  reduction effort     standard
block backtesting        GUM0  used in blocks      A,B,C1,D1


A. Step 1: block search for omitted regressors
   significance           0.01  diagnostics             off
   no of blocks              6  blocked by         variable
   0(127):0 1(127):0 2(127):0 3(127):0 4(127):0 5(80):34  found: 34
A. Step 2   size= 34 #pars= 468 loglik=     8017.46 selected: 34

B. Step 1: block search for omitted regressors
   significance           0.01  diagnostics         delayed
   no of blocks              6  blocked by         variable
   0(161):0 1(161):7 2(161):0 3(161):0 4(161):11 5(80):0  found: 18
B. Step 2   size= 52 #pars= 522 loglik=     8408.58 selected: 52

B. Step 1: block search for omitted regressors
   significance           0.01  diagnostics         delayed
   no of blocks              6  blocked by         variable
   0(179):0 1(179):0 2(179):90 3(179):0 4(179):6 5(80):11  found: 107
B. Step 2   size=159 #pars= 684 loglik=     8701.78 selected: 106

B. Step 1: block search for omitted regressors
   significance           0.01  diagnostics              on
   no of blocks              5  blocked by         variable
   0(233):0 1(233):0 2(233):2 3(233):0 4(207):14  found: 16
B. Step 2   size=122 #pars= 708 loglik=     8793.35 selected: 114

B. Step 1: block search for omitted regressors
   significance           0.01  diagnostics              on
   no of blocks              5  blocked by         variable
   0(241):124 1(241):0 2(241):0 3(241):0 4(207):5  found: 129
B. Step 1 (continued): 
   significance           0.01  diagnostics              on
   0(243):124  found: 124
B. Step 2   size=238 #pars=1080 loglik=     9214.94 selected: 238

B. Step 1: block search for omitted regressors
   significance           0.01  diagnostics              on
   no of blocks              4  blocked by         variable
   0(365):0 1(365):49 2(365):77 3(334):8  found: 134
B. Step 1 (continued): 
   significance           0.01  diagnostics              on
   0(372):45  found: 45
B. Step 2   size=283 #pars= 792 loglik=     9451.40 selected: 142

B. Step 1: block search for omitted regressors
   significance           0.01  diagnostics              on
   no of blocks              5  blocked by         variable
   0(269):0 1(269):0 2(269):0 3(269):0 4(207):11  found: 11
B. Step 2   size=153 #pars= 825 loglik=     9545.56 selected: 153

B. Step 1: block search for omitted regressors
   significance           0.01  diagnostics              on
   no of blocks              5  blocked by         variable
   0(280):5 1(280):0 2(280):0 3(280):0 4(207):0  found: 5
B. Step 2   size=158 #pars= 840 loglik=     9609.63 selected: 158

B. Step 1: block search for omitted regressors
   significance           0.01  diagnostics              on
   no of blocks              5  blocked by         variable
   0(285):0 1(285):3 2(285):0 3(285):0 4(207):0  found: 3
B. Step 2   size=161 #pars= 849 loglik=     9685.91 selected: 161

B. Step 1: block search for omitted regressors
   significance           0.01  diagnostics              on
   no of blocks              5  blocked by         variable
   0(288):0 1(288):0 2(288):0 3(288):11 4(207):0  found: 11
B. Step 2   size=172 #pars= 873 loglik=     9800.10 selected: 169

B. Step 1: block search for omitted regressors
   significance           0.01  diagnostics              on
   no of blocks              5  blocked by         variable
   0(296):0 1(296):0 2(296):0 3(296):0 4(207):5  found: 5
B. Step 2   size=174 #pars= 888 loglik=     9842.91 selected: 174

C. Step 1: block search for omitted regressors
   significance           0.01  diagnostics              on
   no of blocks              5  blocked by         variable
   0(301):8 1(301):21 2(301):9 3(301):0 4(207):0  found: 38
C. Step 2   size=212 #pars= 849 loglik=     9745.98 selected: 161

D. Step 1: block search for omitted regressors
   significance           0.01  diagnostics              on
   no of blocks              5  blocked by         variable
   0(288):0 1(288):0 2(288):0 3(288):0 4(207):9  found: 9
D. Step 2   size=170 #pars= 870 loglik=     9811.88 selected: 168

D. Step 1: block search for omitted regressors
   significance           0.01  diagnostics              on
   no of blocks              5  blocked by         variable
   0(295):0 1(295):0 2(295):0 3(295):0 4(207):0  found: 0

Block search complete, estimated 40357 models in  1:18:34.37
- final selection size=317 regs=317 total= 439 loglik=     10398.2


---------- Autometrics: dimensions of initial GUM ----------
no. of observations       715  no. of parameters        1317
no. free regressors (k1)  317  no. free components (k2)    0
no. of equations            3  no. diagnostic tests        4

Fixed regressors:  D_R_4_ETANOL_HIDRATADO_1 D_R_4_ETANOL_HIDRATADO_2 D_R_4_ETANOL_HIDRATADO_3 D_R_4_ETANOL_HIDRATADO_4
 D_R_4_ETANOL_HIDRATADO_5 D_R_4_ETANOL_HIDRATADO_6 D_R_4_ETANOL_HIDRATADO_7 D_R_4_ETANOL_HIDRATADO_8
 D_R_4_OLEO_DIESEL_1 D_R_4_OLEO_DIESEL_2 D_R_4_OLEO_DIESEL_3 D_R_4_OLEO_DIESEL_4 D_R_4_OLEO_DIESEL_5
 D_R_4_OLEO_DIESEL_6 D_R_4_OLEO_DIESEL_7 D_R_4_OLEO_DIESEL_8 D_R_4_GASOLINA_COMUM_1 D_R_4_GASOLINA_COMUM_2
 D_R_4_GASOLINA_COMUM_3 D_R_4_GASOLINA_COMUM_4 D_R_4_GASOLINA_COMUM_5 D_R_4_GASOLINA_COMUM_6 D_R_4_GASOLINA_COMUM_7
 D_R_4_GASOLINA_COMUM_8 D_star_ETANOL_HIDRATADO D_star_ETANOL_HIDRATADO_1 D_star_ETANOL_HIDRATADO_2 D_star_ETANOL_HIDRATADO_3
 D_star_ETANOL_HIDRATADO_4 D_star_ETANOL_HIDRATADO_5 D_star_ETANOL_HIDRATADO_6 D_star_ETANOL_HIDRATADO_7
 D_star_ETANOL_HIDRATADO_8 D_star_OLEO_DIESEL D_star_OLEO_DIESEL_1 D_star_OLEO_DIESEL_2 D_star_OLEO_DIESEL_3
 D_star_OLEO_DIESEL_4 D_star_OLEO_DIESEL_5 D_star_OLEO_DIESEL_6 D_star_OLEO_DIESEL_7 D_star_OLEO_DIESEL_8
 D_star_GASOLINA_COMUM D_star_GASOLINA_COMUM_1 D_star_GASOLINA_COMUM_2 D_star_GASOLINA_COMUM_3 D_star_GASOLINA_COMUM_4
 D_star_GASOLINA_COMUM_5 D_star_GASOLINA_COMUM_6 D_star_GASOLINA_COMUM_7 D_star_GASOLINA_COMUM_8 betaZ_1
 D_brent D_brent_1 D_brent_2 D_brent_3 D_brent_4 D_brent_5 D_brent_6 D_brent_7 D_brent_8 D_lnCambio D_lnCambio_1
 D_lnCambio_2 D_lnCambio_3 D_lnCambio_4 D_lnCambio_5 D_lnCambio_6 D_lnCambio_7 D_lnCambio_8 Constant
 CSeasonal CSeasonal_1 ... CSeasonal_50

Presearch reduction: none removed

[0.3] Testing GUM 0 at 0.114127:  LRF(951) [0.0000] kept

[1.0] Start of Autometrics tree search

Searching from GUM 0  k= 317 loglik=     10398.2
Found new terminal 1  k= 174 loglik=     9877.77 SC=   -19.468
Found new terminal 2  k= 174 loglik=     9876.82 SC=   -19.465
Found new terminal 3  k= 175 loglik=     9884.14 SC=   -19.458
Found new terminal 4  k= 174 loglik=     9874.40 SC=   -19.458
Found new terminal 5  k= 174 loglik=     9874.96 SC=   -19.460
Found new terminal 6  k= 174 loglik=     9877.60 SC=   -19.467
Found new terminal 7  k= 174 loglik=     9875.71 SC=   -19.462
Found new terminal 8  k= 174 loglik=     9874.25 SC=   -19.458
Found new terminal 9  k= 175 loglik=     9881.37 SC=   -19.450

Searching for contrasting terminals in terminal paths
Found new terminal 10 k= 174 loglik=     9874.64 SC=   -19.459
Found new terminal 11 k= 175 loglik=     9885.28 SC=   -19.461

Encompassing test against GUM 0 removes: none

Searching from GUM 1  k= 184 loglik=     9966.78 LRF_GUM0(133) [0.3985]
Recalling terminal 1  k= 174 loglik=     9877.77 SC=   -19.468
Recalling terminal 2  k= 174 loglik=     9876.82 SC=   -19.465
Recalling terminal 3  k= 175 loglik=     9884.14 SC=   -19.458
Recalling terminal 4  k= 174 loglik=     9874.40 SC=   -19.458
Recalling terminal 5  k= 174 loglik=     9874.96 SC=   -19.460
Recalling terminal 6  k= 174 loglik=     9877.60 SC=   -19.467
Recalling terminal 7  k= 174 loglik=     9875.71 SC=   -19.462
Recalling terminal 8  k= 174 loglik=     9874.25 SC=   -19.458
Recalling terminal 9  k= 175 loglik=     9881.37 SC=   -19.450
Recalling terminal 10 k= 174 loglik=     9874.64 SC=   -19.459
Recalling terminal 11 k= 175 loglik=     9885.28 SC=   -19.461

Searching for contrasting terminals in terminal paths

[2.0] Selection of final model from terminal candidates: terminal 1

p-values in Final GUM and terminal model(s)
                 Final GUM  terminal 1  terminal 2  terminal 3  terminal 4  terminal 5  terminal 6  terminal 7  terminal 8  terminal 9 terminal 10 terminal 11
II#2005-06-26   0.00083375  0.00241528  0.00180513  0.00165194  0.00190242  0.00107935  0.00298938  0.00182920  0.00193394  0.00164339  0.00204185  0.00261382
II#2005-08-28   0.00044892  0.00051955  0.00048206  0.00067391  0.00075469  0.00031171  0.00091844  0.00060062  0.00047996  0.00042692  0.00058884  0.00070033
II#2005-09-04   0.00096876  0.00202282  0.00095529  0.00205818  0.00202935  0.00073335  0.00140926  0.00252762  0.00109881  0.00120274  0.00123028  0.00250330
II#2005-09-11   0.00000000  0.00000000  0.00000000  0.00000000  0.00000000  0.00000000  0.00000000  0.00000000  0.00000000  0.00000000  0.00000000  0.00000000
II#2005-09-25   0.00000059  0.00000117  0.00000289  0.00000246  0.00000188  0.00000122  0.00000220  0.00000320  0.00000034  0.00000079  0.00000259  0.00000215
II#2005-10-02   0.00000053  0.00000333  0.00000157  0.00000161  0.00000101  0.00000226  0.00000050  0.00000256  0.00000095  0.00000474  0.00000181  0.00000163
II#2005-10-09   0.00153707  0.00258998           .  0.00938284  0.00192029  0.00259502  0.00370150  0.00662543  0.00025160  0.00056460           .  0.00436116
II#2005-10-23   0.00000369  0.00000452  0.00000473  0.00000042  0.00000335  0.00000394  0.00000449  0.00000342  0.00000461  0.00000477  0.00000053  0.00000048
II#2005-11-06   0.00429860  0.00714553  0.00474073  0.00404390  0.00553245  0.00626059           .  0.00621380  0.00533452  0.00264994  0.00365914  0.00454053
II#2005-12-25   0.01266367           .  0.00637737  0.00983054           .  0.01285855           .  0.00977684           .           .  0.00573288           .
II#2006-02-12   0.00165185  0.00318641  0.00328551  0.00261440  0.00394313           .  0.00201080  0.00254132  0.00835171  0.00709047  0.00267639  0.00227317
II#2006-03-26   0.00000000  0.00000000  0.00000000  0.00000000  0.00000000  0.00000000  0.00000000  0.00000000  0.00000000  0.00000000  0.00000000  0.00000000
II#2006-04-16   0.02160858           .           .           .  0.01545940           .           .           .  0.01379325           .           .           .
II#2006-04-30   0.00000000  0.00000001  0.00000000  0.00000001  0.00000000  0.00000000  0.00000000  0.00000001  0.00000000  0.00000001  0.00000001  0.00000001
II#2006-06-25   0.00064829  0.00056507  0.00118188  0.00114850  0.00115653  0.00082228  0.00096078  0.00106584  0.00116524  0.00038807  0.00099472  0.00095089
II#2006-07-16   0.00000738  0.00001649  0.00001368  0.00001582  0.00006127  0.00002679  0.00001825  0.00001683  0.00007751  0.00001890  0.00000857  0.00001591
II#2006-07-23   0.01897559           .           .           .           .           .           .           .  0.01433978           .           .           .
II#2006-11-12   0.00079891  0.00092454  0.00104333  0.00108699  0.00263351  0.00320203  0.00122762  0.00102624  0.00177645  0.00073551  0.00099306  0.00099297
II#2007-01-28   0.00202499  0.00138292  0.00183845  0.00194421  0.00560423  0.00387359  0.00156116  0.00186581           .  0.00119605  0.00129405  0.00155154
II#2007-03-11   0.00003181  0.00023753  0.00011939  0.00015554  0.00010040  0.00004842  0.00024249  0.00009961  0.00005279  0.00017871  0.00020085  0.00036564
II#2007-07-01   0.00178182  0.00369428  0.00324380  0.00390227  0.00349429  0.00207256  0.00442291  0.00342279  0.00165223  0.00204304  0.00369301  0.00391862
II#2007-07-08   0.00436095  0.00294526  0.00360862  0.00527158  0.00402274  0.00238042  0.00458852           .  0.00271365  0.00313837  0.00484897  0.00567577
II#2007-08-12   0.00827409  0.00851148  0.00807834  0.00900512           .  0.00900299  0.00848862  0.00918909           .  0.01002920  0.00557740  0.00788537
II#2007-08-19   0.00926233  0.01461737           .           .           .           .  0.00804327           .           .  0.01013559           .  0.00597624
II#2007-09-09   0.00094057  0.00419821  0.00207479  0.00201914  0.00186020  0.00460521  0.00129115  0.00232367  0.00307779  0.00389492  0.00209313  0.00135028
II#2007-11-04   0.00174612  0.00333300  0.00382243  0.00289460  0.00184023  0.00285822  0.00292400  0.00439354  0.00191505  0.00307033  0.00380198  0.00289345
II#2007-11-11   0.00003681  0.00003104  0.00006836  0.00008479  0.00004736  0.00002513  0.00005694  0.00007366  0.00002674  0.00002888  0.00009782  0.00006629
II#2007-11-18   0.00000065  0.00000142  0.00000189  0.00000188  0.00000188  0.00000046  0.00000533  0.00000284  0.00000047  0.00000065  0.00000266  0.00000243
II#2007-12-16   0.00000324  0.00000442  0.00000105  0.00000230  0.00000332  0.00000410  0.00000373  0.00000328  0.00000400  0.00000855  0.00000104  0.00000394
II#2007-12-30   0.00000259  0.00000462  0.00000303  0.00000166  0.00000566  0.00000143  0.00001010  0.00000649  0.00000178  0.00000279  0.00000155  0.00000199
II#2008-05-04   0.00000000  0.00000000  0.00000000  0.00000000  0.00000000  0.00000000  0.00000000  0.00000000  0.00000000  0.00000000  0.00000000  0.00000000
II#2008-05-18   0.00000180  0.00000002  0.00000004  0.00000005  0.00000002  0.00000197  0.00000009  0.00000004  0.00000087  0.00000020  0.00000007  0.00000004
II#2008-07-06   0.00000000  0.00000000  0.00000000  0.00000000  0.00000000  0.00000000  0.00000000  0.00000000  0.00000000  0.00000000  0.00000000  0.00000000
II#2009-08-16   0.00000000  0.00000000  0.00000000  0.00000000  0.00000000  0.00000000  0.00000000  0.00000000  0.00000000  0.00000000  0.00000000  0.00000000
II#2009-08-23   0.00000000  0.00000000  0.00000000  0.00000000  0.00000000  0.00000000  0.00000000  0.00000000  0.00000000  0.00000000  0.00000000  0.00000000
II#2009-08-30   0.00000000  0.00000000  0.00000000  0.00000000  0.00000000  0.00000000  0.00000000  0.00000000  0.00000000  0.00000000  0.00000000  0.00000000
II#2009-09-06   0.00533067           .  0.00599596  0.00654054  0.01186546           .  0.00533454  0.00515092           .           .  0.00435288  0.00506757
II#2009-09-13   0.00000000  0.00000000  0.00000000  0.00000000  0.00000000  0.00000000  0.00000000  0.00000000  0.00000000  0.00000000  0.00000000  0.00000000
II#2009-10-18   0.00000110  0.00000348  0.00000369  0.00008894  0.00000892  0.00000004  0.00001175  0.00000870  0.00000210  0.00000059  0.00005629  0.00007048
II#2010-01-17   0.00086463  0.00112228  0.00125494  0.00097716  0.00070271  0.00131689  0.00124568  0.00122625  0.00066212  0.00145145  0.00123275  0.00099886
II#2010-02-07   0.00000000  0.00000000  0.00000000  0.00000000  0.00000002  0.00000000  0.00000000  0.00000000  0.00000002  0.00000000  0.00000000  0.00000000
II#2010-03-21   0.00000342  0.00001185  0.00000682  0.00000568  0.00004581  0.00002267  0.00000908  0.00000710  0.00003555  0.00003264  0.00000365  0.00000501
II#2010-07-18   0.00000105  0.00000131  0.00000281  0.00000250  0.00000757  0.00001003  0.00000097  0.00000288  0.00001437  0.00000109  0.00000164  0.00000065
II#2010-08-01   0.00762935  0.00922184  0.00777735  0.00765340  0.01026117  0.00909716  0.00982985  0.00793518  0.00890104  0.00793885  0.00788216  0.00896654
II#2010-11-21   0.00286052  0.00259194  0.00160236  0.00160646  0.00315389  0.00220403  0.00223745  0.00189456  0.00379693  0.00341567  0.00151127  0.00211274
II#2010-12-05   0.00007844  0.00014643  0.00013422  0.00013825  0.00025202  0.00049163  0.00007594  0.00013399  0.00051606  0.00024621  0.00008369  0.00009676
II#2011-01-16   0.00010233  0.00013572  0.00009861  0.00032091  0.00014605  0.00011021  0.00011644  0.00017145  0.00010662  0.00013282  0.00026670  0.00031686
II#2011-04-10   0.00000000  0.00000000  0.00000000  0.00000000  0.00000000  0.00000000  0.00000000  0.00000000  0.00000000  0.00000000  0.00000000  0.00000000
II#2011-04-24   0.00000000  0.00000000  0.00000000  0.00000000  0.00000000  0.00000000  0.00000000  0.00000000  0.00000000  0.00000000  0.00000000  0.00000000
II#2011-05-01   0.00000000  0.00000004  0.00000000  0.00000000  0.00000001  0.00000000  0.00000013  0.00000000  0.00000000  0.00000000  0.00000000  0.00000007
II#2011-05-29   0.01101430           .           .           .           .           .  0.01130765           .           .           .           .  0.01204639
II#2011-12-04   0.00072485  0.00074721  0.00069852  0.00081515  0.00081799  0.00082104  0.00072317  0.00081010  0.00059880  0.00080649  0.00069793  0.00077462
II#2011-12-18   0.00032478  0.00081504  0.00065540  0.00042109  0.00047996  0.00056424  0.00064933  0.00054968  0.00051301  0.00111247  0.00062889  0.00078307
II#2012-01-01   0.00000803  0.00001683  0.00001689  0.00001376  0.00000997  0.00002015  0.00001742  0.00002025  0.00000773  0.00002075  0.00001652  0.00001602
II#2012-02-12   0.00058147  0.00051576  0.00061334  0.00056259  0.00062608  0.00074529  0.00038619  0.00068449  0.00067082  0.00054331  0.00060001  0.00037482
II#2012-03-11   0.00000569  0.00001962  0.00001947  0.00001674  0.00001029  0.00001467  0.00001548  0.00002842  0.00000757  0.00001579  0.00002553  0.00001549
II#2012-04-08   0.00029027  0.00016427  0.00025049  0.00015876  0.00029910  0.00020024  0.00014258  0.00023230  0.00034288  0.00018121  0.00022777  0.00013928
II#2012-05-13   0.00199667  0.00242949  0.00340488  0.00282061  0.00225639  0.00324634  0.00174379  0.00344917  0.00190296  0.00261463  0.00341333  0.00203273
II#2012-07-22   0.00759878  0.01196465           .  0.01342035  0.00937228  0.01374754  0.00889420           .  0.00594745  0.01076230           .  0.01211632
II#2012-07-29   0.00000001  0.00000001  0.00000000  0.00000001  0.00000001  0.00000001  0.00000002  0.00000001  0.00000001  0.00000014  0.00000001  0.00000003
II#2012-08-05   0.00000335  0.00000846  0.00000726  0.00000757  0.00000940  0.00000707  0.00000942  0.00001003  0.00000604  0.00001082  0.00000635  0.00000810
II#2012-08-12   0.00000297  0.00000789  0.00000753  0.00000507  0.00000349  0.00000712  0.00000696  0.00000747  0.00000304  0.00000836  0.00000751  0.00000626
II#2012-09-02   0.00001171  0.00001486  0.00005144  0.00003205  0.00001433  0.00001916  0.00003448  0.00004497  0.00000471  0.00001498  0.00005372  0.00002982
II#2012-09-09   0.00003147  0.00005562  0.00005271  0.00005379  0.00004054  0.00006302  0.00004693  0.00007265  0.00003479  0.00005397  0.00005158  0.00005356
II#2012-12-02   0.00001079  0.00001580  0.00002526  0.00001578  0.00001180  0.00001883  0.00001488  0.00002040  0.00000971  0.00001877  0.00002737  0.00001635
II#2012-12-23   0.00002064  0.00004296  0.00007472  0.00004924  0.00001577  0.00005628  0.00004489  0.00006930  0.00001754  0.00004692  0.00008341  0.00004881
II#2012-12-30   0.00044405  0.00064011  0.00085147  0.00058778  0.00063286  0.00081983  0.00055171  0.00088522  0.00051341  0.00067375  0.00082283  0.00054566
II#2013-01-27   0.00010755  0.00015980  0.00018174  0.00013673  0.00011641  0.00015375  0.00017053  0.00017046  0.00012593  0.00021543  0.00018338  0.00015668
II#2013-02-03   0.00000000  0.00000000  0.00000000  0.00000000  0.00000000  0.00000000  0.00000000  0.00000000  0.00000000  0.00000000  0.00000000  0.00000000
II#2013-03-03   0.00000000  0.00000000  0.00000001  0.00000000  0.00000000  0.00000000  0.00000000  0.00000000  0.00000000  0.00000000  0.00000004  0.00000000
II#2013-03-10   0.00009979  0.00034130  0.00002503  0.00007997  0.00024629  0.00010060  0.00035654  0.00006821  0.00030941  0.00136262  0.00002095  0.00032786
II#2013-04-07   0.00162185  0.00715454  0.00449908  0.00810813  0.00130900  0.00794399  0.00766662  0.00840240  0.00155956  0.00899767  0.00528773  0.00818860
II#2013-04-14   0.00013156  0.00009979  0.00009965  0.00009385  0.00010761  0.00009645  0.00009601  0.00011568  0.00009736  0.00012432  0.00009475  0.00011921
II#2013-05-05   0.00200750  0.00193260  0.00219386  0.00188247  0.00150974  0.00322723  0.00197676  0.00222709  0.00220407  0.00293025  0.00217287  0.00195248
II#2013-06-02   0.00214968  0.00294441  0.00257756  0.00200118  0.00232015  0.00219748  0.00296720  0.00251235  0.00223763  0.00366233  0.00253191  0.00296329
II#2013-12-01   0.00000000  0.00000000  0.00000000  0.00000000  0.00000000  0.00000000  0.00000000  0.00000000  0.00000000  0.00000000  0.00000000  0.00000000
II#2014-02-09   0.00051595  0.00061892  0.00084918  0.00058190  0.00092018  0.00068950  0.00050031  0.00093416  0.00065304  0.00064676  0.00081364  0.00051912
II#2014-03-23   0.00000000  0.00000000  0.00000000  0.00000000  0.00000000  0.00000000  0.00000000  0.00000000  0.00000000  0.00000000  0.00000000  0.00000000
II#2014-04-06   0.00000000  0.00000000  0.00000000  0.00000000  0.00000000  0.00000000  0.00000000  0.00000000  0.00000000  0.00000000  0.00000000  0.00000000
II#2014-11-09   0.00000000  0.00000000  0.00000000  0.00000000  0.00000000  0.00000000  0.00000000  0.00000000  0.00000000  0.00000003  0.00000000  0.00000001
II#2014-11-16   0.00000000  0.00000000  0.00000000  0.00000000  0.00000000  0.00000000  0.00000000  0.00000000  0.00000000  0.00000000  0.00000000  0.00000000
II#2014-12-14   0.00000000  0.00000000  0.00000000  0.00000000  0.00000000  0.00000000  0.00000000  0.00000000  0.00000000  0.00000000  0.00000000  0.00000000
II#2015-01-11   0.00000028  0.00000026  0.00000025  0.00000053  0.00000034  0.00000014  0.00000004  0.00000036  0.00000018  0.00000031  0.00000053  0.00000058
II#2015-02-01   0.00000000  0.00000000  0.00000000  0.00000000  0.00000000  0.00000000  0.00000000  0.00000000  0.00000000  0.00000000  0.00000000  0.00000000
II#2015-02-08   0.00000000  0.00000000  0.00000000  0.00000000  0.00000000  0.00000000  0.00000000  0.00000000  0.00000000  0.00000000  0.00000000  0.00000000
II#2015-02-15   0.00116758  0.00136875  0.00093611  0.00093310  0.00275378  0.00136774  0.00195253  0.00102550  0.00164901  0.00379636  0.00088138  0.00169405
II#2015-07-26   0.00000319  0.00001019  0.00001211  0.00001035  0.00000979  0.00000276  0.00001500  0.00001158  0.00000280  0.00000177  0.00001391  0.00001112
II#2015-08-16   0.00048094  0.00035849  0.00053079  0.00034628  0.00039116  0.00059141  0.00042741  0.00041893  0.00041280  0.00026534  0.00052153  0.00033040
II#2015-08-23   0.00000276  0.00000403  0.00000383  0.00000182  0.00000280  0.00000478  0.00000453  0.00000334  0.00000277  0.00000224  0.00000237  0.00000221
II#2015-08-30   0.00031620  0.00055255  0.00048408  0.00036679  0.00037590  0.00051310  0.00037736  0.00053848  0.00051703  0.00061109  0.00045161  0.00038737
II#2015-09-06   0.00000000  0.00000001  0.00000000  0.00000000  0.00000001  0.00000003  0.00000000  0.00000000  0.00000011  0.00000001  0.00000000  0.00000000
II#2015-09-20   0.00000000  0.00000000  0.00000000  0.00000000  0.00000000  0.00000000  0.00000000  0.00000000  0.00000000  0.00000000  0.00000000  0.00000000
II#2015-10-04   0.00000000  0.00000000  0.00000000  0.00000000  0.00000000  0.00000000  0.00000000  0.00000000  0.00000000  0.00000000  0.00000000  0.00000000
II#2015-10-11   0.00168392  0.00198533  0.00222561  0.00220251  0.00274235  0.00236069  0.00131283  0.00368049  0.00136778  0.00176277  0.00202564  0.00179885
II#2015-10-18   0.00000000  0.00000000  0.00000000  0.00000000  0.00000000  0.00000000  0.00000000  0.00000000  0.00000000  0.00000000  0.00000000  0.00000000
II#2015-10-25   0.00000000  0.00000000  0.00000000  0.00000000  0.00000000  0.00000000  0.00000000  0.00000000  0.00000000  0.00000000  0.00000000  0.00000000
II#2015-11-01   0.00000000  0.00000000  0.00000000  0.00000000  0.00000000  0.00000000  0.00000000  0.00000000  0.00000000  0.00000000  0.00000000  0.00000000
II#2015-11-08   0.00000001  0.00000008  0.00000028  0.00000040  0.00000037  0.00000000  0.00000035  0.00000012  0.00000001  0.00000000  0.00000090  0.00000016
II#2015-11-15   0.00000000  0.00000000  0.00000000  0.00000000  0.00000000  0.00000000  0.00000000  0.00000000  0.00000000  0.00000000  0.00000000  0.00000000
II#2015-12-06   0.00000916  0.00002461  0.00000542  0.00005443  0.00002044  0.00003796  0.00001134  0.00003257  0.00005659  0.00006249  0.00001276  0.00002698
II#2016-01-17   0.00000000  0.00000000  0.00000000  0.00000000  0.00000000  0.00000000  0.00000000  0.00000000  0.00000000  0.00000000  0.00000000  0.00000000
II#2016-02-07   0.00100079  0.00154524  0.00169404  0.00210081           .  0.00276543  0.00097046  0.00179249  0.00701375  0.00140172  0.00160297  0.00088426
II#2016-03-27   0.00148207  0.00163682  0.00165667  0.00212782  0.00108945  0.00105924  0.00154666  0.00202985  0.00176870  0.00131905  0.00237423  0.00298303
II#2016-04-10   0.00000000  0.00000000  0.00000000  0.00000000  0.00000000  0.00000000  0.00000000  0.00000000  0.00000000  0.00000000  0.00000000  0.00000000
II#2016-04-24   0.00016870  0.00008487  0.00009824  0.00010720  0.00007562  0.00023095  0.00013498  0.00016412  0.00016900  0.00017809  0.00014632  0.00011250
II#2016-05-22   0.00001371  0.00001000  0.00000671  0.00000797  0.00006349  0.00003473  0.00000939  0.00000814  0.00004790  0.00001644  0.00000373  0.00001008
II#2016-07-03   0.00000003  0.00000012  0.00000006  0.00000005  0.00000016  0.00000008  0.00000012  0.00000007  0.00000044  0.00000012  0.00000005  0.00000012
II#2016-07-10   0.00000000  0.00000000  0.00000000  0.00000000  0.00000000  0.00000000  0.00000000  0.00000000  0.00000000  0.00000000  0.00000000  0.00000000
II#2016-07-31   0.00009281  0.00025132  0.00024060  0.00016151  0.00012406  0.00021667  0.00047938  0.00021116  0.00008509  0.00014212  0.00021496  0.00017266
II#2016-08-14   0.00019771  0.00022733  0.00025893  0.00018187  0.00033844  0.00042621  0.00016539  0.00029019  0.00029453  0.00012576  0.00018894  0.00013200
II#2016-08-28   0.00060229  0.00017026  0.00041289  0.00037009  0.00080883  0.00014314  0.00112948  0.00038234  0.00027713  0.00011428  0.00044930  0.00085241
II#2016-10-16   0.00803332  0.00912943  0.01248787  0.00933853  0.01209177           .  0.00855109  0.01251659  0.01531485  0.00511574  0.00853051  0.00505985
II#2016-11-06   0.00004339  0.00008346  0.00015285  0.00013376  0.00005947  0.00006725  0.00011294  0.00007961  0.00005533  0.00016708  0.00032333  0.00018658
II#2016-11-20   0.00000007  0.00000056  0.00000047  0.00000100  0.00000071  0.00000006  0.00000110  0.00000068  0.00000026  0.00000017  0.00000092  0.00000076
II#2016-12-04   0.00000002  0.00000004  0.00000001  0.00000003  0.00000002  0.00000003  0.00000012  0.00000005  0.00000004  0.00000019  0.00000002  0.00000005
II#2016-12-11   0.00000000  0.00000000  0.00000000  0.00000000  0.00000000  0.00000000  0.00000000  0.00000000  0.00000000  0.00000000  0.00000000  0.00000000
II#2016-12-18   0.00000379  0.00004010  0.00000499  0.00001673  0.00001788  0.00001444  0.00001352  0.00001633  0.00004807  0.00027250  0.00000847  0.00002736
II#2017-01-29   0.00012467  0.00028061  0.00022761  0.00017674  0.00032435  0.00350386  0.00007090  0.00022617  0.00112110  0.00049363  0.00014727  0.00007251
II#2017-02-12   0.00000722  0.00000598  0.00002460  0.00002433  0.00002442  0.00004017  0.00001187  0.00002734  0.00001214  0.00000370  0.00001844  0.00000388
II#2017-02-26   0.00063600  0.00344521  0.00151930  0.00118932  0.00324545  0.00067904  0.00328964  0.00116091  0.00239020  0.00565243  0.00161637  0.00323987
II#2017-03-19   0.00000001  0.00000009  0.00000010  0.00000011  0.00000017  0.00000049  0.00000002  0.00000011  0.00000039  0.00000008  0.00000011  0.00000001
II#2017-03-26   0.00004200  0.00004078  0.00007397  0.00005905  0.00001802  0.00066583  0.00001619  0.00005423  0.00022414  0.00011213  0.00007126  0.00002246
II#2017-04-23   0.01744160  0.00542087           .           .           .           .  0.00385809           .           .  0.00609106  0.01202466  0.00402926
II#2017-05-07   0.00114348  0.00073199  0.00332848  0.00173492  0.00093087  0.00368688  0.00035437  0.00238124  0.00115696  0.00078780  0.00211544  0.00032794
II#2017-05-14   0.00000000  0.00000000  0.00000000  0.00000000  0.00000000  0.00000000  0.00000000  0.00000000  0.00000000  0.00000000  0.00000000  0.00000000
II#2017-05-21   0.02557188           .           .           .  0.01107611           .           .           .           .           .           .           .
II#2017-06-11   0.00000001  0.00000001  0.00000001  0.00000001  0.00000000  0.00000004  0.00000002  0.00000001  0.00000001  0.00000001  0.00000002  0.00000001
II#2017-06-18   0.00030915  0.00026760  0.00042855  0.00052161  0.00071477  0.00090777  0.00034515  0.00058618  0.00177823  0.00010567  0.00023661  0.00028521
II#2017-06-25   0.00014088  0.00085289  0.00068033  0.00049020  0.00284406  0.00045755  0.00045126  0.00069924  0.00116279  0.00080527  0.00057545  0.00027727
II#2017-07-16   0.00000000  0.00000000  0.00000000  0.00000000  0.00000000  0.00000000  0.00000000  0.00000000  0.00000000  0.00000000  0.00000000  0.00000000
II#2017-07-23   0.00001155  0.00095011  0.00000971  0.00002581  0.00010969  0.00001690  0.00023582  0.00001497  0.00035505           .  0.00001935  0.00079353
II#2017-07-30   0.00000000  0.00000000  0.00000000  0.00000000  0.00000000  0.00000000  0.00000000  0.00000000  0.00000000  0.00000000  0.00000000  0.00000000
II#2017-08-06   0.00000000  0.00000000  0.00000000  0.00000000  0.00000000  0.00000000  0.00000000  0.00000000  0.00000000  0.00000000  0.00000000  0.00000000
II#2017-08-13   0.00000000  0.00000000  0.00000000  0.00000000  0.00000000  0.00000000  0.00000000  0.00000000  0.00000000  0.00000000  0.00000000  0.00000000
II#2017-08-20   0.00000000  0.00000000  0.00000000  0.00000000  0.00000000  0.00000000  0.00000000  0.00000000  0.00000000  0.00000000  0.00000000  0.00000000
II#2017-08-27   0.00000000  0.00000000  0.00000000  0.00000000  0.00000000  0.00000000  0.00000000  0.00000000  0.00000000  0.00000000  0.00000000  0.00000000
II#2017-09-03   0.00000000  0.00000000  0.00000000  0.00000000  0.00000000  0.00000000  0.00000000  0.00000000  0.00000000  0.00000000  0.00000000  0.00000000
II#2017-09-10   0.00000000  0.00000000  0.00000000  0.00000000  0.00000000  0.00000000  0.00000000  0.00000000  0.00000000  0.00000000  0.00000000  0.00000000
II#2017-09-17   0.00000000  0.00000000  0.00000000  0.00000000  0.00000000  0.00000000  0.00000000  0.00000000  0.00000000  0.00000000  0.00000000  0.00000000
II#2017-09-24   0.00000000  0.00000000  0.00000000  0.00000000  0.00000000  0.00000000  0.00000000  0.00000000  0.00000000  0.00000000  0.00000000  0.00000000
II#2017-10-01   0.00000000  0.00000000  0.00000000  0.00000000  0.00000000  0.00000000  0.00000000  0.00000000  0.00000000  0.00000000  0.00000000  0.00000000
II#2017-10-08   0.00000000  0.00000000  0.00000000  0.00000000  0.00000000  0.00000000  0.00000000  0.00000000  0.00000000  0.00000000  0.00000000  0.00000000
II#2017-10-15   0.00000000  0.00000000  0.00000000  0.00000000  0.00000000  0.00000000  0.00000000  0.00000000  0.00000000  0.00000000  0.00000000  0.00000000
II#2017-10-22   0.00000000  0.00000000  0.00000000  0.00000000  0.00000000  0.00000000  0.00000000  0.00000000  0.00000000  0.00000000  0.00000000  0.00000000
II#2017-10-29   0.00000000  0.00000000  0.00000000  0.00000000  0.00000000  0.00000000  0.00000000  0.00000000  0.00000000  0.00000000  0.00000000  0.00000000
II#2017-11-05   0.00000000  0.00000000  0.00000000  0.00000000  0.00000000  0.00000000  0.00000000  0.00000000  0.00000000  0.00000000  0.00000000  0.00000000
II#2017-11-12   0.00000000  0.00000000  0.00000000  0.00000000  0.00000000  0.00000000  0.00000000  0.00000000  0.00000000  0.00000000  0.00000000  0.00000000
II#2017-11-19   0.00000000  0.00000000  0.00000000  0.00000000  0.00000000  0.00000000  0.00000000  0.00000000  0.00000000  0.00000000  0.00000000  0.00000000
II#2017-11-26   0.00000000  0.00000000  0.00000000  0.00000000  0.00000000  0.00000000  0.00000000  0.00000000  0.00000000  0.00000000  0.00000000  0.00000000
II#2017-12-03   0.00000000  0.00000000  0.00000000  0.00000000  0.00000000  0.00000000  0.00000000  0.00000000  0.00000000  0.00000000  0.00000000  0.00000000
II#2017-12-10   0.00000000  0.00000000  0.00000000  0.00000000  0.00000000  0.00000000  0.00000000  0.00000000  0.00000000  0.00000000  0.00000000  0.00000000
II#2017-12-17   0.00000000  0.00000000  0.00000000  0.00000000  0.00000000  0.00000000  0.00000000  0.00000000  0.00000000  0.00000000  0.00000000  0.00000000
II#2017-12-24   0.00000000  0.00000000  0.00000000  0.00000000  0.00000000  0.00000000  0.00000000  0.00000000  0.00000000  0.00000000  0.00000000  0.00000000
II#2017-12-31   0.00000000  0.00000000  0.00000000  0.00000000  0.00000000  0.00000000  0.00000000  0.00000000  0.00000000  0.00000000  0.00000000  0.00000000
II#2018-01-07   0.00000061  0.00000054  0.00000053  0.00000020  0.00000042  0.00000157  0.00000023  0.00000056  0.00000251  0.00000256  0.00000013  0.00000024
II#2018-02-11   0.00005667  0.00027766  0.00014790  0.00002436  0.00012010  0.00013957  0.00009389  0.00007649  0.00016588  0.00054936  0.00006362  0.00003169
II#2018-04-01   0.00003907  0.00003118  0.00001735  0.00001740  0.00006380  0.00001771  0.00002692  0.00001216  0.00011164  0.00004770  0.00002463  0.00003013
II#2018-04-15   0.00000000  0.00000000  0.00000000  0.00000000  0.00000000  0.00000000  0.00000000  0.00000000  0.00000000  0.00000000  0.00000000  0.00000000
II#2018-04-22   0.01174531           .  0.00247334  0.00394207  0.01170722  0.00724367           .  0.00387313           .           .  0.00795433           .
II#2018-05-06   0.01086136           .  0.00638484  0.00741836           .  0.00681519           .  0.00696242           .           .  0.00680703           .
II#2018-05-13   0.00000000  0.00000000  0.00000000  0.00000000  0.00000000  0.00000000  0.00000000  0.00000000  0.00000000  0.00000000  0.00000000  0.00000000
II#2018-05-20   0.00000000  0.00000000  0.00000000  0.00000000  0.00000000  0.00000000  0.00000000  0.00000000  0.00000000  0.00000001  0.00000000  0.00000000
II#2018-05-27   0.00000000  0.00000000  0.00000000  0.00000000  0.00000000  0.00000000  0.00000000  0.00000000  0.00000000  0.00000000  0.00000000  0.00000000
II#2018-06-03   0.00000001  0.00000195  0.00000000  0.00000001  0.00000124  0.00000001  0.00000057  0.00000002  0.00000393  0.00007852  0.00000000  0.00000076
II#2018-06-17   0.00000000  0.00000000  0.00000000  0.00000000  0.00000000  0.00000000  0.00000000  0.00000000  0.00000000  0.00000000  0.00000000  0.00000000
II#2018-06-24   0.00000094  0.00001091  0.00000045  0.00000611  0.00000665  0.00000130  0.00000805  0.00000132  0.00001110  0.00009208  0.00000144  0.00002283
II#2018-07-01   0.00011785  0.00016192  0.00231568  0.00026241  0.00022841  0.00011315  0.00016044  0.00012026  0.00013956  0.00012573  0.00433220  0.00052858
II#2018-07-15   0.00327072  0.00341802  0.00409064  0.00222571  0.00538489  0.00824083           .  0.00315807  0.00474259  0.00340546  0.00223877  0.00206639
II#2018-07-22   0.00004978  0.00012368  0.00010156  0.00012817  0.00008572  0.00011427  0.00023064  0.00012576  0.00015242  0.00014573  0.00006497  0.00013024
II#2018-08-12   0.00143385  0.00311672  0.00233027  0.00344036  0.00311037  0.00066003  0.00139897  0.00219176  0.00163871  0.00154341  0.00349181  0.00403989
II#2018-09-02   0.00000000  0.00000000  0.00000000  0.00000000  0.00000000  0.00000000  0.00000000  0.00000000  0.00000000  0.00000000  0.00000000  0.00000000
II#2018-09-09   0.00000000  0.00000000  0.00000000  0.00000000  0.00000000  0.00000000  0.00000000  0.00000000  0.00000000  0.00000000  0.00000000  0.00000000
II#2018-09-16   0.02057843           .           .           .           .  0.00230331           .           .  0.00903679  0.01013729           .           .
II#2018-09-30   0.01387535           .           .           .           .  0.00512140           .           .  0.00934030  0.01388146           .           .
II#2018-10-14   0.00111833  0.00280015  0.00368860           .  0.00205727  0.00040040  0.00126181  0.00373493  0.00099303  0.00212400           .           .
II#2018-10-21   0.00000000  0.00000000  0.00000000  0.00000000  0.00000000  0.00000000  0.00000000  0.00000000  0.00000000  0.00000000  0.00000000  0.00000000
II#2018-10-28   0.00232596  0.00171494  0.00237085  0.00103033  0.00112754           .  0.00183343  0.00181202  0.01138668  0.00956806  0.00122000  0.00024644
II#2018-11-04   0.00000000  0.00000000  0.00000000  0.00000000  0.00000000  0.00000000  0.00000000  0.00000000  0.00000000  0.00000000  0.00000000  0.00000000
II#2018-11-11   0.00000000  0.00000000  0.00000000  0.00000000  0.00000000  0.00000000  0.00000000  0.00000000  0.00000000  0.00000000  0.00000000  0.00000000
II#2018-12-02   0.00000000  0.00000000  0.00000000  0.00000000  0.00000000  0.00000000  0.00000000  0.00000000  0.00000000  0.00000000  0.00000000  0.00000000
II#2018-12-09   0.00002707  0.00122316  0.00009309  0.00015776  0.00289378  0.00022835  0.00034008  0.00014680  0.00080913  0.00222411  0.00009159  0.00048714
II#2018-12-16   0.00000019  0.00000135  0.00000230  0.00000189  0.00000859  0.00000440  0.00000058  0.00000225  0.00000716  0.00000273  0.00000073  0.00000091
II#2018-12-23   0.00002621  0.00000674  0.00000961  0.00000905  0.00001121  0.00002660  0.00002873  0.00001208  0.00003977  0.00001148  0.00000550  0.00002546
II#2018-12-30   0.00004934  0.00001553  0.00000076  0.00001511  0.00002006  0.00001027  0.00005140  0.00001607  0.00002701  0.00003274  0.00000095  0.00004978
k                      184         174         174         175         174         174         174         174         174         175         174         175
parameters             918         888         888         891         888         888         888         888         888         891         888         891
loglik              9966.8      9877.8      9876.8      9884.1      9874.4      9875.0      9877.6      9875.7      9874.3      9881.4      9874.6      9885.3
AIC                -25.311     -25.146     -25.144     -25.156     -25.137     -25.138     -25.146     -25.140     -25.136     -25.148     -25.137     -25.159
HQ                 -23.044     -22.953     -22.951     -22.955     -22.944     -22.945     -22.953     -22.947     -22.943     -22.948     -22.945     -22.958
SC                 -19.441     -19.468     -19.465     -19.458     -19.458     -19.460     -19.467     -19.462     -19.458     -19.450     -19.459     -19.461
                               =======

p-values of diagnostic checks for model validity
          Initial GUM     cut-off   Final GUM     cut-off Final model
AR(7)         0.49804     0.01000     0.03735     0.01000     0.05560
Normality     0.00000     0.00000     0.00000     0.00000     0.00000
Hetero        1.00000     0.01000     0.56987     0.01000     0.05569
Chow(70%)     1.00000     0.01000     1.00000     0.01000     1.00000

*** Warning: Final model failed 1 diagnostic test(s)

The final model has 2 insignificant coefficients:
Joint significance  LRF( 6) [0.0015] LRF_GUM0(435) [0.0054]
II#2007-08-19       Failed backtest against GUM0
II#2012-07-22       Failed backtest against GUM0

Summary of Autometrics search
initial search space    2^317  final search space      2^184
no. estimated models     1606  no. terminal models        11
test form                LR-F  target size        Small:0.01
large residuals            no  presearch reduction      lags
backtesting              GUM0  tie-breaker                SC
diagnostics p-value      0.01  search effort        standard
time               1:20:42.33  Autometrics version       2.3

SYS( 2) Estimating the system by OLS
        The dataset is: ../export/database for ox/db_oil_withSesonal.in7
        The estimation sample is: 2005-04-24 - 2018-12-30

URF equation for: D_R_4_ETANOL_HIDRATADO
                             Coefficient  Std.Error  t-value  t-prob
D_R_4_ETANOL_HIDRATADO_1       -0.162381    0.02979    -5.45  0.0000
D_R_4_ETANOL_HIDRATADO_2       -0.133099    0.03125    -4.26  0.0000
D_R_4_ETANOL_HIDRATADO_3      -0.0912377    0.03120    -2.92  0.0036
D_R_4_ETANOL_HIDRATADO_4      -0.0726047    0.03145    -2.31  0.0215
D_R_4_ETANOL_HIDRATADO_5      -0.0558253    0.03210    -1.74  0.0828
D_R_4_ETANOL_HIDRATADO_6      -0.0192514    0.02898   -0.664  0.5069
D_R_4_ETANOL_HIDRATADO_7      -0.0399558    0.02645    -1.51  0.1317
D_R_4_ETANOL_HIDRATADO_8    -0.000562331    0.02639  -0.0213  0.9830
D_R_4_OLEO_DIESEL_1            0.0197729    0.07705    0.257  0.7976
D_R_4_OLEO_DIESEL_2            0.0256251    0.07667    0.334  0.7384
D_R_4_OLEO_DIESEL_3            0.0752106    0.07298     1.03  0.3033
D_R_4_OLEO_DIESEL_4           -0.0357624    0.07535   -0.475  0.6353
D_R_4_OLEO_DIESEL_5           -0.0658775    0.08766   -0.751  0.4528
D_R_4_OLEO_DIESEL_6            0.0194481    0.07907    0.246  0.8058
D_R_4_OLEO_DIESEL_7          -0.00372284    0.08135  -0.0458  0.9635
D_R_4_OLEO_DIESEL_8           -0.0817754    0.06751    -1.21  0.2264
D_R_4_GASOLINA_COMUM_1          0.247120    0.07221     3.42  0.0007
D_R_4_GASOLINA_COMUM_2          0.146146    0.07059     2.07  0.0390
D_R_4_GASOLINA_COMUM_3         0.0877413    0.07144     1.23  0.2201
D_R_4_GASOLINA_COMUM_4         0.0721423    0.07050     1.02  0.3068
D_R_4_GASOLINA_COMUM_5         0.0197206    0.06788    0.291  0.7716
D_R_4_GASOLINA_COMUM_6        0.00779604    0.07291    0.107  0.9149
D_R_4_GASOLINA_COMUM_7         0.0901071    0.06900     1.31  0.1923
D_R_4_GASOLINA_COMUM_8          0.142086    0.06342     2.24  0.0256
II#2005-06-26                 -0.0111234   0.007625    -1.46  0.1454
II#2005-08-28                -0.00855405   0.007788    -1.10  0.2727
II#2005-09-04                 -0.0120040   0.007859    -1.53  0.1274
II#2005-09-11                  0.0256581    0.01547     1.66  0.0979
II#2005-09-25                 -0.0608862    0.01132    -5.38  0.0000
II#2005-10-02                  0.0553790    0.01066     5.19  0.0000
II#2005-10-09                  0.0214420    0.01138     1.88  0.0603
II#2005-10-23                -0.00193466    0.01076   -0.180  0.8574
II#2005-11-06               -5.06670e-05    0.01022 -0.00496  0.9960
II#2006-02-12                 -0.0141428   0.007990    -1.77  0.0775
II#2006-03-26                  0.0655022   0.008231     7.96  0.0000
II#2006-04-30                  0.0241633   0.008142     2.97  0.0032
II#2006-06-25                 -0.0142202   0.007969    -1.78  0.0751
II#2006-07-16                -0.00183707   0.007899   -0.233  0.8162
II#2006-11-12                 0.00769983   0.007700     1.00  0.3179
II#2007-01-28                -0.00506754   0.007763   -0.653  0.5143
II#2007-03-11                  0.0175757   0.007892     2.23  0.0265
II#2007-07-01                 -0.0183235   0.007661    -2.39  0.0172
II#2007-07-08                -0.00763327   0.007742   -0.986  0.3247
II#2007-08-12                -0.00517212   0.007827   -0.661  0.5091
II#2007-08-19                 0.00132169   0.007864    0.168  0.8666
II#2007-09-09                  0.0254529   0.007904     3.22  0.0014
II#2007-11-04                 -0.0286067   0.007901    -3.62  0.0003
II#2007-11-11                 0.00128197   0.007932    0.162  0.8717
II#2007-11-18                  0.0255929   0.008024     3.19  0.0015
II#2007-12-16                -0.00477576   0.008084   -0.591  0.5550
II#2007-12-30                -0.00242832   0.008106   -0.300  0.7647
II#2008-05-04                 -0.0113884    0.01278   -0.891  0.3734
II#2008-05-18                -0.00239016    0.01052   -0.227  0.8204
II#2008-07-06                  0.0243045   0.007929     3.07  0.0023
II#2009-08-16                 -0.0377228   0.007970    -4.73  0.0000
II#2009-08-23                 -0.0284197   0.008074    -3.52  0.0005
II#2009-08-30                 -0.0889798   0.008295    -10.7  0.0000
II#2009-09-13                   0.142040   0.008663     16.4  0.0000
II#2009-10-18                 0.00359824    0.01051    0.342  0.7323
II#2010-01-17                  0.0310835   0.007781     3.99  0.0001
II#2010-02-07                  0.0116040   0.007929     1.46  0.1441
II#2010-03-21                  0.0144837   0.007878     1.84  0.0667
II#2010-07-18                  0.0179867   0.007540     2.39  0.0175
II#2010-08-01                 -0.0258933   0.007644    -3.39  0.0008
II#2010-11-21                  0.0293778   0.007818     3.76  0.0002
II#2010-12-05                -0.00863394   0.007812    -1.11  0.2697
II#2011-01-16               -0.000556974   0.007641  -0.0729  0.9419
II#2011-04-10                  0.0677749   0.008677     7.81  0.0000
II#2011-04-24                 -0.0229690   0.009067    -2.53  0.0117
II#2011-05-01                 0.00127398   0.009251    0.138  0.8905
II#2011-12-04                  0.0303076   0.007678     3.95  0.0001
II#2011-12-18                 -0.0279520   0.007722    -3.62  0.0003
II#2012-01-01                  0.0388060   0.007701     5.04  0.0000
II#2012-02-12                 -0.0300104   0.007793    -3.85  0.0001
II#2012-03-11                 -0.0309447   0.007722    -4.01  0.0001
II#2012-04-08                  0.0333714   0.007900     4.22  0.0000
II#2012-05-13                 -0.0288562   0.007685    -3.75  0.0002
II#2012-07-22                 -0.0253086   0.007720    -3.28  0.0011
II#2012-07-29                  0.0280425   0.007815     3.59  0.0004
II#2012-08-05                 -0.0307058   0.007849    -3.91  0.0001
II#2012-08-12                  0.0409966   0.007844     5.23  0.0000
II#2012-09-02                 -0.0408715   0.008053    -5.08  0.0000
II#2012-09-09                  0.0376026   0.007952     4.73  0.0000
II#2012-12-02                 -0.0377349   0.007553    -5.00  0.0000
II#2012-12-23                  0.0364966   0.007641     4.78  0.0000
II#2012-12-30                 -0.0317997   0.007635    -4.16  0.0000
II#2013-01-27                  0.0341024   0.007654     4.46  0.0000
II#2013-02-03                 -0.0106668    0.01050    -1.02  0.3103
II#2013-03-03                 0.00527517   0.008654    0.610  0.5425
II#2013-03-10                  0.0357068   0.008688     4.11  0.0000
II#2013-04-07                 -0.0229234   0.007886    -2.91  0.0038
II#2013-04-14                  0.0236641   0.007798     3.03  0.0026
II#2013-05-05                 -0.0287075   0.007821    -3.67  0.0003
II#2013-06-02                  0.0285434   0.007681     3.72  0.0002
II#2013-12-01                  0.0256517   0.009632     2.66  0.0080
II#2014-02-09                 -0.0273052   0.007637    -3.58  0.0004
II#2014-03-23                 0.00511829   0.007592    0.674  0.5006
II#2014-04-06                  0.0250861   0.007800     3.22  0.0014
II#2014-11-09                  0.0124047   0.008024     1.55  0.1229
II#2014-11-16                  0.0127830   0.008098     1.58  0.1152
II#2014-12-14                  0.0253908   0.007789     3.26  0.0012
II#2015-01-11                 0.00353753   0.007891    0.448  0.6542
II#2015-02-01                  0.0443734    0.01149     3.86  0.0001
II#2015-02-08                  0.0200603   0.009573     2.10  0.0367
II#2015-02-15                 -0.0271507   0.009442    -2.88  0.0042
II#2015-07-26                 0.00393100   0.007585    0.518  0.6046
II#2015-08-16                  0.0298300   0.007683     3.88  0.0001
II#2015-08-23                  0.0332027   0.007707     4.31  0.0000
II#2015-08-30                 0.00671414   0.008179    0.821  0.4122
II#2015-09-06                 0.00539223   0.008076    0.668  0.5047
II#2015-09-20                 -0.0459526   0.008150    -5.64  0.0000
II#2015-10-04                  0.0146947    0.01089     1.35  0.1778
II#2015-10-11                  0.0142827   0.009146     1.56  0.1191
II#2015-10-18                 -0.0150558   0.009401    -1.60  0.1100
II#2015-10-25                -0.00771031   0.009451   -0.816  0.4151
II#2015-11-01                 -0.0648250   0.009656    -6.71  0.0000
II#2015-11-08                 -0.0122909   0.009701    -1.27  0.2059
II#2015-11-15                  0.0577286   0.009845     5.86  0.0000
II#2015-12-06                 -0.0127839   0.008657    -1.48  0.1405
II#2016-01-17                  0.0575271   0.007923     7.26  0.0000
II#2016-02-07                 0.00486485   0.008342    0.583  0.5601
II#2016-03-27                -0.00147828   0.007773   -0.190  0.8493
II#2016-04-10                0.000832749   0.007693    0.108  0.9139
II#2016-04-24                -0.00518015   0.007810   -0.663  0.5075
II#2016-05-22                5.91149e-05   0.007802  0.00758  0.9940
II#2016-07-03                -0.00234918   0.007702   -0.305  0.7605
II#2016-07-10                -0.00389025   0.007748   -0.502  0.6159
II#2016-07-31                -0.00214692   0.007855   -0.273  0.7847
II#2016-08-14                 0.00728850   0.007913    0.921  0.3575
II#2016-08-28                -0.00701311   0.007925   -0.885  0.3767
II#2016-10-16                 -0.0114364   0.007840    -1.46  0.1454
II#2016-11-06                -0.00542643   0.007875   -0.689  0.4912
II#2016-11-20                -0.00350954   0.007836   -0.448  0.6545
II#2016-12-04                -0.00393086   0.008072   -0.487  0.6265
II#2016-12-11                 0.00468036   0.008185    0.572  0.5678
II#2016-12-18                -0.00480342   0.008114   -0.592  0.5542
II#2017-01-29                 0.00368885   0.007980    0.462  0.6441
II#2017-02-12                 0.00870550   0.007716     1.13  0.2599
II#2017-02-26                -0.00642259   0.007766   -0.827  0.4087
II#2017-03-19                 0.00287329   0.007832    0.367  0.7139
II#2017-03-26                -0.00258065   0.008018   -0.322  0.7477
II#2017-04-23                -0.00357313   0.007815   -0.457  0.6478
II#2017-05-07                -0.00385761   0.007831   -0.493  0.6226
II#2017-05-14                 -0.0105864   0.007776    -1.36  0.1741
II#2017-06-11                -0.00442630   0.007953   -0.557  0.5781
II#2017-06-18                 0.00232977   0.007921    0.294  0.7688
II#2017-06-25                 0.00589275   0.008085    0.729  0.4665
II#2017-07-16                  0.0214855   0.008018     2.68  0.0077
II#2017-07-23                  0.0209908    0.01214     1.73  0.0845
II#2017-07-30                  0.0267441    0.01037     2.58  0.0103
II#2017-08-06                  -0.106450    0.01037    -10.3  0.0000
II#2017-08-13                  0.0939364    0.01199     7.83  0.0000
II#2017-08-20                 -0.0688322    0.01373    -5.01  0.0000
II#2017-08-27                  0.0454464    0.01529     2.97  0.0031
II#2017-09-03                 -0.0898717    0.01717    -5.23  0.0000
II#2017-09-10                  0.0809839    0.01904     4.25  0.0000
II#2017-09-17                 -0.0876091    0.01818    -4.82  0.0000
II#2017-09-24                   0.114413    0.01670     6.85  0.0000
II#2017-10-01                 -0.0685512    0.01620    -4.23  0.0000
II#2017-10-08                  0.0696231    0.01475     4.72  0.0000
II#2017-10-15                 -0.0632133    0.01404    -4.50  0.0000
II#2017-10-22                  0.0659665    0.01314     5.02  0.0000
II#2017-10-29                 -0.0584600    0.01299    -4.50  0.0000
II#2017-11-05                  0.0714536    0.01204     5.94  0.0000
II#2017-11-12                 -0.0603320    0.01203    -5.01  0.0000
II#2017-11-19                  0.0886469    0.01222     7.25  0.0000
II#2017-11-26                  -0.101356    0.01244    -8.15  0.0000
II#2017-12-03                  0.0905586    0.01260     7.19  0.0000
II#2017-12-10                 -0.0843507    0.01304    -6.47  0.0000
II#2017-12-17                  0.0876622    0.01276     6.87  0.0000
II#2017-12-24                  -0.113704    0.01212    -9.38  0.0000
II#2017-12-31                  0.0685215    0.01268     5.41  0.0000
II#2018-01-07               -0.000228210    0.01195  -0.0191  0.9848
II#2018-02-11                  0.0160727    0.01015     1.58  0.1140
II#2018-04-01                  0.0117981   0.007755     1.52  0.1289
II#2018-04-15                  0.0435223   0.007631     5.70  0.0000
II#2018-05-13                 0.00503503   0.008040    0.626  0.5315
II#2018-05-20                 0.00915189    0.01102    0.830  0.4069
II#2018-05-27                -0.00586283   0.009583   -0.612  0.5410
II#2018-06-03                 0.00592443    0.01536    0.386  0.6999
II#2018-06-17                -0.00521700    0.01188   -0.439  0.6608
II#2018-06-24                 -0.0302260    0.01106    -2.73  0.0066
II#2018-07-01                 -0.0373053    0.01122    -3.33  0.0010
II#2018-07-15                 0.00935774    0.01073    0.872  0.3839
II#2018-07-22                 -0.0110931    0.01020    -1.09  0.2773
II#2018-08-12                 0.00106840   0.008224    0.130  0.8967
II#2018-09-02                  0.0134902   0.009157     1.47  0.1414
II#2018-09-09                  0.0211026   0.009923     2.13  0.0340
II#2018-10-14                -0.00294054   0.009399   -0.313  0.7545
II#2018-10-21                 0.00258930   0.009388    0.276  0.7828
II#2018-10-28                -0.00613827   0.009354   -0.656  0.5121
II#2018-11-04                  0.0139020   0.009147     1.52  0.1293
II#2018-11-11                 0.00622872   0.008349    0.746  0.4561
II#2018-12-02                -0.00983418   0.009191    -1.07  0.2852
II#2018-12-09                 0.00454012   0.008956    0.507  0.6125
II#2018-12-16                 0.00324513   0.009080    0.357  0.7210
II#2018-12-23                 -0.0192639   0.008909    -2.16  0.0312
II#2018-12-30                  0.0362823   0.009004     4.03  0.0001
D_star_ETANOL_HIDRATADO  U      0.304751    0.06359     4.79  0.0000
D_star_ETANOL_HIDRATADO_1U      0.142481    0.06581     2.16  0.0310
D_star_ETANOL_HIDRATADO_2U      0.222303    0.07210     3.08  0.0022
D_star_ETANOL_HIDRATADO_3U     0.0469099    0.06902    0.680  0.4971
D_star_ETANOL_HIDRATADO_4U     0.0917231    0.06904     1.33  0.1847
D_star_ETANOL_HIDRATADO_5U      0.108971    0.06970     1.56  0.1187
D_star_ETANOL_HIDRATADO_6U     0.0714763    0.06825     1.05  0.2956
D_star_ETANOL_HIDRATADO_7U     0.0470423    0.06780    0.694  0.4882
D_star_ETANOL_HIDRATADO_8U      0.182028    0.06082     2.99  0.0029
D_star_OLEO_DIESEL       U    -0.0265857     0.1466   -0.181  0.8562
D_star_OLEO_DIESEL_1     U    0.00120343    0.08301   0.0145  0.9884
D_star_OLEO_DIESEL_2     U     -0.183765     0.1183    -1.55  0.1211
D_star_OLEO_DIESEL_3     U    -0.0623469    0.08987   -0.694  0.4882
D_star_OLEO_DIESEL_4     U     -0.125098    0.09502    -1.32  0.1887
D_star_OLEO_DIESEL_5     U     0.0891127    0.08607     1.04  0.3011
D_star_OLEO_DIESEL_6     U      0.129301    0.08889     1.45  0.1465
D_star_OLEO_DIESEL_7     U    -0.0986209    0.08941    -1.10  0.2706
D_star_OLEO_DIESEL_8     U   -0.00869489    0.07588   -0.115  0.9088
D_star_GASOLINA_COMUM    U     -0.266539     0.1291    -2.06  0.0396
D_star_GASOLINA_COMUM_1  U     -0.212048     0.1128    -1.88  0.0609
D_star_GASOLINA_COMUM_2  U   -0.00258353     0.1233  -0.0210  0.9833
D_star_GASOLINA_COMUM_3  U     -0.134280     0.1087    -1.23  0.2175
D_star_GASOLINA_COMUM_4  U    -0.0270248     0.1116   -0.242  0.8088
D_star_GASOLINA_COMUM_5  U     0.0564936     0.1077    0.524  0.6003
D_star_GASOLINA_COMUM_6  U    -0.0558720     0.1079   -0.518  0.6048
D_star_GASOLINA_COMUM_7  U      0.113102     0.1100     1.03  0.3045
D_star_GASOLINA_COMUM_8  U     -0.116716     0.1037    -1.13  0.2609
betaZ_1                  U      0.104349    0.01982     5.27  0.0000
D_brent                  U    -0.0208867    0.01071    -1.95  0.0518
D_brent_1                U    0.00970905    0.01089    0.892  0.3730
D_brent_2                U   -0.00715040    0.01062   -0.673  0.5011
D_brent_3                U    0.00985549    0.01067    0.924  0.3562
D_brent_4                U    0.00790181    0.01094    0.722  0.4707
D_brent_5                U   -0.00491763    0.01091   -0.451  0.6523
D_brent_6                U   0.000956022    0.01082   0.0883  0.9297
D_brent_7                U    0.00693126    0.01075    0.645  0.5195
D_brent_8                U    -0.0189899    0.01058    -1.80  0.0733
D_lnCambio               U    -0.0184543    0.02109   -0.875  0.3822
D_lnCambio_1             U     0.0213845    0.02143    0.998  0.3189
D_lnCambio_2             U   -0.00173065    0.02109  -0.0821  0.9346
D_lnCambio_3             U     0.0294084    0.02105     1.40  0.1630
D_lnCambio_4             U    -0.0164296    0.02124   -0.773  0.4397
D_lnCambio_5             U    0.00276947    0.02162    0.128  0.8981
D_lnCambio_6             U    0.00829955    0.02137    0.388  0.6980
D_lnCambio_7             U     0.0301503    0.02066     1.46  0.1453
D_lnCambio_8             U   -0.00411634    0.02082   -0.198  0.8434
Constant                 U    -0.0123149   0.002384    -5.16  0.0000
CSeasonal                U   0.000141943   0.003287   0.0432  0.9656
CSeasonal_1              U   -0.00574197   0.003531    -1.63  0.1047
CSeasonal_2              U  -0.000646066   0.003207   -0.201  0.8404
CSeasonal_3              U   -0.00609714   0.003217    -1.90  0.0587
CSeasonal_4              U    0.00191646   0.003330    0.576  0.5652
CSeasonal_5              U   -0.00191933   0.003231   -0.594  0.5528
CSeasonal_6              U    0.00455301   0.003326     1.37  0.1718
CSeasonal_7              U   -0.00138577   0.003249   -0.427  0.6699
CSeasonal_8              U   3.04316e-05   0.003259  0.00934  0.9926
CSeasonal_9              U   -0.00655742   0.003223    -2.03  0.0425
CSeasonal_10             U  -0.000871750   0.003193   -0.273  0.7850
CSeasonal_11             U    0.00170130   0.003385    0.503  0.6155
CSeasonal_12             U   -0.00296087   0.003346   -0.885  0.3767
CSeasonal_13             U    -0.0100957   0.003377    -2.99  0.0030
CSeasonal_14             U   -0.00432220   0.003279    -1.32  0.1882
CSeasonal_15             U  -0.000696294   0.003231   -0.215  0.8295
CSeasonal_16             U   -0.00621785   0.003347    -1.86  0.0639
CSeasonal_17             U   -0.00466349   0.003464    -1.35  0.1789
CSeasonal_18             U   -0.00656099   0.003416    -1.92  0.0555
CSeasonal_19             U    -0.0105048   0.003387    -3.10  0.0021
CSeasonal_20             U   -0.00366371   0.003541    -1.03  0.3015
CSeasonal_21             U   -0.00456086   0.003390    -1.35  0.1792
CSeasonal_22             U   -0.00242368   0.003567   -0.680  0.4972
CSeasonal_23             U    -0.0111909   0.003522    -3.18  0.0016
CSeasonal_24             U   -0.00533389   0.003318    -1.61  0.1087
CSeasonal_25             U   -0.00814942   0.003333    -2.44  0.0149
CSeasonal_26             U   -0.00381985   0.003243    -1.18  0.2395
CSeasonal_27             U   -0.00305147   0.003262   -0.935  0.3501
CSeasonal_28             U   -0.00517230   0.003383    -1.53  0.1270
CSeasonal_29             U   -0.00386735   0.003395    -1.14  0.2553
CSeasonal_30             U   -0.00638904   0.003572    -1.79  0.0744
CSeasonal_31             U   -0.00829979   0.003511    -2.36  0.0186
CSeasonal_32             U   -0.00626361   0.003669    -1.71  0.0885
CSeasonal_33             U   -0.00720101   0.003486    -2.07  0.0395
CSeasonal_34             U   -0.00461382   0.003219    -1.43  0.1526
CSeasonal_35             U   -0.00481408   0.003489    -1.38  0.1683
CSeasonal_36             U   -0.00357931   0.003416    -1.05  0.2954
CSeasonal_37             U   -0.00701009   0.003408    -2.06  0.0403
CSeasonal_38             U   -0.00536863   0.003376    -1.59  0.1125
CSeasonal_39             U   -0.00766232   0.003347    -2.29  0.0226
CSeasonal_40             U   -0.00682068   0.003208    -2.13  0.0341
CSeasonal_41             U   -0.00400743   0.003480    -1.15  0.2502
CSeasonal_42             U   -0.00250133   0.003292   -0.760  0.4477
CSeasonal_43             U    0.00127947   0.003201    0.400  0.6896
CSeasonal_44             U   -0.00147513   0.003585   -0.411  0.6809
CSeasonal_45             U  -0.000904601   0.003526   -0.257  0.7977
CSeasonal_46             U   -0.00419026   0.003318    -1.26  0.2074
CSeasonal_47             U  -7.16796e-05   0.003157  -0.0227  0.9819
CSeasonal_48             U   0.000902696   0.003429    0.263  0.7925
CSeasonal_49             U   -0.00310857   0.003314   -0.938  0.3488
CSeasonal_50             U   -0.00938746   0.003342    -2.81  0.0052

sigma = 0.00703723   RSS = 0.02074995707

URF equation for: D_R_4_OLEO_DIESEL
                             Coefficient  Std.Error  t-value  t-prob
D_R_4_ETANOL_HIDRATADO_1      0.00886721   0.007686     1.15  0.2493
D_R_4_ETANOL_HIDRATADO_2      0.00691820   0.008063    0.858  0.3914
D_R_4_ETANOL_HIDRATADO_3      0.00708246   0.008051    0.880  0.3795
D_R_4_ETANOL_HIDRATADO_4       0.0187907   0.008115     2.32  0.0211
D_R_4_ETANOL_HIDRATADO_5     -0.00396266   0.008282   -0.478  0.6326
D_R_4_ETANOL_HIDRATADO_6       0.0167847   0.007477     2.24  0.0253
D_R_4_ETANOL_HIDRATADO_7       0.0128321   0.006825     1.88  0.0608
D_R_4_ETANOL_HIDRATADO_8       0.0184687   0.006809     2.71  0.0070
D_R_4_OLEO_DIESEL_1           -0.0831711    0.01988    -4.18  0.0000
D_R_4_OLEO_DIESEL_2            0.0646093    0.01978     3.27  0.0012
D_R_4_OLEO_DIESEL_3           -0.0269076    0.01883    -1.43  0.1537
D_R_4_OLEO_DIESEL_4          -0.00218579    0.01944   -0.112  0.9105
D_R_4_OLEO_DIESEL_5          -0.00428222    0.02262   -0.189  0.8499
D_R_4_OLEO_DIESEL_6           -0.0193038    0.02040   -0.946  0.3445
D_R_4_OLEO_DIESEL_7           -0.0307544    0.02099    -1.47  0.1436
D_R_4_OLEO_DIESEL_8           -0.0598835    0.01742    -3.44  0.0006
D_R_4_GASOLINA_COMUM_1         0.0462841    0.01863     2.48  0.0134
D_R_4_GASOLINA_COMUM_2        -0.0261204    0.01821    -1.43  0.1523
D_R_4_GASOLINA_COMUM_3        0.00443228    0.01843    0.240  0.8101
D_R_4_GASOLINA_COMUM_4        -0.0784139    0.01819    -4.31  0.0000
D_R_4_GASOLINA_COMUM_5         0.0125466    0.01751    0.716  0.4741
D_R_4_GASOLINA_COMUM_6        0.00918995    0.01881    0.489  0.6254
D_R_4_GASOLINA_COMUM_7         0.0121019    0.01780    0.680  0.4970
D_R_4_GASOLINA_COMUM_8        -0.0103116    0.01636   -0.630  0.5289
II#2005-06-26                -0.00104169   0.001967   -0.529  0.5967
II#2005-08-28                -0.00719944   0.002009    -3.58  0.0004
II#2005-09-04                 0.00680082   0.002028     3.35  0.0009
II#2005-09-11                  0.0737969   0.003990     18.5  0.0000
II#2005-09-25                0.000275108   0.002921   0.0942  0.9250
II#2005-10-02                -0.00325432   0.002751    -1.18  0.2375
II#2005-10-09                 0.00992323   0.002937     3.38  0.0008
II#2005-10-23                  0.0116620   0.002777     4.20  0.0000
II#2005-11-06                -0.00855311   0.002636    -3.24  0.0013
II#2006-02-12                -0.00236279   0.002062    -1.15  0.2524
II#2006-03-26                0.000957576   0.002124    0.451  0.6523
II#2006-04-30                  0.0127206   0.002101     6.06  0.0000
II#2006-06-25                -0.00146058   0.002056   -0.710  0.4779
II#2006-07-16                -0.00272805   0.002038    -1.34  0.1814
II#2006-11-12                -0.00252129   0.001987    -1.27  0.2051
II#2007-01-28                0.000487439   0.002003    0.243  0.8078
II#2007-03-11                 0.00776761   0.002036     3.81  0.0002
II#2007-07-01                -0.00547794   0.001977    -2.77  0.0058
II#2007-07-08                 0.00710875   0.001997     3.56  0.0004
II#2007-08-12               -0.000640130   0.002019   -0.317  0.7514
II#2007-08-19                0.000355201   0.002029    0.175  0.8611
II#2007-09-09               -0.000490579   0.002039   -0.241  0.8100
II#2007-11-04                0.000747186   0.002039    0.367  0.7142
II#2007-11-11                 0.00983365   0.002046     4.81  0.0000
II#2007-11-18                -0.00875276   0.002070    -4.23  0.0000
II#2007-12-16                  0.0103253   0.002086     4.95  0.0000
II#2007-12-30                 -0.0106280   0.002091    -5.08  0.0000
II#2008-05-04                  0.0327177   0.003297     9.92  0.0000
II#2008-05-18                  0.0159985   0.002715     5.89  0.0000
II#2008-07-06                  0.0191779   0.002046     9.38  0.0000
II#2009-08-16                 -0.0261070   0.002056    -12.7  0.0000
II#2009-08-23                 -0.0186153   0.002083    -8.94  0.0000
II#2009-08-30                 -0.0296503   0.002140    -13.9  0.0000
II#2009-09-13                  0.0797111   0.002235     35.7  0.0000
II#2009-10-18                 -0.0122637   0.002712    -4.52  0.0000
II#2010-01-17               -0.000832703   0.002008   -0.415  0.6785
II#2010-02-07                8.00450e-05   0.002046   0.0391  0.9688
II#2010-03-21               -0.000655914   0.002033   -0.323  0.7471
II#2010-07-18                0.000854138   0.001945    0.439  0.6609
II#2010-08-01               -0.000618632   0.001972   -0.314  0.7539
II#2010-11-21                 0.00175522   0.002017    0.870  0.3847
II#2010-12-05               -0.000332936   0.002015   -0.165  0.8689
II#2011-01-16                 0.00830928   0.001971     4.21  0.0000
II#2011-04-10                 0.00203953   0.002239    0.911  0.3628
II#2011-04-24                0.000507035   0.002339    0.217  0.8285
II#2011-05-01               -0.000865386   0.002387   -0.363  0.7171
II#2011-12-04                -0.00142320   0.001981   -0.718  0.4729
II#2011-12-18                -0.00393023   0.001992    -1.97  0.0492
II#2012-01-01               -0.000165461   0.001987  -0.0833  0.9337
II#2012-02-12                 0.00233998   0.002011     1.16  0.2452
II#2012-03-11                 0.00544505   0.001992     2.73  0.0065
II#2012-04-08                 0.00104409   0.002038    0.512  0.6087
II#2012-05-13                0.000894570   0.001983    0.451  0.6521
II#2012-07-22                0.000825232   0.001992    0.414  0.6789
II#2012-07-29                  0.0112325   0.002016     5.57  0.0000
II#2012-08-05                -0.00708524   0.002025    -3.50  0.0005
II#2012-08-12                0.000352629   0.002024    0.174  0.8618
II#2012-09-02                -0.00106285   0.002078   -0.512  0.6092
II#2012-09-09                 0.00184332   0.002052    0.898  0.3694
II#2012-12-02                -0.00236052   0.001949    -1.21  0.2264
II#2012-12-23                 0.00206426   0.001971     1.05  0.2957
II#2012-12-30                8.88158e-05   0.001970   0.0451  0.9641
II#2013-01-27                0.000242255   0.001975    0.123  0.9024
II#2013-02-03                  0.0322961   0.002709     11.9  0.0000
II#2013-03-03                  0.0160624   0.002233     7.19  0.0000
II#2013-03-10                 0.00379636   0.002242     1.69  0.0911
II#2013-04-07                -0.00432322   0.002034    -2.12  0.0342
II#2013-04-14                 0.00729126   0.002012     3.62  0.0003
II#2013-05-05               -0.000318535   0.002018   -0.158  0.8746
II#2013-06-02                0.000351990   0.001982    0.178  0.8591
II#2013-12-01                  0.0472568   0.002485     19.0  0.0000
II#2014-02-09                 0.00220582   0.001970     1.12  0.2636
II#2014-03-23                  0.0141783   0.001959     7.24  0.0000
II#2014-04-06                  0.0139391   0.002012     6.93  0.0000
II#2014-11-09                  0.0137794   0.002070     6.66  0.0000
II#2014-11-16                  0.0218697   0.002089     10.5  0.0000
II#2014-12-14                 -0.0126193   0.002010    -6.28  0.0000
II#2015-01-11                  0.0113206   0.002036     5.56  0.0000
II#2015-02-01                  0.0252897   0.002966     8.53  0.0000
II#2015-02-08                  0.0275338   0.002470     11.1  0.0000
II#2015-02-15                -0.00149905   0.002436   -0.615  0.5387
II#2015-07-26                -0.00939333   0.001957    -4.80  0.0000
II#2015-08-16                 0.00432102   0.001982     2.18  0.0298
II#2015-08-23                 0.00646157   0.001988     3.25  0.0012
II#2015-08-30                -0.00588854   0.002110    -2.79  0.0055
II#2015-09-06                 0.00793429   0.002084     3.81  0.0002
II#2015-09-20                 -0.0216650   0.002103    -10.3  0.0000
II#2015-10-04                  0.0350762   0.002809     12.5  0.0000
II#2015-10-11                -0.00638615   0.002360    -2.71  0.0071
II#2015-10-18                  0.0120975   0.002425     4.99  0.0000
II#2015-10-25                 -0.0213949   0.002438    -8.77  0.0000
II#2015-11-01                  0.0201310   0.002491     8.08  0.0000
II#2015-11-08                -0.00975768   0.002503    -3.90  0.0001
II#2015-11-15                  0.0220445   0.002540     8.68  0.0000
II#2015-12-06                -0.00946259   0.002233    -4.24  0.0000
II#2016-01-17                -0.00586164   0.002044    -2.87  0.0043
II#2016-02-07                -0.00128825   0.002152   -0.599  0.5498
II#2016-03-27                -0.00522430   0.002006    -2.60  0.0095
II#2016-04-10                  0.0151544   0.001985     7.63  0.0000
II#2016-04-24                 0.00804657   0.002015     3.99  0.0001
II#2016-05-22                 0.00405855   0.002013     2.02  0.0444
II#2016-07-03                -0.00618408   0.001987    -3.11  0.0020
II#2016-07-10                -0.00527787   0.001999    -2.64  0.0086
II#2016-07-31                -0.00828912   0.002027    -4.09  0.0001
II#2016-08-14                -0.00399361   0.002042    -1.96  0.0511
II#2016-08-28                 0.00180553   0.002045    0.883  0.3777
II#2016-10-16                0.000898346   0.002023    0.444  0.6572
II#2016-11-06                -0.00938248   0.002032    -4.62  0.0000
II#2016-11-20                 0.00489634   0.002022     2.42  0.0159
II#2016-12-04                  0.0128320   0.002083     6.16  0.0000
II#2016-12-11                 0.00224798   0.002112     1.06  0.2877
II#2016-12-18                 0.00782432   0.002094     3.74  0.0002
II#2017-01-29                 0.00153844   0.002059    0.747  0.4553
II#2017-02-12                -0.00347607   0.001991    -1.75  0.0815
II#2017-02-26                -0.00193488   0.002004   -0.966  0.3347
II#2017-03-19                0.000622701   0.002021    0.308  0.7581
II#2017-03-26                -0.00432268   0.002069    -2.09  0.0373
II#2017-04-23                -0.00302075   0.002016    -1.50  0.1348
II#2017-05-07                -0.00575847   0.002021    -2.85  0.0046
II#2017-05-14                 0.00107994   0.002006    0.538  0.5907
II#2017-06-11                -0.00922241   0.002052    -4.49  0.0000
II#2017-06-18                 0.00385685   0.002044     1.89  0.0598
II#2017-06-25                0.000423746   0.002086    0.203  0.8391
II#2017-07-16                 0.00186255   0.002069    0.900  0.3684
II#2017-07-23                 0.00975436   0.003132     3.11  0.0020
II#2017-07-30                  0.0312604   0.002676     11.7  0.0000
II#2017-08-06                  -0.107073   0.002677    -40.0  0.0000
II#2017-08-13                  0.0992071   0.003094     32.1  0.0000
II#2017-08-20                 -0.0893992   0.003542    -25.2  0.0000
II#2017-08-27                  0.0756285   0.003946     19.2  0.0000
II#2017-09-03                 -0.0529617   0.004431    -12.0  0.0000
II#2017-09-10                  0.0574591   0.004913     11.7  0.0000
II#2017-09-17                 -0.0777219   0.004691    -16.6  0.0000
II#2017-09-24                  0.0777571   0.004308     18.1  0.0000
II#2017-10-01                 -0.0322591   0.004180    -7.72  0.0000
II#2017-10-08                  0.0334121   0.003805     8.78  0.0000
II#2017-10-15                 -0.0405671   0.003621    -11.2  0.0000
II#2017-10-22                  0.0444997   0.003391     13.1  0.0000
II#2017-10-29                 -0.0406442   0.003351    -12.1  0.0000
II#2017-11-05                  0.0321730   0.003106     10.4  0.0000
II#2017-11-12                 -0.0382490   0.003104    -12.3  0.0000
II#2017-11-19                  0.0553230   0.003153     17.5  0.0000
II#2017-11-26                 -0.0620636   0.003210    -19.3  0.0000
II#2017-12-03                  0.0626614   0.003250     19.3  0.0000
II#2017-12-10                 -0.0550209   0.003364    -16.4  0.0000
II#2017-12-17                  0.0518316   0.003293     15.7  0.0000
II#2017-12-24                 -0.0739723   0.003127    -23.7  0.0000
II#2017-12-31                  0.0504254   0.003270     15.4  0.0000
II#2018-01-07                  0.0173550   0.003083     5.63  0.0000
II#2018-02-11                 0.00957870   0.002619     3.66  0.0003
II#2018-04-01                 0.00909695   0.002001     4.55  0.0000
II#2018-04-15                0.000719449   0.001969    0.365  0.7150
II#2018-05-13                  0.0177168   0.002074     8.54  0.0000
II#2018-05-20                  0.0208939   0.002844     7.35  0.0000
II#2018-05-27                  0.0145625   0.002472     5.89  0.0000
II#2018-06-03                 -0.0161213   0.003963    -4.07  0.0001
II#2018-06-17                 -0.0307300   0.003065    -10.0  0.0000
II#2018-06-24                 -0.0114522   0.002854    -4.01  0.0001
II#2018-07-01                -0.00906715   0.002894    -3.13  0.0019
II#2018-07-15                -0.00768355   0.002770    -2.77  0.0058
II#2018-07-22                 0.00202284   0.002631    0.769  0.4424
II#2018-08-12                -0.00723637   0.002122    -3.41  0.0007
II#2018-09-02                  0.0351768   0.002363     14.9  0.0000
II#2018-09-09                  0.0644517   0.002560     25.2  0.0000
II#2018-10-14                -0.00890998   0.002425    -3.67  0.0003
II#2018-10-21                 -0.0203110   0.002422    -8.39  0.0000
II#2018-10-28                -0.00406661   0.002413    -1.68  0.0927
II#2018-11-04                  0.0168029   0.002360     7.12  0.0000
II#2018-11-11                  0.0233751   0.002154     10.9  0.0000
II#2018-12-02                 -0.0354332   0.002371    -14.9  0.0000
II#2018-12-09                -0.00507440   0.002311    -2.20  0.0286
II#2018-12-16                -0.00455842   0.002343    -1.95  0.0523
II#2018-12-23                 0.00417124   0.002299     1.81  0.0703
II#2018-12-30                 0.00637085   0.002323     2.74  0.0064
D_star_ETANOL_HIDRATADO  U   -0.00456699    0.01641   -0.278  0.7809
D_star_ETANOL_HIDRATADO_1U    0.00699794    0.01698    0.412  0.6805
D_star_ETANOL_HIDRATADO_2U     0.0390304    0.01860     2.10  0.0365
D_star_ETANOL_HIDRATADO_3U    -0.0331619    0.01781    -1.86  0.0633
D_star_ETANOL_HIDRATADO_4U     0.0217103    0.01781     1.22  0.2236
D_star_ETANOL_HIDRATADO_5U    -0.0264664    0.01798    -1.47  0.1418
D_star_ETANOL_HIDRATADO_6U     0.0393348    0.01761     2.23  0.0260
D_star_ETANOL_HIDRATADO_7U    -0.0249470    0.01749    -1.43  0.1546
D_star_ETANOL_HIDRATADO_8U    -0.0269693    0.01569    -1.72  0.0864
D_star_OLEO_DIESEL       U      0.152225    0.03782     4.02  0.0001
D_star_OLEO_DIESEL_1     U      0.213052    0.02142     9.95  0.0000
D_star_OLEO_DIESEL_2     U    -0.0508741    0.03052    -1.67  0.0963
D_star_OLEO_DIESEL_3     U     0.0605495    0.02319     2.61  0.0093
D_star_OLEO_DIESEL_4     U    0.00876559    0.02452    0.358  0.7209
D_star_OLEO_DIESEL_5     U    0.00118410    0.02221   0.0533  0.9575
D_star_OLEO_DIESEL_6     U    -0.0411599    0.02293    -1.79  0.0734
D_star_OLEO_DIESEL_7     U     0.0329326    0.02307     1.43  0.1541
D_star_OLEO_DIESEL_8     U     0.0728124    0.01958     3.72  0.0002
D_star_GASOLINA_COMUM    U    -0.0440338    0.03331    -1.32  0.1869
D_star_GASOLINA_COMUM_1  U    -0.0607009    0.02911    -2.09  0.0376
D_star_GASOLINA_COMUM_2  U    -0.0497500    0.03181    -1.56  0.1186
D_star_GASOLINA_COMUM_3  U     0.0322183    0.02805     1.15  0.2514
D_star_GASOLINA_COMUM_4  U    0.00361439    0.02880    0.126  0.9002
D_star_GASOLINA_COMUM_5  U     0.0429820    0.02779     1.55  0.1227
D_star_GASOLINA_COMUM_6  U     0.0170140    0.02783    0.611  0.5414
D_star_GASOLINA_COMUM_7  U     0.0265358    0.02838    0.935  0.3504
D_star_GASOLINA_COMUM_8  U     0.0423841    0.02675     1.58  0.1138
betaZ_1                  U   -0.00225724   0.005112   -0.442  0.6591
D_brent                  U  -0.000354855   0.002763   -0.128  0.8979
D_brent_1                U    0.00307612   0.002809     1.10  0.2741
D_brent_2                U   -0.00570411   0.002740    -2.08  0.0379
D_brent_3                U    0.00162933   0.002753    0.592  0.5543
D_brent_4                U    0.00383935   0.002824     1.36  0.1746
D_brent_5                U    0.00385072   0.002814     1.37  0.1719
D_brent_6                U   -0.00165205   0.002793   -0.592  0.5545
D_brent_7                U   -0.00280975   0.002774    -1.01  0.3117
D_brent_8                U   -0.00344576   0.002729    -1.26  0.2074
D_lnCambio               U   0.000152139   0.005442   0.0280  0.9777
D_lnCambio_1             U    0.00320643   0.005528    0.580  0.5622
D_lnCambio_2             U    -0.0122899   0.005441    -2.26  0.0244
D_lnCambio_3             U   -0.00421016   0.005430   -0.775  0.4385
D_lnCambio_4             U   -0.00308361   0.005481   -0.563  0.5740
D_lnCambio_5             U    0.00615014   0.005577     1.10  0.2708
D_lnCambio_6             U  -0.000383177   0.005514  -0.0695  0.9446
D_lnCambio_7             U    0.00714644   0.005332     1.34  0.1808
D_lnCambio_8             U   -0.00242924   0.005372   -0.452  0.6514
Constant                 U   0.000265985  0.0006152    0.432  0.6657
CSeasonal                U    0.00119020  0.0008480     1.40  0.1612
CSeasonal_1              U   0.000837649  0.0009111    0.919  0.3584
CSeasonal_2              U  -0.000524089  0.0008274   -0.633  0.5268
CSeasonal_3              U  -0.000584584  0.0008300   -0.704  0.4816
CSeasonal_4              U   0.000916367  0.0008591     1.07  0.2867
CSeasonal_5              U   0.000644687  0.0008336    0.773  0.4398
CSeasonal_6              U   0.000817315  0.0008582    0.952  0.3415
CSeasonal_7              U   0.000160253  0.0008382    0.191  0.8485
CSeasonal_8              U   0.000600991  0.0008410    0.715  0.4752
CSeasonal_9              U    0.00120232  0.0008316     1.45  0.1490
CSeasonal_10             U  -4.15276e-05  0.0008237  -0.0504  0.9598
CSeasonal_11             U    0.00221897  0.0008733     2.54  0.0114
CSeasonal_12             U   0.000618196  0.0008632    0.716  0.4743
CSeasonal_13             U   0.000521472  0.0008714    0.598  0.5499
CSeasonal_14             U   5.64392e-05  0.0008461   0.0667  0.9468
CSeasonal_15             U   0.000496189  0.0008337    0.595  0.5520
CSeasonal_16             U   0.000518739  0.0008636    0.601  0.5484
CSeasonal_17             U    0.00139423  0.0008937     1.56  0.1195
CSeasonal_18             U    0.00114076  0.0008815     1.29  0.1963
CSeasonal_19             U    0.00194512  0.0008739     2.23  0.0266
CSeasonal_20             U    0.00104395  0.0009137     1.14  0.2539
CSeasonal_21             U    0.00169298  0.0008746     1.94  0.0536
CSeasonal_22             U   9.66043e-05  0.0009202    0.105  0.9164
CSeasonal_23             U    0.00104190  0.0009087     1.15  0.2522
CSeasonal_24             U    0.00131002  0.0008560     1.53  0.1267
CSeasonal_25             U   -0.00118940  0.0008600    -1.38  0.1674
CSeasonal_26             U   0.000921703  0.0008368     1.10  0.2713
CSeasonal_27             U   0.000206714  0.0008416    0.246  0.8061
CSeasonal_28             U    0.00181290  0.0008728     2.08  0.0384
CSeasonal_29             U    0.00149267  0.0008760     1.70  0.0891
CSeasonal_30             U    0.00116983  0.0009217     1.27  0.2050
CSeasonal_31             U  -0.000121328  0.0009060   -0.134  0.8935
CSeasonal_32             U   0.000243407  0.0009466    0.257  0.7972
CSeasonal_33             U  -0.000333626  0.0008995   -0.371  0.7109
CSeasonal_34             U    0.00119261  0.0008306     1.44  0.1518
CSeasonal_35             U    0.00122864  0.0009001     1.37  0.1730
CSeasonal_36             U   3.80456e-05  0.0008814   0.0432  0.9656
CSeasonal_37             U    0.00203143  0.0008793     2.31  0.0214
CSeasonal_38             U  -0.000555771  0.0008710   -0.638  0.5238
CSeasonal_39             U    0.00169778  0.0008636     1.97  0.0500
CSeasonal_40             U    0.00130350  0.0008277     1.57  0.1161
CSeasonal_41             U  -0.000496975  0.0008978   -0.554  0.5802
CSeasonal_42             U   -0.00105775  0.0008493    -1.25  0.2137
CSeasonal_43             U    0.00180580  0.0008259     2.19  0.0293
CSeasonal_44             U   0.000524391  0.0009249    0.567  0.5710
CSeasonal_45             U   0.000295476  0.0009098    0.325  0.7455
CSeasonal_46             U   0.000337910  0.0008561    0.395  0.6933
CSeasonal_47             U    0.00119166  0.0008144     1.46  0.1442
CSeasonal_48             U   0.000415013  0.0008847    0.469  0.6392
CSeasonal_49             U   -0.00126669  0.0008551    -1.48  0.1393
CSeasonal_50             U   0.000142375  0.0008622    0.165  0.8689

sigma = 0.00181563   RSS = 0.001381232157

URF equation for: D_R_4_GASOLINA_COMUM
                             Coefficient  Std.Error  t-value  t-prob
D_R_4_ETANOL_HIDRATADO_1       0.0304887    0.01090     2.80  0.0054
D_R_4_ETANOL_HIDRATADO_2      0.00513736    0.01144    0.449  0.6536
D_R_4_ETANOL_HIDRATADO_3      -0.0132097    0.01142    -1.16  0.2481
D_R_4_ETANOL_HIDRATADO_4       0.0138770    0.01151     1.21  0.2287
D_R_4_ETANOL_HIDRATADO_5      -0.0140229    0.01175    -1.19  0.2333
D_R_4_ETANOL_HIDRATADO_6       0.0170587    0.01061     1.61  0.1085
D_R_4_ETANOL_HIDRATADO_7     -0.00175789   0.009681   -0.182  0.8560
D_R_4_ETANOL_HIDRATADO_8     -0.00563194   0.009658   -0.583  0.5601
D_R_4_OLEO_DIESEL_1           -0.0495828    0.02820    -1.76  0.0794
D_R_4_OLEO_DIESEL_2          -0.00543677    0.02806   -0.194  0.8465
D_R_4_OLEO_DIESEL_3           -0.0171623    0.02671   -0.643  0.5209
D_R_4_OLEO_DIESEL_4           0.00717315    0.02758    0.260  0.7949
D_R_4_OLEO_DIESEL_5            0.0650621    0.03208     2.03  0.0432
D_R_4_OLEO_DIESEL_6           -0.0602332    0.02894    -2.08  0.0380
D_R_4_OLEO_DIESEL_7           -0.0201967    0.02977   -0.678  0.4979
D_R_4_OLEO_DIESEL_8           0.00574269    0.02471    0.232  0.8163
D_R_4_GASOLINA_COMUM_1         0.0579875    0.02643     2.19  0.0288
D_R_4_GASOLINA_COMUM_2        -0.0826381    0.02583    -3.20  0.0015
D_R_4_GASOLINA_COMUM_3        -0.0535348    0.02614    -2.05  0.0412
D_R_4_GASOLINA_COMUM_4        -0.0539999    0.02580    -2.09  0.0370
D_R_4_GASOLINA_COMUM_5        -0.0531818    0.02484    -2.14  0.0329
D_R_4_GASOLINA_COMUM_6         0.0212242    0.02668    0.795  0.4268
D_R_4_GASOLINA_COMUM_7        -0.0154106    0.02525   -0.610  0.5420
D_R_4_GASOLINA_COMUM_8         0.0184467    0.02321    0.795  0.4272
II#2005-06-26                 0.00870047   0.002791     3.12  0.0019
II#2005-08-28                 0.00292829   0.002850     1.03  0.3048
II#2005-09-04               -0.000505579   0.002876   -0.176  0.8606
II#2005-09-11                  0.0749274   0.005660     13.2  0.0000
II#2005-09-25                 0.00438234   0.004143     1.06  0.2908
II#2005-10-02                 0.00145094   0.003902    0.372  0.7102
II#2005-10-09                 0.00641829   0.004167     1.54  0.1242
II#2005-10-23                  0.0165478   0.003939     4.20  0.0000
II#2005-11-06                 0.00165855   0.003740    0.444  0.6576
II#2006-02-12                 -0.0101483   0.002924    -3.47  0.0006
II#2006-03-26                 0.00128609   0.003012    0.427  0.6696
II#2006-04-30                 0.00368240   0.002980     1.24  0.2172
II#2006-06-25                 0.00963545   0.002917     3.30  0.0010
II#2006-07-16                 -0.0146318   0.002891    -5.06  0.0000
II#2006-11-12                 0.00950929   0.002818     3.37  0.0008
II#2007-01-28                  0.0107401   0.002841     3.78  0.0002
II#2007-03-11                 0.00647231   0.002888     2.24  0.0256
II#2007-07-01                0.000253870   0.002804   0.0905  0.9279
II#2007-07-08                 0.00123549   0.002833    0.436  0.6630
II#2007-08-12                -0.00969752   0.002864    -3.39  0.0008
II#2007-08-19                 0.00920011   0.002878     3.20  0.0015
II#2007-09-09                -0.00408542   0.002893    -1.41  0.1586
II#2007-11-04                 0.00136150   0.002892    0.471  0.6380
II#2007-11-11                 0.00663911   0.002903     2.29  0.0227
II#2007-11-18                 0.00103720   0.002936    0.353  0.7241
II#2007-12-16                -0.00164897   0.002958   -0.557  0.5776
II#2007-12-30                0.000799937   0.002967    0.270  0.7876
II#2008-05-04                 0.00458299   0.004677    0.980  0.3277
II#2008-05-18                -0.00326825   0.003851   -0.849  0.3965
II#2008-07-06                 0.00991826   0.002902     3.42  0.0007
II#2009-08-16                 -0.0130424   0.002917    -4.47  0.0000
II#2009-08-23                -0.00954790   0.002955    -3.23  0.0013
II#2009-08-30                 -0.0119349   0.003036    -3.93  0.0001
II#2009-09-13                  0.0500403   0.003170     15.8  0.0000
II#2009-10-18                 0.00639789   0.003847     1.66  0.0970
II#2010-01-17                0.000991494   0.002848    0.348  0.7279
II#2010-02-07                  0.0187036   0.002902     6.45  0.0000
II#2010-03-21                  0.0135061   0.002883     4.68  0.0000
II#2010-07-18                  0.0143198   0.002760     5.19  0.0000
II#2010-08-01                -0.00238583   0.002798   -0.853  0.3943
II#2010-11-21                 0.00169548   0.002861    0.593  0.5538
II#2010-12-05                  0.0117867   0.002859     4.12  0.0000
II#2011-01-16                -0.00183577   0.002797   -0.656  0.5119
II#2011-04-10                  0.0471268   0.003176     14.8  0.0000
II#2011-04-24                 -0.0222733   0.003318    -6.71  0.0000
II#2011-05-01                  0.0200105   0.003386     5.91  0.0000
II#2011-12-04                -0.00192546   0.002810   -0.685  0.4936
II#2011-12-18                0.000238025   0.002826   0.0842  0.9329
II#2012-01-01                 0.00219463   0.002819    0.779  0.4366
II#2012-02-12                 0.00301879   0.002852     1.06  0.2905
II#2012-03-11               -0.000806666   0.002826   -0.285  0.7755
II#2012-04-08                -0.00311047   0.002891    -1.08  0.2826
II#2012-05-13                0.000343446   0.002813    0.122  0.9029
II#2012-07-22               -0.000128075   0.002825  -0.0453  0.9639
II#2012-07-29                 0.00269195   0.002860    0.941  0.3471
II#2012-08-05                -0.00655314   0.002873    -2.28  0.0230
II#2012-08-12                 0.00167087   0.002871    0.582  0.5608
II#2012-09-02                -0.00278675   0.002947   -0.946  0.3449
II#2012-09-09                 0.00338130   0.002910     1.16  0.2459
II#2012-12-02                -0.00194461   0.002764   -0.704  0.4821
II#2012-12-23                 0.00313941   0.002797     1.12  0.2623
II#2012-12-30                -0.00221920   0.002794   -0.794  0.4275
II#2013-01-27                 0.00365442   0.002801     1.30  0.1927
II#2013-02-03                  0.0419338   0.003843     10.9  0.0000
II#2013-03-03                 0.00217510   0.003167    0.687  0.4926
II#2013-03-10                 0.00296181   0.003180    0.932  0.3521
II#2013-04-07                -0.00200716   0.002886   -0.695  0.4871
II#2013-04-14                 0.00123396   0.002854    0.432  0.6657
II#2013-05-05                 0.00254347   0.002862    0.889  0.3747
II#2013-06-02                 0.00287726   0.002811     1.02  0.3066
II#2013-12-01                  0.0294282   0.003525     8.35  0.0000
II#2014-02-09                 0.00465647   0.002795     1.67  0.0965
II#2014-03-23                 0.00101581   0.002778    0.366  0.7148
II#2014-04-06                  0.0130356   0.002855     4.57  0.0000
II#2014-11-09                 0.00653097   0.002937     2.22  0.0267
II#2014-11-16                  0.0134178   0.002964     4.53  0.0000
II#2014-12-14                0.000941067   0.002851    0.330  0.7415
II#2015-01-11                -0.00136569   0.002888   -0.473  0.6365
II#2015-02-01                  0.0295782   0.004207     7.03  0.0000
II#2015-02-08                  0.0414719   0.003503     11.8  0.0000
II#2015-02-15                 -0.0105287   0.003456    -3.05  0.0025
II#2015-07-26                 0.00145199   0.002776    0.523  0.6012
II#2015-08-16                 0.00212809   0.002812    0.757  0.4496
II#2015-08-23                0.000347835   0.002821    0.123  0.9019
II#2015-08-30                 -0.0106219   0.002993    -3.55  0.0004
II#2015-09-06                  0.0182783   0.002956     6.18  0.0000
II#2015-09-20                 -0.0321046   0.002983    -10.8  0.0000
II#2015-10-04                  0.0450343   0.003984     11.3  0.0000
II#2015-10-11                 0.00525413   0.003347     1.57  0.1172
II#2015-10-18                  0.0180744   0.003441     5.25  0.0000
II#2015-10-25                 0.00203002   0.003459    0.587  0.5576
II#2015-11-01                -0.00487478   0.003534    -1.38  0.1685
II#2015-11-08                  0.0118707   0.003550     3.34  0.0009
II#2015-11-15                 0.00906960   0.003603     2.52  0.0122
II#2015-12-06                 -0.0108789   0.003168    -3.43  0.0007
II#2016-01-17                 -0.0148547   0.002900    -5.12  0.0000
II#2016-02-07                  0.0110501   0.003053     3.62  0.0003
II#2016-03-27                 0.00617982   0.002845     2.17  0.0304
II#2016-04-10                 0.00412796   0.002816     1.47  0.1434
II#2016-04-24                -0.00363055   0.002858    -1.27  0.2047
II#2016-05-22                  0.0145554   0.002855     5.10  0.0000
II#2016-07-03                 -0.0164006   0.002819    -5.82  0.0000
II#2016-07-10                  0.0193212   0.002836     6.81  0.0000
II#2016-07-31                 0.00171522   0.002875    0.597  0.5511
II#2016-08-14                 0.00959837   0.002896     3.31  0.0010
II#2016-08-28                  0.0125428   0.002901     4.32  0.0000
II#2016-10-16                -0.00848645   0.002869    -2.96  0.0033
II#2016-11-06                -0.00134684   0.002882   -0.467  0.6405
II#2016-11-20                 -0.0126956   0.002868    -4.43  0.0000
II#2016-12-04                 0.00231517   0.002954    0.784  0.4337
II#2016-12-11                  0.0254261   0.002996     8.49  0.0000
II#2016-12-18                  0.0112730   0.002970     3.80  0.0002
II#2017-01-29                 -0.0114785   0.002920    -3.93  0.0001
II#2017-02-12                  0.0121737   0.002824     4.31  0.0000
II#2017-02-26                 -0.0105260   0.002842    -3.70  0.0002
II#2017-03-19                  0.0171387   0.002866     5.98  0.0000
II#2017-03-26                  0.0107641   0.002935     3.67  0.0003
II#2017-04-23                 -0.0101269   0.002860    -3.54  0.0004
II#2017-05-07                 -0.0105142   0.002866    -3.67  0.0003
II#2017-05-14                 -0.0193090   0.002846    -6.78  0.0000
II#2017-06-11                  0.0101014   0.002911     3.47  0.0006
II#2017-06-18                  0.0126013   0.002899     4.35  0.0000
II#2017-06-25                 -0.0111930   0.002959    -3.78  0.0002
II#2017-07-16                  0.0320177   0.002934     10.9  0.0000
II#2017-07-23                  0.0134251   0.004443     3.02  0.0027
II#2017-07-30                  0.0141639   0.003795     3.73  0.0002
II#2017-08-06                 -0.0311103   0.003797    -8.19  0.0000
II#2017-08-13                  0.0113111   0.004389     2.58  0.0103
II#2017-08-20                  0.0340407   0.005024     6.78  0.0000
II#2017-08-27                 -0.0439711   0.005597    -7.86  0.0000
II#2017-09-03                  0.0649729   0.006285     10.3  0.0000
II#2017-09-10                 -0.0177300   0.006969    -2.54  0.0113
II#2017-09-17                  0.0112798   0.006654     1.70  0.0908
II#2017-09-24                 0.00666846   0.006110     1.09  0.2758
II#2017-10-01                 0.00622960   0.005930     1.05  0.2941
II#2017-10-08                -0.00519894   0.005398   -0.963  0.3360
II#2017-10-15                 0.00994969   0.005137     1.94  0.0534
II#2017-10-22                 -0.0254087   0.004810    -5.28  0.0000
II#2017-10-29                 -0.0114691   0.004753    -2.41  0.0162
II#2017-11-05                 -0.0193567   0.004406    -4.39  0.0000
II#2017-11-12                  0.0454756   0.004403     10.3  0.0000
II#2017-11-19                -0.00478417   0.004473    -1.07  0.2854
II#2017-11-26                 -0.0126526   0.004553    -2.78  0.0057
II#2017-12-03                -0.00749519   0.004610    -1.63  0.1047
II#2017-12-10                 -0.0165790   0.004772    -3.47  0.0006
II#2017-12-17                 0.00470041   0.004671     1.01  0.3148
II#2017-12-24                 -0.0440498   0.004435    -9.93  0.0000
II#2017-12-31                  0.0663073   0.004639     14.3  0.0000
II#2018-01-07                  0.0113816   0.004373     2.60  0.0096
II#2018-02-11                  0.0113086   0.003715     3.04  0.0025
II#2018-04-01                 0.00757305   0.002838     2.67  0.0079
II#2018-04-15                  0.0135001   0.002793     4.83  0.0000
II#2018-05-13                -0.00166222   0.002942   -0.565  0.5724
II#2018-05-20                  0.0139854   0.004034     3.47  0.0006
II#2018-05-27                  0.0358767   0.003507     10.2  0.0000
II#2018-06-03                 -0.0254669   0.005622    -4.53  0.0000
II#2018-06-17                 -0.0132637   0.004348    -3.05  0.0024
II#2018-06-24                 -0.0131633   0.004048    -3.25  0.0012
II#2018-07-01                -0.00835728   0.004106    -2.04  0.0424
II#2018-07-15                 0.00612941   0.003929     1.56  0.1195
II#2018-07-22                  0.0161613   0.003732     4.33  0.0000
II#2018-08-12                 0.00191302   0.003010    0.636  0.5254
II#2018-09-02                 0.00149204   0.003351    0.445  0.6564
II#2018-09-09                 0.00731405   0.003632     2.01  0.0446
II#2018-10-14               -0.000226637   0.003440  -0.0659  0.9475
II#2018-10-21                 0.00142564   0.003436    0.415  0.6784
II#2018-10-28                 0.00988850   0.003423     2.89  0.0041
II#2018-11-04                0.000392093   0.003348    0.117  0.9068
II#2018-11-11                  0.0101342   0.003056     3.32  0.0010
II#2018-12-02                 -0.0278370   0.003364    -8.28  0.0000
II#2018-12-09                 -0.0121144   0.003278    -3.70  0.0002
II#2018-12-16                 -0.0182174   0.003323    -5.48  0.0000
II#2018-12-23                 -0.0128907   0.003261    -3.95  0.0001
II#2018-12-30                -0.00228995   0.003295   -0.695  0.4875
D_star_ETANOL_HIDRATADO  U     0.0123948    0.02327    0.533  0.5946
D_star_ETANOL_HIDRATADO_1U    -0.0174526    0.02409   -0.725  0.4691
D_star_ETANOL_HIDRATADO_2U    -0.0185721    0.02639   -0.704  0.4819
D_star_ETANOL_HIDRATADO_3U    -0.0302981    0.02526    -1.20  0.2310
D_star_ETANOL_HIDRATADO_4U    -0.0170099    0.02527   -0.673  0.5012
D_star_ETANOL_HIDRATADO_5U     0.0246295    0.02551    0.966  0.3348
D_star_ETANOL_HIDRATADO_6U   -0.00577557    0.02498   -0.231  0.8173
D_star_ETANOL_HIDRATADO_7U    0.00425988    0.02481    0.172  0.8638
D_star_ETANOL_HIDRATADO_8U    -0.0320073    0.02226    -1.44  0.1512
D_star_OLEO_DIESEL       U    -0.0509208    0.05365   -0.949  0.3431
D_star_OLEO_DIESEL_1     U     0.0548837    0.03038     1.81  0.0716
D_star_OLEO_DIESEL_2     U     0.0340664    0.04330    0.787  0.4319
D_star_OLEO_DIESEL_3     U    0.00815777    0.03289    0.248  0.8042
D_star_OLEO_DIESEL_4     U    -0.0152018    0.03478   -0.437  0.6622
D_star_OLEO_DIESEL_5     U    0.00141929    0.03150   0.0451  0.9641
D_star_OLEO_DIESEL_6     U     0.0355534    0.03253     1.09  0.2751
D_star_OLEO_DIESEL_7     U    -0.0138461    0.03272   -0.423  0.6724
D_star_OLEO_DIESEL_8     U    0.00983596    0.02777    0.354  0.7234
D_star_GASOLINA_COMUM    U     0.0956083    0.04725     2.02  0.0436
D_star_GASOLINA_COMUM_1  U     0.0124297    0.04129    0.301  0.7635
D_star_GASOLINA_COMUM_2  U     0.0929346    0.04512     2.06  0.0401
D_star_GASOLINA_COMUM_3  U     0.0884991    0.03979     2.22  0.0267
D_star_GASOLINA_COMUM_4  U     0.0961542    0.04085     2.35  0.0190
D_star_GASOLINA_COMUM_5  U    -0.0179731    0.03943   -0.456  0.6487
D_star_GASOLINA_COMUM_6  U   -0.00964472    0.03948   -0.244  0.8071
D_star_GASOLINA_COMUM_7  U     0.0432394    0.04026     1.07  0.2835
D_star_GASOLINA_COMUM_8  U   -0.00425288    0.03794   -0.112  0.9108
betaZ_1                  U    -0.0201931   0.007252    -2.78  0.0056
D_brent                  U    0.00478635   0.003919     1.22  0.2226
D_brent_1                U   -0.00480628   0.003985    -1.21  0.2284
D_brent_2                U    0.00624660   0.003886     1.61  0.1087
D_brent_3                U    0.00256696   0.003905    0.657  0.5113
D_brent_4                U    0.00238873   0.004005    0.596  0.5512
D_brent_5                U   -0.00163604   0.003992   -0.410  0.6821
D_brent_6                U   -0.00180234   0.003962   -0.455  0.6494
D_brent_7                U    0.00581721   0.003935     1.48  0.1401
D_brent_8                U    -0.0122262   0.003871    -3.16  0.0017
D_lnCambio               U    0.00681648   0.007720    0.883  0.3778
D_lnCambio_1             U   9.41904e-07   0.007842 0.000120  0.9999
D_lnCambio_2             U    0.00181731   0.007718    0.235  0.8140
D_lnCambio_3             U    0.00445741   0.007702    0.579  0.5631
D_lnCambio_4             U    0.00110165   0.007775    0.142  0.8874
D_lnCambio_5             U    0.00409099   0.007911    0.517  0.6053
D_lnCambio_6             U    0.00183811   0.007822    0.235  0.8143
D_lnCambio_7             U     0.0167414   0.007563     2.21  0.0274
D_lnCambio_8             U   -0.00276246   0.007621   -0.362  0.7172
Constant                 U    0.00209427  0.0008726     2.40  0.0168
CSeasonal                U  -0.000300025   0.001203   -0.249  0.8032
CSeasonal_1              U  -0.000177758   0.001292   -0.138  0.8907
CSeasonal_2              U  -0.000365466   0.001174   -0.311  0.7557
CSeasonal_3              U   -0.00108693   0.001177   -0.923  0.3564
CSeasonal_4              U   0.000720628   0.001219    0.591  0.5546
CSeasonal_5              U  -0.000859814   0.001183   -0.727  0.4676
CSeasonal_6              U  -0.000536431   0.001217   -0.441  0.6597
CSeasonal_7              U   0.000691181   0.001189    0.581  0.5613
CSeasonal_8              U  -0.000241386   0.001193   -0.202  0.8397
CSeasonal_9              U   -0.00218247   0.001180    -1.85  0.0650
CSeasonal_10             U   -0.00208054   0.001168    -1.78  0.0757
CSeasonal_11             U   -0.00104048   0.001239   -0.840  0.4015
CSeasonal_12             U  -0.000668696   0.001224   -0.546  0.5853
CSeasonal_13             U  -0.000957293   0.001236   -0.774  0.4391
CSeasonal_14             U  -0.000254167   0.001200   -0.212  0.8324
CSeasonal_15             U   0.000707987   0.001183    0.599  0.5497
CSeasonal_16             U   -0.00168707   0.001225    -1.38  0.1692
CSeasonal_17             U   0.000585831   0.001268    0.462  0.6442
CSeasonal_18             U    0.00190809   0.001250     1.53  0.1278
CSeasonal_19             U  -0.000133751   0.001240   -0.108  0.9141
CSeasonal_20             U  -0.000435962   0.001296   -0.336  0.7368
CSeasonal_21             U  -0.000320839   0.001241   -0.259  0.7961
CSeasonal_22             U    0.00281830   0.001305     2.16  0.0314
CSeasonal_23             U   -0.00169605   0.001289    -1.32  0.1890
CSeasonal_24             U  -0.000138498   0.001214   -0.114  0.9092
CSeasonal_25             U  -0.000469494   0.001220   -0.385  0.7005
CSeasonal_26             U  -0.000953820   0.001187   -0.804  0.4221
CSeasonal_27             U  -0.000421364   0.001194   -0.353  0.7243
CSeasonal_28             U  -0.000655045   0.001238   -0.529  0.5970
CSeasonal_29             U  -0.000566418   0.001243   -0.456  0.6487
CSeasonal_30             U  -0.000867673   0.001307   -0.664  0.5073
CSeasonal_31             U   -0.00234236   0.001285    -1.82  0.0691
CSeasonal_32             U   -0.00163121   0.001343    -1.21  0.2251
CSeasonal_33             U  -0.000836930   0.001276   -0.656  0.5122
CSeasonal_34             U   0.000666009   0.001178    0.565  0.5722
CSeasonal_35             U  -0.000305120   0.001277   -0.239  0.8112
CSeasonal_36             U   0.000117957   0.001250   0.0943  0.9249
CSeasonal_37             U  -0.000157452   0.001247   -0.126  0.8996
CSeasonal_38             U   -0.00231915   0.001236    -1.88  0.0612
CSeasonal_39             U   -0.00100445   0.001225   -0.820  0.4127
CSeasonal_40             U  -0.000323303   0.001174   -0.275  0.7832
CSeasonal_41             U   0.000116246   0.001274   0.0913  0.9273
CSeasonal_42             U   -0.00117149   0.001205   -0.972  0.3314
CSeasonal_43             U  -0.000294223   0.001172   -0.251  0.8018
CSeasonal_44             U  -3.15226e-05   0.001312  -0.0240  0.9808
CSeasonal_45             U   -0.00170974   0.001291    -1.32  0.1859
CSeasonal_46             U  -0.000234156   0.001214   -0.193  0.8472
CSeasonal_47             U  -0.000905531   0.001155   -0.784  0.4336
CSeasonal_48             U   -0.00158048   0.001255    -1.26  0.2086
CSeasonal_49             U  -0.000546745   0.001213   -0.451  0.6524
CSeasonal_50             U   -0.00178086   0.001223    -1.46  0.1461

sigma = 0.00257548   RSS = 0.002779258282

log-likelihood     9877.77495  -T/2log|Omega|     12921.3981
|Omega|        2.00890656e-16  log|Y'Y/T|        -27.4962528
R^2(LR)              0.999824  R^2(LM)              0.902026
no. of observations       715  no. of parameters         888

F-test on regressors except unrestricted: F(594,1251) = 35.5381 [0.0000] **
F-tests on retained regressors, F(3,417) =
D_R_4_ETANOL_HIDRATADO_1       13.8016 [0.000]**D_R_4_ETANOL_HIDRATADO_2       6.56369 [0.000]**
D_R_4_ETANOL_HIDRATADO_3       3.65175 [0.013]* D_R_4_ETANOL_HIDRATADO_4       4.01609 [0.008]**
D_R_4_ETANOL_HIDRATADO_5       1.35075 [0.257]  D_R_4_ETANOL_HIDRATADO_6       2.31772 [0.075]  
D_R_4_ETANOL_HIDRATADO_7       2.14631 [0.094]  D_R_4_ETANOL_HIDRATADO_8       3.02827 [0.029]* 
D_R_4_OLEO_DIESEL_1       6.07890 [0.000]**D_R_4_OLEO_DIESEL_2       3.94094 [0.009]**
D_R_4_OLEO_DIESEL_3       1.14175 [0.332]  D_R_4_OLEO_DIESEL_4      0.116477 [0.950]  
D_R_4_OLEO_DIESEL_5       1.84208 [0.139]  D_R_4_OLEO_DIESEL_6       1.57378 [0.195]  
D_R_4_OLEO_DIESEL_7      0.745824 [0.525]  D_R_4_OLEO_DIESEL_8       4.78613 [0.003]**
D_R_4_GASOLINA_COMUM_1       6.18369 [0.000]**D_R_4_GASOLINA_COMUM_2       5.50523 [0.001]**
D_R_4_GASOLINA_COMUM_3       2.27590 [0.079]  D_R_4_GASOLINA_COMUM_4       7.13861 [0.000]**
D_R_4_GASOLINA_COMUM_5       2.16827 [0.091]  D_R_4_GASOLINA_COMUM_6      0.238418 [0.870]  
D_R_4_GASOLINA_COMUM_7      0.977123 [0.403]  D_R_4_GASOLINA_COMUM_8       2.06174 [0.105]  
II#2005-06-26       4.87578 [0.002]**II#2005-08-28       6.00200 [0.001]**
II#2005-09-04       5.00595 [0.002]**II#2005-09-11       138.928 [0.000]**
II#2005-09-25       10.4806 [0.000]**II#2005-10-02       9.70550 [0.000]**
II#2005-10-09       4.82450 [0.003]**II#2005-10-23       9.48138 [0.000]**
II#2005-11-06       4.07735 [0.007]**II#2006-02-12       4.67221 [0.003]**
II#2006-03-26       21.0690 [0.000]**II#2006-04-30       14.5444 [0.000]**
II#2006-06-25       5.94052 [0.001]**II#2006-07-16       8.52936 [0.000]**
II#2006-11-12       5.57998 [0.001]**II#2007-01-28       5.28490 [0.001]**
II#2007-03-11       6.57486 [0.000]**II#2007-07-01       4.56346 [0.004]**
II#2007-07-08       4.73006 [0.003]**II#2007-08-12       3.94812 [0.009]**
II#2007-08-19       3.54741 [0.015]* II#2007-09-09       4.46938 [0.004]**
II#2007-11-04       4.63915 [0.003]**II#2007-11-11       8.06537 [0.000]**
II#2007-11-18       10.3342 [0.000]**II#2007-12-16       9.49809 [0.000]**
II#2007-12-30       9.46509 [0.000]**II#2008-05-04       34.1454 [0.000]**
II#2008-05-18       13.5614 [0.000]**II#2008-07-06       31.4661 [0.000]**
II#2009-08-16       58.9892 [0.000]**II#2009-08-23       29.6199 [0.000]**
II#2009-08-30       96.4400 [0.000]**II#2009-09-13       499.847 [0.000]**
II#2009-10-18       9.67442 [0.000]**II#2010-01-17       5.43796 [0.001]**
II#2010-02-07       14.9608 [0.000]**II#2010-03-21       8.77204 [0.000]**
II#2010-07-18       10.3969 [0.000]**II#2010-08-01       3.88884 [0.009]**
II#2010-11-21       4.82394 [0.003]**II#2010-12-05       6.92891 [0.000]**
II#2011-01-16       6.98453 [0.000]**II#2011-04-10       89.6362 [0.000]**
II#2011-04-24       17.5058 [0.000]**II#2011-05-01       12.9160 [0.000]**
II#2011-12-04       5.73595 [0.001]**II#2011-12-18       5.67232 [0.001]**
II#2012-01-01       8.51453 [0.000]**II#2012-02-12       6.00736 [0.001]**
II#2012-03-11       8.40184 [0.000]**II#2012-04-08       6.84479 [0.000]**
II#2012-05-13       4.87147 [0.002]**II#2012-07-22       3.69602 [0.012]* 
II#2012-07-29       14.0533 [0.000]**II#2012-08-05       9.01932 [0.000]**
II#2012-08-12       9.07068 [0.000]**II#2012-09-02       8.60558 [0.000]**
II#2012-09-09       7.63779 [0.000]**II#2012-12-02       8.56100 [0.000]**
II#2012-12-23       7.82710 [0.000]**II#2012-12-30       5.84923 [0.001]**
II#2013-01-27       6.86496 [0.000]**II#2013-02-03       70.9996 [0.000]**
II#2013-03-03       17.6869 [0.000]**II#2013-03-10       6.30959 [0.000]**
II#2013-04-07       4.07642 [0.007]**II#2013-04-14       7.20970 [0.000]**
II#2013-05-05       5.03944 [0.002]**II#2013-06-02       4.73027 [0.003]**
II#2013-12-01       124.636 [0.000]**II#2014-02-09       5.87388 [0.001]**
II#2014-03-23       18.2381 [0.000]**II#2014-04-06       20.8183 [0.000]**
II#2014-11-09       15.1958 [0.000]**II#2014-11-16       37.7356 [0.000]**
II#2014-12-14       18.4229 [0.000]**II#2015-01-11       11.5836 [0.000]**
II#2015-02-01       35.2150 [0.000]**II#2015-02-08       69.8581 [0.000]**
II#2015-02-15       5.29245 [0.001]**II#2015-07-26       8.88313 [0.000]**
II#2015-08-16       6.27362 [0.000]**II#2015-08-23       9.56565 [0.000]**
II#2015-08-30       5.95693 [0.001]**II#2015-09-06       14.4249 [0.000]**
II#2015-09-20       64.6092 [0.000]**II#2015-10-04       74.9356 [0.000]**
II#2015-10-11       5.01968 [0.002]**II#2015-10-18       15.5849 [0.000]**
II#2015-10-25       28.5442 [0.000]**II#2015-11-01       41.7360 [0.000]**
II#2015-11-08       12.4828 [0.000]**II#2015-11-15       34.5299 [0.000]**
II#2015-12-06       8.23543 [0.000]**II#2016-01-17       30.2627 [0.000]**
II#2016-02-07       5.20352 [0.002]**II#2016-03-27       5.16130 [0.002]**
II#2016-04-10       19.4581 [0.000]**II#2016-04-24       7.32828 [0.000]**
II#2016-05-22       8.89651 [0.000]**II#2016-07-03       12.1932 [0.000]**
II#2016-07-10       22.6672 [0.000]**II#2016-07-31       6.53355 [0.000]**
II#2016-08-14       6.60700 [0.000]**II#2016-08-28       6.81858 [0.000]**
II#2016-10-16       3.89629 [0.009]**II#2016-11-06       7.34050 [0.000]**
II#2016-11-20       11.0266 [0.000]**II#2016-12-04       13.0277 [0.000]**
II#2016-12-11       24.3791 [0.000]**II#2016-12-18       7.87747 [0.000]**
II#2017-01-29       6.45288 [0.000]**II#2017-02-12       9.27432 [0.000]**
II#2017-02-26       4.61480 [0.003]**II#2017-03-19       12.4217 [0.000]**
II#2017-03-26       7.86523 [0.000]**II#2017-04-23       4.28112 [0.005]**
II#2017-05-07       5.75102 [0.001]**II#2017-05-14       17.3162 [0.000]**
II#2017-06-11       14.5089 [0.000]**II#2017-06-18       6.48762 [0.000]**
II#2017-06-25       5.63906 [0.001]**II#2017-07-16       41.6633 [0.000]**
II#2017-07-23       5.55999 [0.001]**II#2017-07-30       46.5749 [0.000]**
II#2017-08-06       554.530 [0.000]**II#2017-08-13       366.660 [0.000]**
II#2017-08-20       281.994 [0.000]**II#2017-08-27       183.368 [0.000]**
II#2017-09-03       122.848 [0.000]**II#2017-09-10       62.0302 [0.000]**
II#2017-09-17       110.313 [0.000]**II#2017-09-24       125.235 [0.000]**
II#2017-10-01       28.6013 [0.000]**II#2017-10-08       36.1241 [0.000]**
II#2017-10-15       56.1549 [0.000]**II#2017-10-22       92.5281 [0.000]**
II#2017-10-29       53.9779 [0.000]**II#2017-11-05       65.4548 [0.000]**
II#2017-11-12       125.738 [0.000]**II#2017-11-19       128.578 [0.000]**
II#2017-11-26       143.229 [0.000]**II#2017-12-03       153.870 [0.000]**
II#2017-12-10       99.3750 [0.000]**II#2017-12-17       98.5571 [0.000]**
II#2017-12-24       210.295 [0.000]**II#2017-12-31       120.755 [0.000]**
II#2018-01-07       11.0528 [0.000]**II#2018-02-11       6.46061 [0.000]**
II#2018-04-01       8.06194 [0.000]**II#2018-04-15       17.1988 [0.000]**
II#2018-05-13       26.9818 [0.000]**II#2018-05-20       18.7980 [0.000]**
II#2018-05-27       39.5479 [0.000]**II#2018-06-03       10.1019 [0.000]**
II#2018-06-17       33.4286 [0.000]**II#2018-06-24       8.83306 [0.000]**
II#2018-07-01       6.85531 [0.000]**II#2018-07-15       4.62063 [0.003]**
II#2018-07-22       7.05254 [0.000]**II#2018-08-12       4.68847 [0.003]**
II#2018-09-02       77.9430 [0.000]**II#2018-09-09       217.803 [0.000]**
II#2018-10-14       4.76718 [0.003]**II#2018-10-21       25.7916 [0.000]**
II#2018-10-28       5.12710 [0.002]**II#2018-11-04       18.4081 [0.000]**
II#2018-11-11       39.1604 [0.000]**II#2018-12-02       81.0217 [0.000]**
II#2018-12-09       5.37488 [0.001]**II#2018-12-16       10.3736 [0.000]**
II#2018-12-23       9.18734 [0.000]**II#2018-12-30       8.57339 [0.000]**
D_star_ETANOL_HIDRATADO U     7.73509 [0.000]**D_star_ETANOL_HIDRATADO_1 U     1.95770 [0.120]  
D_star_ETANOL_HIDRATADO_2 U     5.19601 [0.002]**D_star_ETANOL_HIDRATADO_3 U     1.58189 [0.193]  
D_star_ETANOL_HIDRATADO_4 U     1.45333 [0.227]  D_star_ETANOL_HIDRATADO_5 U     2.13980 [0.095]  
D_star_ETANOL_HIDRATADO_6 U     2.21839 [0.085]  D_star_ETANOL_HIDRATADO_7 U    0.955632 [0.414]  
D_star_ETANOL_HIDRATADO_8 U     4.74905 [0.003]**D_star_OLEO_DIESEL U     6.79751 [0.000]**
D_star_OLEO_DIESEL_1 U     33.1187 [0.000]**D_star_OLEO_DIESEL_2 U     2.27775 [0.079]  
D_star_OLEO_DIESEL_3 U     2.54592 [0.056]  D_star_OLEO_DIESEL_4 U    0.698145 [0.554]  
D_star_OLEO_DIESEL_5 U    0.357000 [0.784]  D_star_OLEO_DIESEL_6 U     2.59889 [0.052]  
D_star_OLEO_DIESEL_7 U     1.31406 [0.269]  D_star_OLEO_DIESEL_8 U     4.74510 [0.003]**
D_star_GASOLINA_COMUM U     4.21452 [0.006]**D_star_GASOLINA_COMUM_1 U     2.82641 [0.038]* 
D_star_GASOLINA_COMUM_2 U     2.97834 [0.031]* D_star_GASOLINA_COMUM_3 U     2.50211 [0.059]  
D_star_GASOLINA_COMUM_4 U     1.99580 [0.114]  D_star_GASOLINA_COMUM_5 U     1.14265 [0.332]  
D_star_GASOLINA_COMUM_6 U    0.270694 [0.847]  D_star_GASOLINA_COMUM_7 U    0.803676 [0.492]  
D_star_GASOLINA_COMUM_8 U     1.38925 [0.246]       betaZ_1 U     12.9417 [0.000]**
     D_brent U     1.99529 [0.114]     D_brent_1 U     1.50224 [0.213]  
   D_brent_2 U     3.26630 [0.021]*    D_brent_3 U    0.443600 [0.722]  
   D_brent_4 U    0.762820 [0.515]     D_brent_5 U    0.899078 [0.442]  
   D_brent_6 U    0.156334 [0.926]     D_brent_7 U     1.51349 [0.210]  
   D_brent_8 U     4.08438 [0.007]**  D_lnCambio U    0.582923 [0.626]  
D_lnCambio_1 U    0.440763 [0.724]  D_lnCambio_2 U     1.93133 [0.124]  
D_lnCambio_3 U     1.04408 [0.373]  D_lnCambio_4 U    0.332165 [0.802]  
D_lnCambio_5 U    0.423154 [0.736]  D_lnCambio_6 U   0.0698519 [0.976]  
D_lnCambio_7 U     2.31880 [0.075]  D_lnCambio_8 U   0.0965534 [0.962]  
    Constant U     11.7552 [0.000]**   CSeasonal U    0.786726 [0.502]  
 CSeasonal_1 U     1.23870 [0.295]   CSeasonal_2 U    0.148385 [0.931]  
 CSeasonal_3 U     1.42657 [0.234]   CSeasonal_4 U    0.490831 [0.689]  
 CSeasonal_5 U    0.605662 [0.612]   CSeasonal_6 U     1.10653 [0.346]  
 CSeasonal_7 U    0.193036 [0.901]   CSeasonal_8 U    0.222686 [0.881]  
 CSeasonal_9 U     3.67146 [0.012]* CSeasonal_10 U     1.11481 [0.343]  
CSeasonal_11 U     3.02027 [0.030]* CSeasonal_12 U    0.606884 [0.611]  
CSeasonal_13 U     3.31930 [0.020]* CSeasonal_14 U    0.587608 [0.623]  
CSeasonal_15 U    0.216834 [0.885]  CSeasonal_16 U     1.97792 [0.117]  
CSeasonal_17 U     1.50958 [0.211]  CSeasonal_18 U     2.55830 [0.055]  
CSeasonal_19 U     5.17940 [0.002]**CSeasonal_20 U    0.939182 [0.422]  
CSeasonal_21 U     2.09407 [0.100]  CSeasonal_22 U     1.88604 [0.131]  
CSeasonal_23 U     4.56687 [0.004]**CSeasonal_24 U     1.78306 [0.150]  
CSeasonal_25 U     2.50566 [0.059]  CSeasonal_26 U     1.25872 [0.288]  
CSeasonal_27 U    0.359743 [0.782]  CSeasonal_28 U     2.64171 [0.049]* 
CSeasonal_29 U     1.69587 [0.167]  CSeasonal_30 U     1.93421 [0.123]  
CSeasonal_31 U     2.74372 [0.043]* CSeasonal_32 U     1.46437 [0.224]  
CSeasonal_33 U     1.48654 [0.218]  CSeasonal_34 U     1.49080 [0.216]  
CSeasonal_35 U     1.40461 [0.241]  CSeasonal_36 U    0.379204 [0.768]  
CSeasonal_37 U     3.47190 [0.016]* CSeasonal_38 U     1.82364 [0.142]  
CSeasonal_39 U     3.65150 [0.013]* CSeasonal_40 U     2.54594 [0.056]  
CSeasonal_41 U    0.558586 [0.643]  CSeasonal_42 U    0.795552 [0.497]  
CSeasonal_43 U     1.86338 [0.135]  CSeasonal_44 U    0.178697 [0.911]  
CSeasonal_45 U    0.747096 [0.525]  CSeasonal_46 U    0.613877 [0.606]  
CSeasonal_47 U     1.19014 [0.313]  CSeasonal_48 U    0.796133 [0.497]  
CSeasonal_49 U    0.968515 [0.407]  CSeasonal_50 U     3.20989 [0.023]* 

correlation of URF residuals (standard deviations on diagonal)
                      D_R_4_ETANOL_HIDRATADOD_R_4_OLEO_DIESELD_R_4_GASOLINA_COMUM
D_R_4_ETANOL_HIDRATADO    0.0070372     0.059362      0.10520
D_R_4_OLEO_DIESEL          0.059362    0.0018156      0.25841
D_R_4_GASOLINA_COMUM        0.10520      0.25841    0.0025755
correlation between actual and fitted
D_R_4_ETANOL_HIDRATADOD_R_4_OLEO_DIESELD_R_4_GASOLINA_COMUM
      0.96987      0.99607      0.97624

Single equation statistics
                            mean(Y)        se(Y)        sigma          R^2
D_R_4_ETANOL_HIDRATADO   0.00091441     0.022129    0.0070372      0.94065
D_R_4_OLEO_DIESEL         0.0010679     0.015703    0.0018156      0.99215
D_R_4_GASOLINA_COMUM     0.00082762    0.0091053    0.0025755      0.95305

Single-equation diagnostics using reduced-form residuals:
                               AR 1-7            ARCH 1-7           Normality              Hetero   
D_R_4_ETANOL_HIDRATADO    3.37 [0.0017]**     3.65 [0.0007]**    90.66 [0.0000]**     0.87 [0.8678]   
D_R_4_OLEO_DIESEL       2.17 [0.0362]*      1.91 [0.0647]      46.91 [0.0000]**     1.17 [0.1020]   
D_R_4_GASOLINA_COMUM    1.48 [0.1713]       7.38 [0.0000]**   100.58 [0.0000]**     1.23 [0.0480]*  

Vector AR 1-7 test:      F(63,1182)=   1.3103 [0.0556]  
Vector Normality test:   Chi^2(6)  =   243.91 [0.0000]**
Vector Hetero test:      F(1146,2072)=   1.0858 [0.0557]  
Vector RESET23 test:     F(18,1162)=   3.8423 [0.0000]**
When the log-likelihood constant is NOT included:
AIC                  -33.6599  SC                   -27.9813
HQ                   -31.4669  FPE              -1.86143e-15
When the log-likelihood constant is included:
AIC                  -25.1462  SC                   -19.4676
HQ                   -22.9533  FPE              -9.27407e-12

          AIC           SC           HQ          FPE
      -25.146      -19.468      -22.953  -9.2741e-12
>>> AIC: -25.1462
>>> SC: -19.4676
>>> HQ: -22.9533
Fazendo aquisicao de parametros
Processo Extracao da matriz de saturacao (IIS)
Processo Extracao da matriz de longo prazo
Processo Lambda iniciado
Processo Lambda finalizado
Processo Phi iniciado
Processo Phi finalizado
Processo U iniciado
Processo U finalizado
Processo Extracao das variaveis macroeconomicas (matrix de longo Prazo inclusive)

Apagando o modelo PcGive referente a regiao 4


*****************************************
             Regiao 5
*****************************************

Iniciando um nomo objeto do tipo PcGive referente a regiao 5
PcGive package version 16.10, object created on  4-06-2025
(C) Jurgen A Doornik - requires a licensed version of PcGive Professional

Carregando base de dados para regiao 5
	Periodo da base de dados
	Data inicial: 2004-5
	Data final: 2018-41
(1) Iniciando construcao das variaveis star para a regiao 5
	Adicionando variavel star da regiao 5
	Adicionando variavel star da regiao 5 (ETANOL_HIDRATADO)
	Adicionando variavel star da regiao 5 (OLEO_DIESEL)
	Adicionando variavel star da regiao 5 (GASOLINA_COMUM)
	Concluido construcao das variaveis star para a regiao 5
(2) Iniciando construcao da variavel Delta para a regiao 5
	Adicionando variavel Delta da regiao 5 (ETANOL_HIDRATADO)
	Adicionando variavel Delta* da regiao 5 (star_ETANOL_HIDRATADO)
	Adicionando variavel Delta da regiao 5 (OLEO_DIESEL)
	Adicionando variavel Delta* da regiao 5 (star_OLEO_DIESEL)
	Adicionando variavel Delta da regiao 5 (GASOLINA_COMUM)
	Adicionando variavel Delta* da regiao 5 (star_GASOLINA_COMUM)
	Concluido construcao da variavel Delta para a regiao 5
(3) Iniciando construcao da variavel beta*Z (Cointegracao) para a regiao 5
	Adicionando variavel R_5_ETANOL_HIDRATADO
	Adicionando variavel R_5_OLEO_DIESEL
	Adicionando variavel R_5_GASOLINA_COMUM
	Adicionando variavel star_ETANOL_HIDRATADO
	Adicionando variavel star_OLEO_DIESEL
	Adicionando variavel star_GASOLINA_COMUM
	Adicionando variavel brent
	Adicionando variavel lnCambio

                ETA          DIS          GAS         ETA*         DIS*         GAS*        brent           FX
T_1         0.26236      0.46562      0.69074     0.080244      0.33463      0.67666       3.6298       1.1361
T_2         0.26236      0.45932      0.69074     0.073732      0.33624      0.67429       3.6192       1.1460
T_3         0.28443      0.45932      0.69084      0.10864      0.33380      0.67640       3.6137       1.1467
T_4         0.33647      0.45932      0.69084      0.15166      0.33613      0.68363       3.6110       1.1436
            0.38186      0.45932      0.69074      0.16682      0.33331      0.69160       3.5694       1.1379
            0.37844      0.48243      0.69774      0.16724      0.35134      0.70060       3.5746       1.1446

                T_1          T_2          T_3          T_4                                                    
ETA         0.00000      0.00000      0.00000      0.00000      0.00000      0.00000      0.00000      0.00000
rows: 
[0] = betaZ_1
	Concluido construcao da variavel beta*Z (Cointegracao) para a regiao 5
(4) Iniciando adicao de macrovariaveis para a regiao 5
	Adicao de macrovariaveis em primeira differenca para a regiao 5
(6) Construindo modelo de estimacao da regiao 5
	Adicionando variavel dependente da regiao 5 (ETANOL_HIDRATADO)
	Adicionando variavel dependente da regiao 5 (OLEO_DIESEL)
	Adicionando variavel dependente da regiao 5 (GASOLINA_COMUM)
	Adicionando variavel independente (lag da independente) da regiao 5 (ETANOL_HIDRATADO)
	Adicionando variavel independente (lag da independente) da regiao 5 (OLEO_DIESEL)
	Adicionando variavel independente (lag da independente) da regiao 5 (GASOLINA_COMUM)
	Adicionando variavel star da regiao 5 (ETANOL_HIDRATADO)
	Adicionando variavel star da regiao 5 (OLEO_DIESEL)
	Adicionando variavel star da regiao 5 (GASOLINA_COMUM)
	Adicionado: D_brent
	Adicionado: D_lnCambio
	Adicionado: Constant
	Adicionado: CSeasonal U
Processo IIS LIGADO para esta regiao
INICIANDO ESTIMACAO

Autometrics identification block search over regressors
no. initial regressors    715  no. of observations       715
significance level       0.01  block method         standard
extension effort     standard  reduction effort     standard
block backtesting        GUM0  used in blocks      A,B,C1,D1


A. Step 1: block search for omitted regressors
   significance           0.01  diagnostics             off
   no of blocks              6  blocked by         variable
   0(127):12 1(127):0 2(127):0 3(127):0 4(127):0 5(80):20  found: 32
A. Step 2   size= 32 #pars= 459 loglik=     7772.10 selected: 31

B. Step 1: block search for omitted regressors
   significance           0.01  diagnostics         delayed
   no of blocks              6  blocked by         variable
   0(158):31 1(158):58 2(158):108 3(158):0 4(158):8 5(80):3  found: 208
B. Step 1 (continued): 
   significance           0.01  diagnostics         delayed
   0(158):92 1(112):18  found: 110
B. Step 2   size=141 #pars= 735 loglik=     8487.06 selected: 123

B. Step 1: block search for omitted regressors
   significance           0.01  diagnostics         delayed
   no of blocks              5  blocked by         variable
   0(250):116 1(250):0 2(250):0 3(250):0 4(207):32  found: 148
B. Step 1 (continued): 
   significance           0.01  diagnostics         delayed
   0(271):122  found: 122
B. Step 2   size=245 #pars=1101 loglik=     9248.49 selected: 245

B. Step 1: block search for omitted regressors
   significance           0.01  diagnostics              on
   no of blocks              4  blocked by         variable
   0(372):0 1(372):15 2(372):0 3(334):15  found: 30
B. Step 2   size=275 #pars=1173 loglik=     9663.91 selected: 269

B. Step 1: block search for omitted regressors
   significance           0.01  diagnostics              on
   no of blocks              4  blocked by         variable
   0(396):0 1(396):0 2(396):9 3(334):14  found: 23
B. Step 2   size=292 #pars=1059 loglik=     9800.58 selected: 231

B. Step 1: block search for omitted regressors
   significance           0.01  diagnostics              on
   no of blocks              4  blocked by         variable
   0(358):0 1(358):0 2(358):0 3(334):12  found: 12
B. Step 2   size=243 #pars=1092 loglik=     9929.92 selected: 242

B. Step 1: block search for omitted regressors
   significance           0.01  diagnostics              on
   no of blocks              4  blocked by         variable
   0(369):6 1(369):0 2(369):9 3(334):0  found: 15
B. Step 2   size=257 #pars=1119 loglik=     10212.9 selected: 251

B. Step 1: block search for omitted regressors
   significance           0.01  diagnostics              on
   no of blocks              4  blocked by         variable
   0(378):0 1(378):0 2(378):0 3(334):9  found: 9
B. Step 2   size=260 #pars=1143 loglik=     10308.4 selected: 259

B. Step 1: block search for omitted regressors
   significance           0.01  diagnostics              on
   no of blocks              4  blocked by         variable
   0(386):0 1(386):0 2(386):0 3(334):0  found: 0

C. Step 1: block search for omitted regressors
   significance           0.02  diagnostics              on
   no of blocks              4  blocked by         variable
   0(386):3 1(386):0 2(386):0 3(334):0  found: 3
C. Step 2   size=262 #pars= 765 loglik=     9153.17 selected: 133

Block search complete, estimated 55178 models in  1:59:49.75
- final selection size=334 regs=334 total= 456 loglik=     10646.8


---------- Autometrics: dimensions of initial GUM ----------
no. of observations       715  no. of parameters        1368
no. free regressors (k1)  334  no. free components (k2)    0
no. of equations            3  no. diagnostic tests        4

Fixed regressors:  D_R_5_ETANOL_HIDRATADO_1 D_R_5_ETANOL_HIDRATADO_2 D_R_5_ETANOL_HIDRATADO_3 D_R_5_ETANOL_HIDRATADO_4
 D_R_5_ETANOL_HIDRATADO_5 D_R_5_ETANOL_HIDRATADO_6 D_R_5_ETANOL_HIDRATADO_7 D_R_5_ETANOL_HIDRATADO_8
 D_R_5_OLEO_DIESEL_1 D_R_5_OLEO_DIESEL_2 D_R_5_OLEO_DIESEL_3 D_R_5_OLEO_DIESEL_4 D_R_5_OLEO_DIESEL_5
 D_R_5_OLEO_DIESEL_6 D_R_5_OLEO_DIESEL_7 D_R_5_OLEO_DIESEL_8 D_R_5_GASOLINA_COMUM_1 D_R_5_GASOLINA_COMUM_2
 D_R_5_GASOLINA_COMUM_3 D_R_5_GASOLINA_COMUM_4 D_R_5_GASOLINA_COMUM_5 D_R_5_GASOLINA_COMUM_6 D_R_5_GASOLINA_COMUM_7
 D_R_5_GASOLINA_COMUM_8 D_star_ETANOL_HIDRATADO D_star_ETANOL_HIDRATADO_1 D_star_ETANOL_HIDRATADO_2 D_star_ETANOL_HIDRATADO_3
 D_star_ETANOL_HIDRATADO_4 D_star_ETANOL_HIDRATADO_5 D_star_ETANOL_HIDRATADO_6 D_star_ETANOL_HIDRATADO_7
 D_star_ETANOL_HIDRATADO_8 D_star_OLEO_DIESEL D_star_OLEO_DIESEL_1 D_star_OLEO_DIESEL_2 D_star_OLEO_DIESEL_3
 D_star_OLEO_DIESEL_4 D_star_OLEO_DIESEL_5 D_star_OLEO_DIESEL_6 D_star_OLEO_DIESEL_7 D_star_OLEO_DIESEL_8
 D_star_GASOLINA_COMUM D_star_GASOLINA_COMUM_1 D_star_GASOLINA_COMUM_2 D_star_GASOLINA_COMUM_3 D_star_GASOLINA_COMUM_4
 D_star_GASOLINA_COMUM_5 D_star_GASOLINA_COMUM_6 D_star_GASOLINA_COMUM_7 D_star_GASOLINA_COMUM_8 betaZ_1
 D_brent D_brent_1 D_brent_2 D_brent_3 D_brent_4 D_brent_5 D_brent_6 D_brent_7 D_brent_8 D_lnCambio D_lnCambio_1
 D_lnCambio_2 D_lnCambio_3 D_lnCambio_4 D_lnCambio_5 D_lnCambio_6 D_lnCambio_7 D_lnCambio_8 Constant
 CSeasonal CSeasonal_1 ... CSeasonal_50

Presearch reduction: none removed

[0.3] Testing GUM 0 at 0.114127:  LRF(1002) [0.0000] kept

[1.0] Start of Autometrics tree search

Searching from GUM 0  k= 334 loglik=     10646.8
Found new terminal 1  k= 255 loglik=     10296.6 SC=   -18.405
Found new terminal 2  k= 256 loglik=     10301.3 SC=   -18.391
Found new terminal 3  k= 256 loglik=     10299.2 SC=   -18.385
Found new terminal 4  k= 256 loglik=     10301.5 SC=   -18.392
Found new terminal 5  k= 257 loglik=     10304.9 SC=   -18.374
Found new terminal 6  k= 255 loglik=     10294.9 SC=   -18.401
Found new terminal 7  k= 255 loglik=     10294.7 SC=   -18.400
Found new terminal 8  k= 259 loglik=     10310.8 SC=   -18.335
Found new terminal 9  k= 256 loglik=     10298.8 SC=   -18.384
Found new terminal 10 k= 258 loglik=     10307.2 SC=   -18.353
Found new terminal 11 k= 256 loglik=     10301.8 SC=   -18.392
Found new terminal 12 k= 256 loglik=     10301.4 SC=   -18.391
Found new terminal 13 k= 255 loglik=     10295.7 SC=   -18.403
Found new terminal 14 k= 256 loglik=     10298.0 SC=   -18.382
Found new terminal 15 k= 255 loglik=     10296.3 SC=   -18.405
Found new terminal 16 k= 257 loglik=     10302.9 SC=   -18.368
Found new terminal 17 k= 256 loglik=     10300.9 SC=   -18.390
Found new terminal 18 k= 255 loglik=     10294.6 SC=   -18.400
Found new terminal 19 k= 255 loglik=     10295.4 SC=   -18.402
Found new terminal 20 k= 256 loglik=     10298.6 SC=   -18.384
Maximum number of terminal candidates reached

Searching for contrasting terminals in terminal paths
Maximum number of terminal candidates reached

Encompassing test against GUM 0 removes: none

Searching from GUM 1  k= 264 loglik=     10363.3 LRF_GUM0(70) [0.1599]
Recalling terminal 1  k= 255 loglik=     10296.6 SC=   -18.405
Recalling terminal 2  k= 256 loglik=     10301.3 SC=   -18.391
Recalling terminal 3  k= 256 loglik=     10299.2 SC=   -18.385
Recalling terminal 4  k= 256 loglik=     10301.5 SC=   -18.392
Recalling terminal 5  k= 257 loglik=     10304.9 SC=   -18.374
Recalling terminal 6  k= 255 loglik=     10294.9 SC=   -18.401
Recalling terminal 7  k= 255 loglik=     10294.7 SC=   -18.400
Recalling terminal 8  k= 259 loglik=     10310.8 SC=   -18.335
Recalling terminal 9  k= 256 loglik=     10298.8 SC=   -18.384
Recalling terminal 10 k= 258 loglik=     10307.2 SC=   -18.353
Recalling terminal 11 k= 256 loglik=     10301.8 SC=   -18.392
Recalling terminal 12 k= 256 loglik=     10301.4 SC=   -18.391
Recalling terminal 13 k= 255 loglik=     10295.7 SC=   -18.403
Recalling terminal 14 k= 256 loglik=     10298.0 SC=   -18.382
Recalling terminal 15 k= 255 loglik=     10296.3 SC=   -18.405
Recalling terminal 16 k= 257 loglik=     10302.9 SC=   -18.368
Recalling terminal 17 k= 256 loglik=     10300.9 SC=   -18.390
Recalling terminal 18 k= 255 loglik=     10294.6 SC=   -18.400
Recalling terminal 19 k= 255 loglik=     10295.4 SC=   -18.402
Recalling terminal 20 k= 256 loglik=     10298.6 SC=   -18.384
Maximum number of terminal candidates reached

Searching for contrasting terminals in terminal paths
Maximum number of terminal candidates reached

[2.0] Selection of final model from terminal candidates: terminal 1

p-values in Final GUM and terminal model(s)
                 Final GUM  terminal 1  terminal 2  terminal 3  terminal 4  terminal 5  terminal 6  terminal 7  terminal 8  terminal 9 terminal 10 terminal 11 terminal 12 terminal 13 terminal 14 terminal 15 terminal 16 terminal 17 terminal 18 terminal 19 terminal 20
II#2005-05-08   0.00019533  0.00061765  0.00068992  0.00237608  0.00026569  0.00013902  0.00076525  0.00091030  0.00011472  0.00082713  0.00025259  0.00080200  0.00044159  0.00076948  0.00054057  0.00052904  0.00040065  0.00073182  0.00080883  0.00085792  0.00053972
II#2005-05-15   0.00000028  0.00000048  0.00000050  0.00000126  0.00000021  0.00000014  0.00000052  0.00000051  0.00000041  0.00000028  0.00000026  0.00000055  0.00000037  0.00000078  0.00000031  0.00000060  0.00000066  0.00000045  0.00000061  0.00000046  0.00000036
II#2005-05-29   0.00000000  0.00000000  0.00000000  0.00000000  0.00000000  0.00000000  0.00000000  0.00000000  0.00000000  0.00000000  0.00000000  0.00000000  0.00000000  0.00000000  0.00000000  0.00000000  0.00000000  0.00000000  0.00000000  0.00000000  0.00000000
II#2005-06-05   0.00000000  0.00000000  0.00000000  0.00000000  0.00000000  0.00000000  0.00000000  0.00000000  0.00000000  0.00000000  0.00000000  0.00000000  0.00000000  0.00000000  0.00000000  0.00000000  0.00000000  0.00000000  0.00000000  0.00000000  0.00000000
II#2005-06-26   0.00122870  0.00060845  0.00089263  0.00167384  0.00116676  0.00161161  0.00085775  0.00073196  0.00181004  0.00068795  0.00216656  0.00074292  0.00075839  0.00060857  0.00081906  0.00052749  0.00070995  0.00112557  0.00056147  0.00063345  0.00067811
II#2005-07-17   0.00233650  0.00144451  0.00215723  0.00261602  0.00207037  0.00221182  0.00179116  0.00162076  0.00270268  0.00223170  0.00224841  0.00205578  0.00196652  0.00160220  0.00217702  0.00159462  0.00316962  0.00197216  0.00166787  0.00159383  0.00197327
II#2005-08-14   0.00000000  0.00000000  0.00000000  0.00000000  0.00000000  0.00000000  0.00000000  0.00000000  0.00000000  0.00000000  0.00000000  0.00000000  0.00000000  0.00000000  0.00000000  0.00000000  0.00000000  0.00000000  0.00000000  0.00000000  0.00000000
II#2005-08-21   0.00000000  0.00000000  0.00000000  0.00000000  0.00000000  0.00000000  0.00000000  0.00000000  0.00000000  0.00000000  0.00000000  0.00000000  0.00000000  0.00000000  0.00000000  0.00000000  0.00000000  0.00000000  0.00000000  0.00000000  0.00000000
II#2005-08-28   0.00000000  0.00000000  0.00000000  0.00000000  0.00000000  0.00000000  0.00000000  0.00000000  0.00000000  0.00000000  0.00000000  0.00000000  0.00000000  0.00000000  0.00000000  0.00000000  0.00000000  0.00000000  0.00000000  0.00000000  0.00000000
II#2005-09-04   0.00000761  0.00001790  0.00000665  0.00001263  0.00002303  0.00001784  0.00001445  0.00001680  0.00000525  0.00002042  0.00000428  0.00001826  0.00001430  0.00001430  0.00000857  0.00001553  0.00001358  0.00001042  0.00001663  0.00001798  0.00001204
II#2005-09-11   0.00000000  0.00000000  0.00000000  0.00000000  0.00000000  0.00000000  0.00000000  0.00000000  0.00000000  0.00000000  0.00000000  0.00000000  0.00000000  0.00000000  0.00000000  0.00000000  0.00000000  0.00000000  0.00000000  0.00000000  0.00000000
II#2005-09-18   0.00034938  0.00062589  0.00041241  0.00057674  0.00085595  0.00070412  0.00062024  0.00059116  0.00055139  0.00097110  0.00041113  0.00103679  0.00050636  0.00050836  0.00027692  0.00043133  0.00140505  0.00055734  0.00044648  0.00092990  0.00044512
II#2005-09-25   0.00027273  0.00060673  0.00029407  0.00171629  0.00050599  0.00035371  0.00059583  0.00063404  0.00022419  0.00101162  0.00025558  0.00067130  0.00059579  0.00040967  0.00059351  0.00055033  0.00034915  0.00049071  0.00084612  0.00066338  0.00057323
II#2005-10-02   0.00070402  0.00104415  0.00112211  0.00007653  0.00111695  0.00104659  0.00104616  0.00097937  0.00052286  0.00055515  0.00060208  0.00271451  0.00110472  0.00113578  0.00036129  0.00081943           .  0.00075372  0.00220022  0.00084335  0.00118502
II#2005-10-16   0.00000072  0.00000020  0.00000056  0.00000056  0.00000049  0.00000091  0.00000026  0.00000025  0.00000136  0.00000027  0.00000170  0.00000034  0.00000011  0.00000020  0.00000026  0.00000011  0.00000039  0.00000024  0.00000012  0.00000028  0.00000016
II#2005-10-23   0.00000000  0.00000000  0.00000000  0.00000000  0.00000000  0.00000000  0.00000000  0.00000000  0.00000000  0.00000000  0.00000000  0.00000000  0.00000000  0.00000000  0.00000000  0.00000000  0.00000000  0.00000000  0.00000000  0.00000000  0.00000000
II#2005-10-30   0.00000000  0.00000000  0.00000000  0.00000000  0.00000000  0.00000000  0.00000000  0.00000000  0.00000000  0.00000000  0.00000000  0.00000000  0.00000000  0.00000000  0.00000000  0.00000000  0.00000000  0.00000000  0.00000000  0.00000000  0.00000000
II#2005-11-06   0.00000736  0.00001369  0.00014970  0.00000719  0.00000381  0.00000520  0.00002136  0.00001973  0.00000988  0.00003576  0.00001226  0.00000163  0.00002310  0.00001734  0.00002554  0.00002364  0.00005748  0.00000654  0.00003068  0.00001540  0.00001988
II#2005-11-13   0.00009590  0.00010375  0.00007480  0.00002591  0.00005919  0.00009085  0.00026688  0.00015112  0.00123900  0.00007913  0.00098543  0.00010775  0.00008480  0.00009881  0.00010226  0.00005356  0.00007807  0.00007927  0.00009183  0.00010893  0.00005871
II#2005-11-20   0.00000253  0.00000964  0.00000744  0.00001166  0.00000861  0.00000246  0.00000517  0.00000648  0.00000143  0.00000433  0.00000469  0.00000523  0.00001054  0.00000761  0.00001929  0.00000579  0.00000869  0.00001458  0.00000585  0.00000654  0.00001542
II#2005-12-04   0.00165200  0.00327321  0.00443240  0.00297706  0.00165248  0.00205492  0.00295264  0.00352003  0.00078125  0.00243183  0.00134750  0.00179530  0.00524790  0.00508550  0.00395684  0.00647093  0.00205997  0.00166927  0.00294536  0.00363655  0.00193054
II#2005-12-11   0.00000001  0.00000003  0.00000001  0.00000004  0.00000003  0.00000001  0.00000004  0.00000004  0.00000001  0.00000004  0.00000000  0.00000003  0.00000004  0.00000006  0.00000003  0.00000008  0.00000005  0.00000003  0.00000006  0.00000011  0.00000011
II#2005-12-18   0.06545241           .           .           .           .  0.03748580           .           .  0.06105290           .  0.04939988           .           .           .           .           .           .           .           .           .           .
II#2006-01-08   0.00000000  0.00000000  0.00000000  0.00000000  0.00000000  0.00000000  0.00000000  0.00000000  0.00000000  0.00000000  0.00000000  0.00000000  0.00000000  0.00000000  0.00000000  0.00000000  0.00000000  0.00000000  0.00000000  0.00000000  0.00000000
II#2006-01-15   0.00056460  0.00055351  0.00052077  0.00041019  0.00056163  0.00067530  0.00064778  0.00067262  0.00084042  0.00050948  0.00097621  0.00035921  0.00072545  0.00045033  0.00059675  0.00063665  0.00064299  0.00056954  0.00054405  0.00047605  0.00052826
II#2006-02-12   0.03131246  0.04831894  0.04313767           .  0.03482848  0.02635274  0.04738894  0.05735544  0.03506655  0.04458053  0.02671151  0.06173461  0.04153415  0.06361052  0.04471399  0.05385923  0.05086947  0.04727964  0.04979524  0.05656200  0.05445779
II#2006-02-19   0.00071753  0.00057457  0.00080233  0.00114966  0.00042676  0.00045266  0.00070962  0.00076002  0.00099223  0.00087787  0.00123714  0.00131035  0.00080497  0.00107764  0.00201164  0.00079830  0.00114064  0.00087956  0.00083378  0.00071937  0.00138057
II#2006-02-26   0.00012641  0.00015140  0.00016369  0.00014053  0.00008551  0.00011776  0.00017500  0.00015844  0.00023872  0.00014703  0.00037342  0.00019382  0.00014710  0.00016999  0.00026424  0.00016881  0.00023555  0.00011960  0.00012625  0.00009592  0.00029554
II#2006-03-05   0.00000000  0.00000000  0.00000000  0.00000000  0.00000000  0.00000000  0.00000000  0.00000000  0.00000000  0.00000000  0.00000000  0.00000000  0.00000000  0.00000000  0.00000000  0.00000000  0.00000000  0.00000000  0.00000000  0.00000000  0.00000000
II#2006-03-12   0.01444601  0.02870844  0.02520118  0.01969570  0.02366566  0.01850347  0.03143688  0.03133516  0.01900298  0.02822447  0.01293150  0.04152657  0.03103142  0.03142490  0.03657717  0.03118005  0.04961167  0.02718265  0.02771776  0.02838419  0.04873242
II#2006-03-19   0.00000000  0.00000000  0.00000000  0.00000000  0.00000000  0.00000000  0.00000000  0.00000000  0.00000000  0.00000000  0.00000000  0.00000000  0.00000000  0.00000000  0.00000000  0.00000000  0.00000000  0.00000000  0.00000000  0.00000000  0.00000000
II#2006-03-26   0.00000000  0.00000000  0.00000000  0.00000000  0.00000000  0.00000000  0.00000000  0.00000000  0.00000000  0.00000000  0.00000000  0.00000000  0.00000000  0.00000000  0.00000000  0.00000000  0.00000000  0.00000000  0.00000000  0.00000000  0.00000000
II#2006-04-02   0.00000000  0.00000000  0.00000000  0.00000000  0.00000000  0.00000000  0.00000000  0.00000000  0.00000000  0.00000000  0.00000000  0.00000000  0.00000000  0.00000000  0.00000000  0.00000000  0.00000000  0.00000000  0.00000000  0.00000000  0.00000000
II#2006-04-09   0.00000000  0.00000000  0.00000000  0.00000000  0.00000000  0.00000000  0.00000000  0.00000000  0.00000000  0.00000000  0.00000000  0.00000000  0.00000000  0.00000000  0.00000000  0.00000000  0.00000000  0.00000000  0.00000000  0.00000000  0.00000000
II#2006-04-16   0.00000000  0.00000000  0.00000000  0.00000000  0.00000000  0.00000000  0.00000000  0.00000000  0.00000000  0.00000000  0.00000000  0.00000000  0.00000000  0.00000000  0.00000000  0.00000000  0.00000000  0.00000000  0.00000000  0.00000000  0.00000000
II#2006-05-14   0.00000000  0.00000000  0.00000000  0.00000000  0.00000000  0.00000000  0.00000000  0.00000000  0.00000000  0.00000000  0.00000000  0.00000000  0.00000000  0.00000000  0.00000000  0.00000000  0.00000000  0.00000000  0.00000000  0.00000000  0.00000000
II#2006-05-28   0.00713929  0.03207916           .  0.03276737  0.02569157  0.00479048  0.02874827  0.02898692  0.02334099  0.03117801  0.01659642  0.02022987  0.02897362  0.03199132  0.02670506  0.02636967  0.03378001  0.03663272  0.02905779  0.02911784  0.02835069
II#2006-06-04   0.00297264  0.00065601  0.00061059  0.00109399  0.00165525  0.00245029  0.00072128  0.00092506  0.00291989  0.00105927  0.00273081  0.00074088  0.00085307  0.00093670  0.00077281  0.00057916  0.00068926  0.00130633  0.00064659  0.00081739  0.00246889
II#2006-07-09   0.03094182           .           .           .           .  0.02554286           .           .  0.01781241           .  0.02319736           .           .           .           .           .           .           .           .           .           .
II#2006-08-27   0.00080627  0.00110184  0.00182470  0.00112470  0.00034615  0.00041482  0.00119309  0.00172410  0.00087029  0.00111881  0.00097133  0.00120058  0.00118512  0.00117520  0.00139671  0.00114840  0.00105697  0.00095121  0.00109207  0.00122692  0.00118443
II#2006-09-24   0.00005657  0.00004724  0.00005773  0.00008038  0.00011951  0.00016408  0.00003793  0.00004130  0.00005810  0.00004074  0.00009544  0.00005479  0.00004029  0.00004068  0.00004347  0.00003862  0.00004718  0.00008584  0.00003797  0.00004211  0.00004547
II#2006-10-01   0.00310402  0.00474299  0.00343807  0.00446529  0.00485646  0.00564101  0.00366430  0.00363601  0.00352036  0.00388680  0.00418473  0.00253065  0.00377795  0.00381223  0.00537840  0.00364891  0.00200553  0.00386191  0.00374058  0.00374958  0.00390245
II#2006-10-08   0.00000000  0.00000000  0.00000000  0.00000000  0.00000000  0.00000000  0.00000000  0.00000000  0.00000000  0.00000000  0.00000000  0.00000000  0.00000000  0.00000000  0.00000000  0.00000000  0.00000000  0.00000000  0.00000000  0.00000000  0.00000000
II#2006-10-15   0.00000000  0.00000001  0.00000002  0.00000001  0.00000001  0.00000000  0.00000001  0.00000002  0.00000000  0.00000002  0.00000000  0.00000001  0.00000002  0.00000001  0.00000002  0.00000002  0.00000007  0.00000001  0.00000003  0.00000001  0.00000003
II#2006-10-29   0.00000000  0.00000000  0.00000000  0.00000000  0.00000000  0.00000000  0.00000000  0.00000000  0.00000000  0.00000000  0.00000000  0.00000000  0.00000000  0.00000000  0.00000000  0.00000000  0.00000000  0.00000000  0.00000000  0.00000000  0.00000000
II#2006-11-12   0.00000001  0.00000001  0.00000002  0.00000002  0.00000001  0.00000000  0.00000002  0.00000001  0.00000001  0.00000002  0.00000001  0.00000001  0.00000002  0.00000002  0.00000002  0.00000007  0.00000002  0.00000001  0.00000001  0.00000001  0.00000002
II#2006-11-26   0.00354837  0.01067502  0.03080499  0.01032320  0.00757609  0.00165344  0.01047442  0.01122322  0.00338728  0.01402024  0.00285940  0.00754390  0.01182318  0.01112624  0.01080410  0.00950527  0.01608693  0.00989875  0.01331150  0.01031740  0.01032580
II#2006-12-10   0.04274762           .  0.05241252  0.05316166           .           .  0.05088441  0.05131066  0.03640897  0.04471868  0.04159900  0.04912537  0.05177011  0.05148096  0.04016789  0.05085676  0.05393732  0.06060500  0.05311085  0.05492805  0.03593988
II#2006-12-17   0.02676018  0.03345323  0.02687133  0.03039872  0.02605152  0.03570914  0.02981832  0.03463112  0.02532975  0.02688830  0.02133002  0.02449051  0.03323812  0.03813889  0.03136005  0.03720370  0.02285396  0.02315101  0.03223821           .  0.02976985
II#2006-12-31   0.00045071  0.00077427  0.00052399  0.00092145  0.00089349  0.00061462  0.00073882  0.00074758  0.00054098  0.00076307  0.00037412  0.00086113  0.00084645  0.00087311  0.00088606  0.00082616  0.00083745  0.00088872  0.00072405  0.00101911  0.00132575
II#2007-01-07   0.00016081  0.00016929  0.00014003  0.00012913  0.00016261  0.00022942  0.00018164  0.00016725  0.00019835  0.00026263  0.00014409  0.00011558  0.00025512  0.00016161  0.00017457  0.00016709  0.00011671  0.00019448  0.00023208  0.00021221  0.00013808
II#2007-01-14   0.00000000  0.00000000  0.00000000  0.00000000  0.00000000  0.00000000  0.00000000  0.00000000  0.00000000  0.00000000  0.00000000  0.00000000  0.00000000  0.00000000  0.00000000  0.00000000  0.00000000  0.00000000  0.00000000  0.00000000  0.00000000
II#2007-01-21   0.06179049           .           .  0.06768983  0.06151530  0.02273282           .           .  0.04738358           .  0.04052927  0.06459247           .           .           .           .           .  0.08610705           .           .           .
II#2007-02-18   0.04285308  0.04195363  0.04450651  0.03907352  0.03302014  0.05865031  0.04650368  0.04666523  0.05886039  0.04660255           .  0.04774183  0.04681871  0.04766373           .  0.04668538  0.05098880  0.03716116  0.04707854  0.04782761  0.05243982
II#2007-02-25   0.01091759  0.01374140  0.00857593  0.01603103  0.01320282  0.01560051  0.01166608  0.01200641  0.01033715  0.00878762  0.01320918  0.01115324  0.01114324  0.01226004  0.01494578  0.01152980  0.00807835  0.01328450  0.01362304  0.01214517  0.00725818
II#2007-03-04   0.00026354  0.00023397  0.00016274  0.00014130  0.00030248  0.00112227  0.00018236  0.00019120  0.00031650  0.00017008  0.00079557  0.00017719  0.00017425  0.00016892  0.00043928  0.00020379  0.00019588  0.00021172  0.00020055  0.00020367  0.00014755
II#2007-03-11   0.04670024           .           .           .  0.07332534  0.02953244           .           .  0.03710496           .  0.03413934           .           .           .           .           .           .           .           .           .           .
II#2007-04-01   0.02448354  0.01862859           .  0.02232765  0.01495482  0.01201152  0.02002112  0.01981361  0.02449245  0.02564629  0.02664867  0.02233406  0.02362989  0.01926406  0.03157336  0.01947994  0.02812236  0.02191725  0.01653809  0.02010645  0.02399337
II#2007-04-08   0.00417513  0.00229051  0.00284130  0.00373682  0.00345438  0.00385321  0.00339918  0.00306383  0.00603217  0.00133971  0.00849169  0.00327856  0.00287383  0.00295947  0.00374812  0.00294618  0.00215250  0.00278073  0.00320575  0.00294005  0.00269501
II#2007-04-15   0.00391746  0.00303448  0.00241238  0.00364953  0.00639628  0.01452126  0.00221117  0.00217238  0.00587186  0.00214486  0.00816751  0.00233980  0.00231111  0.00218100  0.00332002  0.00223598  0.00229127  0.00357208  0.00240384  0.00213973  0.00282717
II#2007-04-29   0.04584089  0.02570201  0.02513144  0.02903936  0.04079969  0.04458611           .  0.02770522           .  0.02889419           .  0.03083058  0.02771501  0.02584820  0.02275902  0.02894746  0.02706498  0.03419281  0.02225923  0.02474963  0.03444760
II#2007-05-06   0.00010129  0.00012474  0.00031215  0.00013797  0.00008392  0.00013849  0.00010497  0.00010120  0.00074049  0.00008972  0.00032639  0.00010115  0.00012531  0.00010123  0.00012567  0.00009949  0.00013638  0.00012166  0.00007138  0.00009969  0.00011646
II#2007-05-20   0.00950040  0.01239050  0.01188917  0.01166563  0.04182737  0.03801400  0.01236515  0.01161781  0.01469244  0.01168230  0.01208640  0.01049899  0.01328598  0.01037977  0.01173997  0.01039981  0.01153198           .  0.01326796  0.01099485  0.01258842
II#2007-06-03   0.00004844  0.00005334  0.00007465  0.00007031  0.00007866  0.00006994  0.00008470  0.00007288  0.00025976  0.00007061  0.00016479  0.00008299  0.00008114  0.00005656  0.00010057  0.00005545  0.00007903  0.00016387  0.00006035  0.00006219  0.00013050
II#2007-06-10   0.00867976  0.01120040  0.01015262  0.02686087  0.00791451  0.00647850  0.01137149  0.01171470  0.00876428  0.01609516  0.00884558  0.01301389  0.00520099  0.01018046  0.01049688  0.00937519  0.00800649  0.01081719  0.01117872  0.01322312  0.01044699
II#2007-06-17   0.00000589  0.00001870  0.00001485  0.00000699  0.00000902  0.00000585  0.00001635  0.00002071  0.00002280  0.00001471  0.00001919  0.00001641  0.00001427  0.00002053  0.00001523  0.00001972  0.00001403  0.00001671  0.00001846  0.00001877  0.00001330
II#2007-06-24   0.00000000  0.00000000  0.00000000  0.00000000  0.00000000  0.00000000  0.00000000  0.00000000  0.00000000  0.00000000  0.00000000  0.00000000  0.00000000  0.00000000  0.00000000  0.00000000  0.00000000  0.00000000  0.00000000  0.00000000  0.00000000
II#2007-07-01   0.01400211  0.02491915  0.02549910           .  0.02277012  0.01845548  0.02061152  0.02380728  0.01969260  0.02120593  0.02273717  0.02901018  0.01930582  0.02554519  0.01871175  0.02186854  0.01889264  0.02326900  0.02178054  0.02316084  0.02116757
II#2007-07-08   0.00000000  0.00000000  0.00000000  0.00000000  0.00000000  0.00000000  0.00000000  0.00000000  0.00000000  0.00000000  0.00000000  0.00000000  0.00000000  0.00000000  0.00000000  0.00000000  0.00000000  0.00000000  0.00000000  0.00000000  0.00000000
II#2007-07-22   0.00000000  0.00000000  0.00000000  0.00000000  0.00000000  0.00000000  0.00000000  0.00000000  0.00000000  0.00000000  0.00000000  0.00000000  0.00000000  0.00000000  0.00000000  0.00000000  0.00000000  0.00000000  0.00000000  0.00000000  0.00000000
II#2007-07-29   0.00000000  0.00000000  0.00000000  0.00000000  0.00000000  0.00000000  0.00000000  0.00000000  0.00000000  0.00000000  0.00000000  0.00000000  0.00000000  0.00000000  0.00000000  0.00000000  0.00000000  0.00000000  0.00000000  0.00000000  0.00000000
II#2007-08-12   0.01309275  0.02020064  0.01980187  0.01786684  0.04313681  0.01684423  0.01899255  0.02056040  0.00717734  0.01903852  0.01042514  0.02191343  0.02498617  0.02057176  0.02181294  0.02041307  0.01947180  0.03222416  0.01970042  0.01888567  0.03905208
II#2007-08-19   0.00033184  0.00012524  0.00050826  0.00028419  0.00010763  0.00020326  0.00027476  0.00027890  0.00057125  0.00014199  0.00041950  0.00025059  0.00025279  0.00032277  0.00018653  0.00029920  0.00019241  0.00024931  0.00030202  0.00030999  0.00019565
II#2007-08-26   0.00328502  0.00387576  0.00210051  0.00240991  0.00310125  0.00462489  0.00359292  0.00462302  0.00322289  0.00279521  0.00495587  0.00378608  0.00284411  0.00300715  0.00585468  0.00256553  0.00257291  0.00318736  0.00253970  0.00225689  0.00239335
II#2007-09-02   0.00021553  0.00007200  0.00014362  0.00004028  0.00004052  0.00010045  0.00008778  0.00006951  0.00022224  0.00010436  0.00019974  0.00005862  0.00010725  0.00012320  0.00014623  0.00007943  0.00015790  0.00004765  0.00007274  0.00015339  0.00007790
II#2007-09-09   0.00213566  0.00311376  0.00371681  0.00571821  0.00245851  0.00070412  0.00563757  0.00521424  0.00442983  0.00557406  0.00295652  0.00644496  0.00577194  0.00567839  0.00612125  0.00498969  0.00470262  0.00470759  0.00403443  0.00456096           .
II#2007-09-16   0.00129981  0.00291499  0.00180118  0.00434385  0.00251296  0.00153053  0.00379201  0.00366273  0.00158263  0.00403921  0.00150211  0.00814052  0.00385720  0.00219157  0.00177576  0.00277090  0.00266822  0.00373577  0.00406874  0.00183772  0.00195577
II#2007-09-23   0.00000000  0.00000000  0.00000000  0.00000000  0.00000000  0.00000000  0.00000000  0.00000000  0.00000000  0.00000000  0.00000000  0.00000000  0.00000000  0.00000000  0.00000000  0.00000000  0.00000000  0.00000000  0.00000000  0.00000000  0.00000000
II#2007-09-30   0.01166233  0.01625827  0.00965676  0.02518452  0.01567377  0.01311077  0.01783174  0.01778165  0.01382033  0.01638157  0.01181893           .  0.01519650  0.01900683  0.00306501  0.01887632  0.04577714  0.01606746  0.01688643  0.01648444  0.02007485
II#2007-10-07   0.00000437  0.00000466  0.00000267  0.00000618  0.00000541  0.00000515  0.00000669  0.00000448  0.00000723  0.00000442  0.00000712  0.00001343  0.00000473  0.00000564  0.00000558  0.00000626  0.00000490  0.00000613  0.00000564  0.00000404  0.00000673
II#2007-10-14   0.00000094  0.00000574  0.00000191  0.00000277  0.00000393  0.00000262  0.00000573  0.00000562  0.00000119  0.00000370  0.00000118  0.00000954  0.00000347  0.00000580  0.00000275  0.00000577  0.00000422  0.00000309  0.00000617  0.00000697  0.00000329
II#2007-10-21   0.00004631  0.00009460  0.00003979  0.00017288  0.00006935  0.00006016  0.00010881  0.00010713  0.00005599  0.00008472  0.00004450  0.00011844  0.00017100  0.00011303  0.00007905  0.00010328  0.00014642  0.00010963  0.00013864  0.00014353  0.00017130
II#2007-11-11   0.03128036  0.04614681  0.04390603  0.04660689  0.04013619  0.02804786  0.05191866  0.04387637  0.02775084  0.04284612  0.02645870  0.04325424  0.05219269  0.05593938  0.04878258           .  0.04128810  0.03905598  0.06007560  0.05538131  0.05447588
II#2007-11-18   0.00000000  0.00000000  0.00000000  0.00000001  0.00000000  0.00000000  0.00000001  0.00000001  0.00000000  0.00000000  0.00000000  0.00000001  0.00000001  0.00000001  0.00000000  0.00000001  0.00000001  0.00000000  0.00000001  0.00000001  0.00000001
II#2007-11-25   0.00004436  0.00011394  0.00013519  0.00022670  0.00009920  0.00002730  0.00015164  0.00012909  0.00005037  0.00011598  0.00005264  0.00026556  0.00012476  0.00021163  0.00023927  0.00021118  0.00022243  0.00015619  0.00010529  0.00012929  0.00025588
II#2007-12-02   0.00120290  0.00073525  0.00042928  0.00207226  0.00154362  0.00122739  0.00099419  0.00083673  0.00156223  0.00075252  0.00146623  0.00190381  0.00124309  0.00090589  0.00092288  0.00083804  0.00060614  0.00145034  0.00074735  0.00064915  0.00113064
II#2007-12-09   0.00000000  0.00000000  0.00000000  0.00000000  0.00000000  0.00000000  0.00000000  0.00000000  0.00000000  0.00000000  0.00000000  0.00000000  0.00000000  0.00000000  0.00000000  0.00000000  0.00000000  0.00000000  0.00000000  0.00000000  0.00000000
II#2007-12-23   0.00005414  0.00003400  0.00001375  0.00005688  0.00005561  0.00016064  0.00004529  0.00004511  0.00009713  0.00004387  0.00010333  0.00007926  0.00004764  0.00004284  0.00004568  0.00004848  0.00005487  0.00011355  0.00004632  0.00004097  0.00005331
II#2008-01-20   0.00027771  0.00054774  0.00034689  0.00076839  0.00106895  0.00048993  0.00051058  0.00054926  0.00033913  0.00066990  0.00038841  0.00195498  0.00039505  0.00052711  0.00048106  0.00046428  0.00064639  0.00110380  0.00052838  0.00055107  0.00045424
II#2008-01-27   0.06623180           .           .           .           .  0.04938502           .           .           .           .           .           .           .           .           .           .           .           .           .           .           .
II#2008-02-10   0.00031403  0.00089524  0.00049526  0.00117394  0.00050155  0.00030784  0.00084926  0.00074224  0.00031319  0.00062256  0.00044932  0.00073258  0.00069114  0.00077773  0.00052097  0.00076960  0.00046618  0.00058050  0.00097163  0.00077886  0.00060171
II#2008-02-17   0.04473754  0.03618462  0.03595389  0.05223651  0.05015116           .  0.03407142  0.03242881  0.04486414  0.03142606           .  0.03720332  0.03445740  0.03205890  0.05142349  0.03280538  0.03411570  0.03942721  0.03393772  0.03024037  0.03550402
II#2008-03-16   0.00004971  0.00004967  0.00003585  0.00007823  0.00004209  0.00004474  0.00003615  0.00004299  0.00003936  0.00003670  0.00003689  0.00007127  0.00004967  0.00005115  0.00003804  0.00004920  0.00002225  0.00003332  0.00007401  0.00006410  0.00002709
II#2008-03-23   0.00000000  0.00000000  0.00000000  0.00000000  0.00000000  0.00000000  0.00000000  0.00000000  0.00000000  0.00000000  0.00000000  0.00000000  0.00000000  0.00000000  0.00000000  0.00000000  0.00000000  0.00000000  0.00000000  0.00000000  0.00000000
II#2008-04-06   0.00024561  0.00009657  0.00024382  0.00019024  0.00007068  0.00009816  0.00011630  0.00011618  0.00046434  0.00006132  0.00042434  0.00021968  0.00015330  0.00013283  0.00020210  0.00012333  0.00050965  0.00014941  0.00009547  0.00014508  0.00016178
II#2008-04-27   0.00099675  0.00037748  0.00042371  0.00031531  0.00027294  0.00109502  0.00076794  0.00041196           .  0.00034763           .  0.00042948  0.00028869  0.00040661  0.00040682  0.00039260  0.00024433  0.00030909  0.00048812  0.00044173  0.00029453
II#2008-05-04   0.00000000  0.00000000  0.00000000  0.00000000  0.00000000  0.00000000  0.00000000  0.00000000  0.00000000  0.00000000  0.00000000  0.00000000  0.00000000  0.00000000  0.00000000  0.00000000  0.00000000  0.00000000  0.00000000  0.00000000  0.00000000
II#2008-06-22   0.00696308  0.00601144  0.01482628  0.00654156  0.00158736  0.00191900  0.00604574  0.00587169  0.00484210  0.00435935  0.00480518  0.00850063  0.00753653  0.00668824  0.00833817  0.00578152  0.01656385  0.00444159  0.00450197  0.00570000  0.00535415
II#2008-07-20   0.03190200  0.03551237  0.03475582  0.05568675  0.02802591  0.02784834  0.03529537  0.03547630  0.03321903  0.03067218  0.02937972  0.03718879  0.03753622           .  0.03757146  0.04257885  0.03780581  0.03076078  0.03158262  0.04320729  0.04349039
II#2008-07-27   0.00032769  0.00031037  0.00040114  0.00061535  0.00034893  0.00030078  0.00040230  0.00035989  0.00031067  0.00039293  0.00026718  0.00026306  0.00038621  0.00041196  0.00036814  0.00045577  0.00043348  0.00031640  0.00032451  0.00034727  0.00039418
II#2008-08-10   0.00017210  0.00027618  0.00027342  0.00034021  0.00052085  0.00032185  0.00028827  0.00031164  0.00015722  0.00063596  0.00013982  0.00035832  0.00033784  0.00028279  0.00031403  0.00028615  0.00043273  0.00033647  0.00029282  0.00030099  0.00032201
II#2008-09-21   0.00006203  0.00008155  0.00020583  0.00008907  0.00004016  0.00004650  0.00007286  0.00006980  0.00016284  0.00006937  0.00013893  0.00006721  0.00008048  0.00006857  0.00014567  0.00007053  0.00005207  0.00007519  0.00005855  0.00006776  0.00009322
II#2009-02-01   0.07408007           .           .  0.07152084           .           .           .           .           .           .           .           .           .           .           .           .           .           .           .           .           .
II#2009-04-26   0.00041618  0.00057854  0.00048623  0.00064430  0.00065496  0.00057249  0.00194045  0.00068243  0.00459786  0.00048034  0.00450910  0.00057708  0.00049024  0.00053406  0.00059353  0.00056705  0.00050866  0.00043334  0.00060585  0.00054359  0.00056465
II#2009-05-17   0.00000823  0.00001707  0.00002159  0.00002294  0.00000394  0.00000140  0.00002141  0.00001637  0.00003073  0.00002186  0.00002776  0.00001759  0.00002044  0.00001804  0.00003973  0.00001686  0.00002058  0.00000082  0.00001598  0.00001677  0.00004726
II#2009-08-16   0.00000041  0.00000035  0.00000057  0.00000032  0.00000021  0.00000022  0.00000032  0.00000036  0.00000035  0.00000038  0.00000025  0.00000027  0.00000035  0.00000033  0.00000041  0.00000031  0.00000044  0.00000024  0.00000029  0.00000031  0.00000033
II#2009-08-23   0.00000000  0.00000000  0.00000000  0.00000000  0.00000000  0.00000001  0.00000000  0.00000000  0.00000000  0.00000000  0.00000000  0.00000000  0.00000000  0.00000000  0.00000000  0.00000000  0.00000000  0.00000000  0.00000000  0.00000000  0.00000000
II#2009-08-30   0.00000000  0.00000000  0.00000000  0.00000000  0.00000000  0.00000000  0.00000000  0.00000000  0.00000000  0.00000000  0.00000000  0.00000000  0.00000000  0.00000000  0.00000000  0.00000000  0.00000000  0.00000000  0.00000000  0.00000000  0.00000000
II#2009-10-18   0.00000000  0.00000000  0.00000000  0.00000000  0.00000000  0.00000000  0.00000000  0.00000000  0.00000000  0.00000000  0.00000000  0.00000000  0.00000000  0.00000000  0.00000000  0.00000000  0.00000000  0.00000000  0.00000000  0.00000000  0.00000000
II#2009-10-25   0.00000000  0.00000000  0.00000000  0.00000000  0.00000000  0.00000000  0.00000000  0.00000000  0.00000000  0.00000000  0.00000000  0.00000000  0.00000000  0.00000000  0.00000000  0.00000000  0.00000000  0.00000000  0.00000000  0.00000000  0.00000000
II#2009-11-08   0.00000000  0.00000000  0.00000000  0.00000000  0.00000000  0.00000000  0.00000000  0.00000000  0.00000000  0.00000000  0.00000000  0.00000000  0.00000000  0.00000000  0.00000000  0.00000000  0.00000000  0.00000000  0.00000000  0.00000000  0.00000000
II#2010-01-17   0.00000009  0.00000103  0.00000095  0.00000010  0.00000009  0.00000001  0.00000099  0.00000095  0.00000010  0.00000102  0.00000009  0.00000014  0.00000075  0.00000098  0.00000076  0.00000131  0.00000102  0.00000010  0.00000106  0.00000099  0.00000085
II#2010-02-21   0.00115098  0.00279619  0.00199199  0.00287350  0.00546191  0.00405217  0.00213032  0.00209767  0.00113047  0.00246152  0.00131587  0.00178967  0.00240229  0.00207634  0.00204182  0.00214706  0.00120064  0.00325615  0.00221415  0.00204708  0.00176539
II#2010-10-24   0.01389779  0.00960892  0.01410617  0.00909739  0.01536153  0.01837691  0.00939753  0.00907959  0.01173359  0.01741875  0.01487292  0.00817637  0.01327708  0.00944177  0.01968151  0.00961034  0.01506662  0.01335812  0.00907721  0.00881279  0.01288061
II#2011-03-27   0.00000000  0.00000000  0.00000000  0.00000000  0.00000000  0.00000000  0.00000000  0.00000000  0.00000000  0.00000000  0.00000000  0.00000000  0.00000000  0.00000000  0.00000000  0.00000000  0.00000000  0.00000000  0.00000000  0.00000000  0.00000000
II#2011-04-03   0.00000000  0.00000000  0.00000000  0.00000000  0.00000000  0.00000000  0.00000000  0.00000000  0.00000000  0.00000000  0.00000000  0.00000000  0.00000000  0.00000000  0.00000000  0.00000000  0.00000000  0.00000000  0.00000000  0.00000000  0.00000000
II#2011-04-17   0.00306800  0.00536712  0.00535016  0.00445907  0.00197435  0.00231304  0.00564201  0.00530819  0.00558696  0.00456513  0.00469689  0.00612638  0.00575950  0.00585821  0.00538616  0.00699437  0.00816776  0.00416689  0.00545843  0.00813277  0.00526411
II#2011-04-24   0.00000000  0.00000000  0.00000000  0.00000000  0.00000000  0.00000000  0.00000000  0.00000000  0.00000000  0.00000000  0.00000000  0.00000000  0.00000000  0.00000000  0.00000000  0.00000000  0.00000000  0.00000000  0.00000000  0.00000000  0.00000000
II#2011-05-01   0.00000005  0.00000006  0.00000003  0.00000003  0.00000005  0.00000006  0.00000007  0.00000010  0.00000001  0.00000022  0.00000004  0.00000006  0.00000011  0.00000008  0.00000015  0.00000012  0.00000001  0.00000008  0.00000008  0.00000007  0.00000026
II#2011-05-08   0.00000000  0.00000000  0.00000000  0.00000000  0.00000000  0.00000000  0.00000000  0.00000000  0.00000000  0.00000000  0.00000000  0.00000000  0.00000000  0.00000000  0.00000000  0.00000000  0.00000000  0.00000000  0.00000000  0.00000000  0.00000000
II#2011-05-15   0.00000000  0.00000000  0.00000000  0.00000000  0.00000000  0.00000000  0.00000000  0.00000000  0.00000000  0.00000000  0.00000000  0.00000000  0.00000000  0.00000000  0.00000000  0.00000000  0.00000000  0.00000000  0.00000000  0.00000000  0.00000000
II#2011-05-22   0.00000000  0.00000000  0.00000000  0.00000000  0.00000000  0.00000000  0.00000000  0.00000000  0.00000000  0.00000000  0.00000000  0.00000000  0.00000000  0.00000000  0.00000000  0.00000000  0.00000000  0.00000000  0.00000000  0.00000000  0.00000000
II#2011-06-05   0.00000393  0.00004219  0.00004818  0.00000899  0.00003694  0.00000645  0.00002903  0.00003458  0.00002701  0.00003313  0.00001744  0.00003660  0.00003990  0.00003908  0.00003572  0.00003055  0.00003284  0.00006537  0.00003916  0.00003501  0.00003987
II#2011-07-17   0.00000166  0.00000111  0.00000098  0.00000122  0.00000146  0.00000474  0.00000068  0.00000074  0.00000299  0.00000089  0.00000382  0.00000066  0.00000085  0.00000041  0.00000099  0.00000083  0.00000088  0.00000080  0.00000076  0.00000086  0.00000072
II#2011-08-21   0.00000000  0.00000000  0.00000000  0.00000000  0.00000000  0.00000000  0.00000000  0.00000000  0.00000000  0.00000000  0.00000000  0.00000000  0.00000000  0.00000000  0.00000000  0.00000000  0.00000000  0.00000000  0.00000000  0.00000000  0.00000000
II#2011-10-23   0.00000000  0.00000000  0.00000000  0.00000000  0.00000000  0.00000000  0.00000000  0.00000000  0.00000000  0.00000001  0.00000000  0.00000000  0.00000001  0.00000000  0.00000001  0.00000000  0.00000001  0.00000000  0.00000000  0.00000000  0.00000000
II#2012-01-15   0.00000000  0.00000000  0.00000000  0.00000000  0.00000000  0.00000000  0.00000000  0.00000000  0.00000000  0.00000000  0.00000000  0.00000000  0.00000000  0.00000000  0.00000000  0.00000000  0.00000000  0.00000000  0.00000000  0.00000000  0.00000000
II#2012-01-29   0.00000000  0.00000000  0.00000000  0.00000000  0.00000000  0.00000000  0.00000000  0.00000000  0.00000000  0.00000000  0.00000000  0.00000000  0.00000000  0.00000000  0.00000000  0.00000000  0.00000000  0.00000000  0.00000000  0.00000000  0.00000000
II#2012-02-12   0.00000636  0.00000303  0.00000208  0.00000512  0.00000477  0.00000895  0.00000421  0.00000486  0.00000669  0.00000331  0.00000499  0.00000762  0.00000543  0.00000434  0.00000386  0.00000470  0.00000572  0.00000495  0.00000404  0.00000443  0.00000427
II#2012-07-22   0.00000000  0.00000000  0.00000000  0.00000000  0.00000000  0.00000000  0.00000000  0.00000000  0.00000000  0.00000000  0.00000000  0.00000000  0.00000000  0.00000000  0.00000000  0.00000000  0.00000000  0.00000000  0.00000000  0.00000000  0.00000000
II#2012-07-29   0.00000058  0.00000021  0.00000045  0.00000023  0.00000030  0.00000032  0.00000027  0.00000023  0.00000071  0.00000042  0.00000048  0.00000031  0.00000044  0.00000020  0.00000109  0.00000031  0.00000050  0.00000033  0.00000015  0.00000023  0.00000055
II#2012-08-12   0.00000002  0.00000007  0.00000013  0.00000002  0.00000003  0.00000003  0.00000009  0.00000009  0.00000007  0.00000009  0.00000007  0.00000006  0.00000007  0.00000008  0.00000004  0.00000009  0.00000011  0.00000003  0.00000016  0.00000009  0.00000005
II#2012-12-02   0.00000000  0.00000000  0.00000000  0.00000000  0.00000000  0.00000000  0.00000001  0.00000001  0.00000000  0.00000001  0.00000000  0.00000000  0.00000001  0.00000001  0.00000001  0.00000001  0.00000000  0.00000001  0.00000000  0.00000000  0.00000001
II#2012-12-16   0.00157989  0.00113050  0.00141038  0.00146192  0.00163538  0.00150786  0.00119214  0.00132523  0.00233421  0.00163288  0.00154270  0.00136192  0.00170114  0.00151311  0.00235447  0.00128180  0.00198567  0.00171030  0.00123228  0.00116822  0.00250792
II#2013-01-27   0.00000000  0.00000000  0.00000000  0.00000000  0.00000000  0.00000000  0.00000000  0.00000000  0.00000000  0.00000000  0.00000000  0.00000000  0.00000000  0.00000000  0.00000000  0.00000000  0.00000000  0.00000000  0.00000000  0.00000000  0.00000000
II#2013-02-03   0.00000000  0.00000000  0.00000000  0.00000000  0.00000000  0.00000000  0.00000000  0.00000000  0.00000000  0.00000000  0.00000000  0.00000000  0.00000000  0.00000000  0.00000000  0.00000000  0.00000000  0.00000000  0.00000000  0.00000000  0.00000000
II#2013-02-10   0.00000023  0.00000018  0.00000051  0.00000038  0.00000013  0.00000023  0.00000027  0.00000027  0.00000024  0.00000037  0.00000021  0.00000007  0.00000034  0.00000033  0.00000026  0.00000033  0.00000006  0.00000014  0.00000023  0.00000019  0.00000022
II#2013-03-10   0.00000007  0.00000010  0.00000011  0.00000017  0.00000020  0.00000009  0.00000009  0.00000009  0.00000013  0.00000017  0.00000009  0.00000017  0.00000013  0.00000010  0.00000010  0.00000008  0.00000006  0.00000015  0.00000006  0.00000010  0.00000009
II#2013-07-28   0.00294031  0.00338614  0.00284470  0.00268262  0.00276832  0.00387320  0.00265586  0.00302792  0.00252219  0.00271351  0.00338347  0.00288569  0.00272043  0.00287408  0.00275848  0.00280576  0.00287416  0.00257933  0.00260488  0.00298871  0.00291267
II#2013-09-08   0.00058532  0.00047773  0.00054571  0.00061968  0.00057141  0.00060996  0.00048742  0.00043650  0.00053957  0.00047510  0.00063733  0.00060877  0.00048826  0.00063858  0.00048436  0.00055400  0.00049430  0.00056931  0.00048279  0.00052213  0.00044104
II#2013-09-22   0.00000017  0.00000033  0.00000029  0.00000020  0.00000025  0.00000023  0.00000045  0.00000031  0.00000042  0.00000021  0.00000048  0.00000036  0.00000023  0.00000032  0.00000008  0.00000032  0.00000037  0.00000021  0.00000029  0.00000031  0.00000023
II#2013-10-20   0.00206156  0.00353872  0.00313816  0.00312980  0.00238942  0.00228172  0.00314735  0.00324578  0.00199992  0.00332559  0.00191566  0.00272204  0.00268653  0.00322452  0.00246153  0.00320127  0.00243069  0.00239577  0.00328314  0.00335018  0.00271922
II#2013-11-17   0.00000001  0.00000001  0.00000001  0.00000001  0.00000001  0.00000001  0.00000001  0.00000001  0.00000001  0.00000001  0.00000001  0.00000001  0.00000001  0.00000001  0.00000001  0.00000001  0.00000001  0.00000001  0.00000001  0.00000001  0.00000001
II#2013-12-29   0.00096613  0.00137430  0.00156959  0.00134169  0.00145770  0.00149532  0.00125033  0.00116237  0.00103860  0.00119384  0.00085582  0.00101239  0.00113774  0.00113529  0.00111767  0.00108760  0.00122473  0.00110696  0.00119949  0.00115697  0.00112224
II#2014-03-09   0.00249635  0.00250766  0.00212243  0.00364290  0.00292154  0.00306615  0.00258562  0.00252422  0.00271237  0.00301294  0.00291599  0.00249098  0.00248460  0.00246784  0.00231433  0.00246762  0.00185996  0.00237990  0.00280963  0.00246800  0.00243237
II#2014-11-09   0.00000145  0.00000076  0.00000112  0.00000172  0.00000133  0.00000184  0.00000087  0.00000102  0.00000246  0.00000095  0.00000270  0.00000088  0.00000102  0.00000067  0.00000099  0.00000064  0.00000104  0.00000124  0.00000074  0.00000082  0.00000118
II#2014-11-16   0.00000000  0.00000000  0.00000000  0.00000000  0.00000000  0.00000000  0.00000000  0.00000000  0.00000000  0.00000000  0.00000000  0.00000000  0.00000000  0.00000000  0.00000000  0.00000000  0.00000000  0.00000000  0.00000000  0.00000000  0.00000000
II#2015-01-11   0.00262370  0.00562395  0.00668862  0.00618922  0.00479003  0.00153421  0.00481906  0.00500262  0.00286039  0.00767263  0.00280887  0.00387463  0.00621884  0.00597974  0.00648499  0.00561398  0.00635174  0.00401004  0.00572045  0.00512784  0.00627396
II#2015-02-01   0.00000000  0.00000000  0.00000000  0.00000000  0.00000000  0.00000000  0.00000000  0.00000000  0.00000000  0.00000000  0.00000000  0.00000000  0.00000000  0.00000000  0.00000000  0.00000000  0.00000000  0.00000000  0.00000000  0.00000000  0.00000000
II#2015-02-08   0.00005411  0.00003519  0.00007416  0.00004765  0.00004187  0.00017226  0.00005325  0.00005094  0.00006717  0.00002186  0.00012972  0.00004221  0.00002972  0.00002601  0.00001382  0.00003380  0.00003636  0.00003441  0.00002915  0.00002315  0.00003074
II#2015-02-22   0.00000070  0.00000050  0.00000042  0.00000018  0.00000096  0.00000487  0.00000045  0.00000039  0.00000075  0.00000058  0.00000083  0.00000044  0.00000048  0.00000052  0.00000028  0.00000048  0.00000077  0.00000064  0.00000068  0.00000040  0.00000042
II#2015-04-26   0.00031725  0.00031853  0.00039448  0.00040714  0.00056748  0.00044669  0.00040531  0.00037123  0.00010524  0.00047967  0.00036282  0.00039870  0.00042323  0.00033081  0.00051891  0.00032183  0.00051800  0.00051673  0.00033237  0.00032902  0.00042998
II#2015-05-31   0.01664740  0.01613346  0.01312174  0.01347217  0.02096668  0.02497670  0.01601500  0.01712272  0.01443300  0.01439587  0.01568583  0.01599843           .  0.01733048  0.01687708  0.01688669  0.01491683  0.01716277  0.01557317  0.01805984  0.01918513
II#2015-08-16   0.01967196  0.02352184  0.02318816  0.02908540  0.02170830  0.02079345  0.02514434           .  0.02154052  0.02445927  0.01960683  0.02459844  0.02541244  0.02357713  0.02375802  0.02214636  0.02323058  0.02555479  0.02419973  0.02610449  0.02732440
II#2015-08-23   0.00187351  0.00237559  0.00250728  0.00387774  0.00247960  0.00219198  0.00259110  0.00285915  0.00184421  0.00228955  0.00220943  0.00273523  0.00229743  0.00234541  0.00231120  0.00249758  0.00219097  0.00270213  0.00230628  0.00258637  0.00278253
II#2015-09-06   0.00169095  0.00121823  0.00209298  0.00111957  0.00148525  0.00138013  0.00155451  0.00119247  0.00203814  0.00230771  0.00196885  0.00160196  0.00161172  0.00142143  0.00240823  0.00134124  0.00178754  0.00169225  0.00125886  0.00114771  0.00175391
II#2015-09-13   0.00747383  0.00923411  0.00758775  0.01134214  0.00990107  0.00722209  0.01176545  0.01023821  0.01019994  0.01047399  0.00836508  0.01319217  0.00916307  0.01158175  0.01061674  0.01109941  0.00881532  0.01048941  0.00799687  0.00985597  0.01489137
II#2015-09-27   0.00340446  0.00466513  0.00438811  0.00417786  0.00375300  0.00474736  0.00503954  0.00524268  0.00426326  0.00497067  0.00596135  0.00523487  0.00667001  0.00465631  0.00640217  0.00457477  0.00738348  0.00348926  0.00440550  0.00467185  0.00782329
II#2015-10-04   0.00000000  0.00000000  0.00000000  0.00000000  0.00000000  0.00000000  0.00000000  0.00000000  0.00000000  0.00000000  0.00000000  0.00000000  0.00000000  0.00000000  0.00000000  0.00000000  0.00000000  0.00000000  0.00000000  0.00000000  0.00000000
II#2015-10-11   0.00000000  0.00000000  0.00000000  0.00000000  0.00000000  0.00000000  0.00000000  0.00000000  0.00000000  0.00000000  0.00000000  0.00000000  0.00000000  0.00000000  0.00000000  0.00000000  0.00000000  0.00000000  0.00000000  0.00000000  0.00000000
II#2015-10-25   0.00893257  0.00440429  0.00740434  0.00849817  0.01611465  0.01690449  0.00473288  0.00495364  0.01010690  0.00574072  0.01056117  0.00598743  0.00587662  0.00412187  0.00626707  0.00409123  0.00418701  0.00889506  0.00427621  0.00482699  0.00601723
II#2015-11-01   0.00001053  0.00001134  0.00002410  0.00001966  0.00000276  0.00000200  0.00000965  0.00001570  0.00000648  0.00001045  0.00000648  0.00001067  0.00001303  0.00001751  0.00002693  0.00005299  0.00001045  0.00000690  0.00004018  0.00001105  0.00001533
II#2015-11-08   0.00114056  0.00319102  0.00231566  0.00327053  0.00189335  0.00100632  0.00354125  0.00567198  0.00123286  0.00355684  0.00084134  0.00232213  0.00333518  0.00351874  0.00314823  0.00318459  0.00284620  0.00274637  0.00328230  0.00473913  0.00366837
II#2015-11-15   0.00000012  0.00000014  0.00000029  0.00000005  0.00000004  0.00000004  0.00000010  0.00000020  0.00000004  0.00000051  0.00000005  0.00000010  0.00000037  0.00000013  0.00000054  0.00000011  0.00000031  0.00000012  0.00000032  0.00000021  0.00000052
II#2015-11-22   0.00000000  0.00000000  0.00000000  0.00000000  0.00000000  0.00000000  0.00000000  0.00000000  0.00000000  0.00000000  0.00000000  0.00000000  0.00000000  0.00000000  0.00000000  0.00000000  0.00000000  0.00000000  0.00000000  0.00000000  0.00000000
II#2015-11-29   0.00002466  0.00001884  0.00007636  0.00004407  0.00000478  0.00000499  0.00002713  0.00002873  0.00002745  0.00004162  0.00003754  0.00001212  0.00004769  0.00003653  0.00005543  0.00003073  0.00007848  0.00002181  0.00001774  0.00002711  0.00005343
II#2015-12-06   0.00000000  0.00000000  0.00000000  0.00000000  0.00000000  0.00000000  0.00000000  0.00000000  0.00000000  0.00000000  0.00000000  0.00000000  0.00000000  0.00000000  0.00000000  0.00000000  0.00000000  0.00000000  0.00000000  0.00000000  0.00000000
II#2015-12-13   0.01889017  0.03005669  0.02488905  0.04564842  0.02116345  0.01611490  0.02591172  0.03445129  0.00970842  0.02808904  0.01387343  0.01831364  0.03403408  0.03167016  0.03841949  0.02809729  0.03046129  0.03066686  0.04192898  0.02958477  0.02778944
II#2016-01-10   0.03233522  0.00432435  0.00221077  0.00726652  0.01223188           .  0.00367081  0.00400129  0.03981468  0.00488796  0.04187988  0.00818387  0.00454367  0.00357540  0.00515524  0.00357965  0.00460469  0.01015153  0.00327640  0.00546498  0.00358954
II#2016-01-17   0.00136598  0.00137997  0.00349837  0.00223207  0.00109811  0.00093265  0.00207171  0.00210073  0.00439642  0.00210832  0.00463899  0.00150281  0.00201601  0.00209679  0.00255881  0.00208052  0.00169902  0.00228815  0.00190628  0.00150232  0.00219963
II#2016-02-21   0.00000001  0.00000000  0.00000001  0.00000000  0.00000000  0.00000002  0.00000000  0.00000000  0.00000000  0.00000000  0.00000002  0.00000000  0.00000000  0.00000000  0.00000001  0.00000000  0.00000001  0.00000000  0.00000000  0.00000000  0.00000000
II#2016-04-17   0.00025488  0.00041079  0.00040818  0.00026454  0.00041416  0.00031810  0.00060420  0.00042416  0.00180966  0.00035706  0.00235651  0.00046304  0.00039561  0.00041467  0.00046709  0.00042157  0.00044869  0.00048405  0.00058837  0.00048273  0.00040258
II#2016-04-24   0.00003655  0.00011204  0.00005821  0.00005810  0.00012984  0.00008766  0.00011267  0.00011204  0.00002381  0.00006562  0.00004102  0.00011984  0.00010676  0.00011613  0.00006711  0.00011637  0.00010594  0.00007921  0.00013383  0.00013166  0.00008713
II#2016-05-08   0.04320412  0.03208136  0.03942449  0.03376609           .           .  0.02881544  0.03079087  0.03481207  0.03270920  0.02622641  0.03021954  0.03392265  0.02939407  0.02273313  0.02921999  0.03259185           .  0.02406622  0.02894169  0.02911142
II#2016-05-29   0.00275279  0.00195285  0.00232623  0.00282731  0.00167079  0.00164448  0.00214990  0.00181352  0.00441340  0.00265725  0.00424956  0.00200548  0.00229671  0.00213735  0.00247142  0.00207197  0.00237632  0.00202355  0.00205823  0.00196526  0.00236520
II#2016-07-03   0.00086725  0.00098101  0.00099145  0.00099989  0.00117978  0.00151965  0.00093894  0.00112576  0.00101619  0.00103912  0.00084749  0.00089094  0.00107851  0.00105438  0.00100786  0.00089281  0.00116322  0.00105556  0.00094181  0.00108851  0.00107165
II#2016-08-14   0.01022599  0.01367273  0.01165889  0.00952677  0.01006988  0.00840061  0.01379711  0.00560509  0.00911584  0.01330050  0.00929678  0.01412135  0.01175032  0.01368759  0.01126490  0.01449429  0.01270221  0.01153515  0.01510939  0.01391098  0.01171433
II#2016-08-21   0.00000133  0.00000161  0.00000142  0.00000158  0.00000133  0.00000138  0.00000127  0.00000142  0.00000140  0.00000248  0.00000134  0.00000151  0.00000123  0.00000137  0.00000108  0.00000137  0.00000194  0.00000124  0.00000142  0.00000136  0.00000117
II#2016-08-28   0.00004679  0.00017477  0.00007510  0.00014689  0.00010595  0.00006072  0.00015396  0.00019832  0.00023800  0.00011291  0.00015606  0.00018701  0.00008922  0.00018377  0.00007613  0.00018767  0.00007758  0.00007677  0.00020192  0.00018334  0.00004529
II#2016-09-04   0.00033209  0.00085793  0.00051929  0.00048238  0.00031370  0.00024811  0.00097896  0.00099721  0.00129514  0.00055638  0.00101623  0.00089231  0.00054059  0.00088913  0.00059796  0.00090073  0.00054662  0.00044310  0.00107217  0.00086613  0.00067790
II#2016-09-18   0.00599330  0.00218446  0.00504282  0.00408217  0.00180053  0.00150617  0.00228243  0.00255486  0.00753820  0.00514920  0.00451446  0.00078700  0.00439530  0.00287783           .  0.00247377  0.00162454  0.00391600  0.00193330  0.00290566  0.00488481
II#2016-09-25   0.00102935  0.00226130  0.00164433  0.00084461  0.00182903  0.00163290  0.00291987  0.00216479  0.00126914  0.00221602  0.00124690  0.00193481  0.00219145  0.00193829  0.00074147  0.00282968  0.00186016  0.00162381  0.00427969  0.00239971  0.00160140
II#2016-10-02   0.00000000  0.00000000  0.00000000  0.00000000  0.00000000  0.00000000  0.00000000  0.00000000  0.00000000  0.00000000  0.00000000  0.00000000  0.00000000  0.00000000  0.00000000  0.00000000  0.00000000  0.00000000  0.00000000  0.00000000  0.00000000
II#2016-10-09   0.03910723           .  0.04249076  0.04966930  0.06622513  0.04215171           .           .  0.06622873  0.04684856  0.06830553           .  0.06778664           .  0.03747896           .  0.05180236  0.06503909           .           .  0.06411844
II#2016-10-23   0.00344699  0.00312510  0.00294852  0.00326038  0.00358130  0.00446279  0.00389344  0.00339202  0.00372958  0.00324073  0.00429460  0.00290246  0.00287070  0.00292973  0.00180501  0.00251694  0.00329713  0.00276770  0.00376252  0.00409432  0.00269347
II#2016-12-04   0.00033938  0.00038692  0.00047444  0.00043971  0.00065717  0.00044965  0.00032512  0.00043301  0.00061813  0.00055921  0.00037786  0.00042525  0.00060613  0.00038316  0.00079184  0.00051644  0.00058517  0.00077015  0.00050067  0.00077650  0.00045849
II#2016-12-11   0.00000000  0.00000000  0.00000000  0.00000000  0.00000000  0.00000000  0.00000000  0.00000000  0.00000000  0.00000000  0.00000000  0.00000000  0.00000000  0.00000000  0.00000000  0.00000000  0.00000000  0.00000000  0.00000000  0.00000000  0.00000000
II#2016-12-18   0.00000030  0.00000011  0.00000009  0.00000046  0.00000022  0.00000028  0.00000017  0.00000023  0.00000042  0.00000015  0.00000032  0.00000028  0.00000029  0.00000021  0.00000013  0.00000015  0.00000010  0.00000033  0.00000015  0.00000015  0.00000019
II#2017-01-01   0.00011732  0.00017281  0.00010512  0.00013273  0.00015231  0.00012126  0.00016175  0.00016864  0.00006042  0.00017710  0.00005375  0.00024692  0.00016228  0.00016345  0.00013945  0.00016767  0.00035048  0.00013260  0.00028026  0.00017161  0.00016610
II#2017-01-08   0.00067317  0.00032292  0.00027961  0.00112551  0.00091086  0.00109461  0.00031163  0.00031791  0.00076465  0.00032312  0.00078316  0.00087711  0.00035182  0.00033262  0.00041641  0.00036113  0.00022934  0.00071683  0.00031414  0.00041003  0.00027692
II#2017-01-15   0.00000001  0.00000000  0.00000000  0.00000000  0.00000000  0.00000001  0.00000000  0.00000000  0.00000000  0.00000000  0.00000000  0.00000000  0.00000000  0.00000000  0.00000001  0.00000000  0.00000001  0.00000001  0.00000000  0.00000000  0.00000000
II#2017-01-22   0.00000006  0.00000001  0.00000002  0.00000007  0.00000002  0.00000003  0.00000001  0.00000001  0.00000005  0.00000002  0.00000006  0.00000002  0.00000002  0.00000001  0.00000004  0.00000001  0.00000002  0.00000004  0.00000001  0.00000001  0.00000005
II#2017-02-05   0.00001696  0.00002828  0.00002433  0.00002076  0.00001393  0.00000159  0.00002782  0.00003001  0.00001639  0.00005375  0.00000260  0.00005467  0.00002544  0.00002881  0.00002747  0.00002566  0.00005588  0.00002851  0.00003889  0.00002691  0.00002411
II#2017-02-19   0.06588309           .  0.05470875           .           .           .           .           .  0.06053277           .  0.06291362           .           .           .  0.04908434           .  0.06712150           .           .           .           .
II#2017-03-12   0.00000000  0.00000001  0.00000000  0.00000001  0.00000001  0.00000001  0.00000002  0.00000001  0.00000001  0.00000001  0.00000001  0.00000001  0.00000001  0.00000001  0.00000000  0.00000002  0.00000001  0.00000001  0.00000001  0.00000001  0.00000001
II#2017-03-19   0.00000002  0.00000007  0.00000005  0.00000000  0.00000004  0.00000007  0.00000005  0.00000005  0.00000003  0.00000002  0.00000003  0.00000009  0.00000002  0.00000006  0.00000002  0.00000006  0.00000002  0.00000002  0.00000008  0.00000006  0.00000003
II#2017-03-26   0.00000085  0.00000027  0.00000017  0.00000013  0.00000014  0.00000070  0.00000045  0.00000035  0.00000229  0.00000005  0.00000118  0.00000021  0.00000016  0.00000028  0.00000012  0.00000033  0.00000017  0.00000019  0.00000027  0.00000029  0.00000017
II#2017-04-02   0.00009812  0.00019933  0.00014901  0.00031837  0.00012323  0.00006011  0.00014344  0.00020734  0.00011864  0.00015825  0.00007647  0.00019685  0.00015110  0.00019850  0.00016151  0.00020002  0.00014518  0.00016035  0.00019289  0.00020270  0.00016556
II#2017-04-09   0.00729788  0.00891823  0.00642276  0.01072004  0.00505190  0.00502553  0.00834111  0.00942124  0.01131178  0.00781601  0.01066401  0.00929969  0.00742505  0.00890105  0.00778233  0.00900381  0.00759579  0.00557665  0.01126780  0.00902032  0.00770508
II#2017-04-16   0.00002004  0.00001460  0.00001940  0.00001630  0.00001560  0.00002101  0.00000422  0.00001956  0.00000547  0.00001477  0.00000162  0.00001391  0.00001680  0.00001484  0.00001600  0.00001413  0.00001276  0.00001655  0.00001356  0.00001343  0.00002346
II#2017-04-23   0.00751733  0.00541077  0.00750072  0.00766637  0.00518938  0.00505375  0.00704638  0.00658657           .  0.00661026  0.01106005  0.00711251  0.00603632  0.00705560  0.00954411  0.00623835  0.00616057  0.00822035  0.00583636  0.00659836  0.01086891
II#2017-04-30   0.00005175  0.00003309  0.00008242  0.00007892  0.00002418  0.00001560  0.00003790  0.00005093  0.00009357  0.00006269  0.00006069  0.00009292  0.00005324  0.00005050  0.00026681  0.00002693  0.00011678  0.00004843  0.00002569  0.00004438  0.00009013
II#2017-05-14   0.01162913  0.02106693  0.02478035  0.00759074  0.01498059  0.01488594  0.02253287  0.01954077  0.00965473  0.01401740  0.01296880  0.01322927  0.01970791  0.01699295  0.01035967  0.02068694  0.02259387  0.01109785  0.02370678  0.01996856  0.01245951
II#2017-05-21   0.00529788  0.00316199  0.00261461  0.00287196  0.00494744  0.00654088  0.00516822  0.00317585  0.00754757  0.00276178  0.00607409  0.00363615  0.00449070  0.00413772  0.00131643  0.00354732  0.00202373  0.00355133  0.00311035  0.00343237  0.00323911
II#2017-05-28   0.00000194  0.00000212  0.00000174  0.00000151  0.00000324  0.00000323  0.00000247  0.00000300  0.00000200  0.00000198  0.00000283  0.00000226  0.00000136  0.00000193  0.00000171  0.00000238  0.00000187  0.00000190  0.00000196  0.00000207  0.00000186
II#2017-06-11   0.00068192  0.00197075  0.00190572  0.00197784  0.00105767  0.00052769  0.00222744  0.00260800  0.00065030  0.00194318  0.00096807  0.00201704  0.00249036  0.00195264  0.00260573  0.00250335  0.00231788  0.00221640  0.00212811  0.00205597  0.00303162
II#2017-06-18   0.00000003  0.00000006  0.00000003  0.00000002  0.00000004  0.00000005  0.00000006  0.00000006  0.00000007  0.00000006  0.00000006  0.00000010  0.00000003  0.00000007  0.00000002  0.00000008  0.00000001  0.00000003  0.00000006  0.00000007  0.00000004
II#2017-06-25   0.00000000  0.00000000  0.00000000  0.00000000  0.00000000  0.00000000  0.00000000  0.00000000  0.00000000  0.00000000  0.00000000  0.00000000  0.00000000  0.00000000  0.00000000  0.00000000  0.00000000  0.00000000  0.00000000  0.00000000  0.00000000
II#2017-07-02   0.00003292  0.00007660  0.00006304  0.00010978  0.00003958  0.00004529  0.00008535  0.00008586  0.00004026  0.00008491  0.00008265  0.00008420  0.00008223  0.00009145  0.00009903  0.00009438  0.00008562  0.00008659  0.00009131  0.00005502  0.00007990
II#2017-07-09   0.00000000  0.00000000  0.00000000  0.00000000  0.00000000  0.00000000  0.00000000  0.00000000  0.00000000  0.00000000  0.00000000  0.00000000  0.00000000  0.00000000  0.00000000  0.00000000  0.00000000  0.00000000  0.00000000  0.00000000  0.00000000
II#2017-07-16   0.00000000  0.00000000  0.00000000  0.00000000  0.00000000  0.00000000  0.00000000  0.00000000  0.00000000  0.00000000  0.00000000  0.00000000  0.00000000  0.00000000  0.00000000  0.00000000  0.00000000  0.00000000  0.00000000  0.00000000  0.00000000
II#2017-07-23   0.00000000  0.00000000  0.00000000  0.00000000  0.00000000  0.00000000  0.00000000  0.00000000  0.00000000  0.00000000  0.00000000  0.00000000  0.00000000  0.00000000  0.00000000  0.00000000  0.00000000  0.00000000  0.00000000  0.00000000  0.00000000
II#2017-07-30   0.00000000  0.00000000  0.00000000  0.00000000  0.00000000  0.00000000  0.00000000  0.00000000  0.00000000  0.00000000  0.00000000  0.00000000  0.00000000  0.00000000  0.00000000  0.00000000  0.00000000  0.00000000  0.00000000  0.00000000  0.00000000
II#2017-08-06   0.00051742  0.00021803  0.00145753  0.00019042  0.00037340  0.00035715  0.00024698  0.00025284  0.00104041  0.00051702  0.00118480  0.00005790  0.00053924  0.00022740  0.00075875  0.00025727  0.00021090  0.00025591  0.00013210  0.00043736  0.00023716
II#2017-08-13   0.00000000  0.00000000  0.00000000  0.00000000  0.00000000  0.00000000  0.00000000  0.00000000  0.00000000  0.00000000  0.00000000  0.00000000  0.00000000  0.00000000  0.00000000  0.00000000  0.00000000  0.00000000  0.00000000  0.00000000  0.00000000
II#2017-08-27   0.00000000  0.00000000  0.00000000  0.00000000  0.00000000  0.00000000  0.00000000  0.00000000  0.00000000  0.00000000  0.00000000  0.00000000  0.00000000  0.00000000  0.00000000  0.00000000  0.00000000  0.00000000  0.00000000  0.00000000  0.00000000
II#2017-09-03   0.00000000  0.00000001  0.00000002  0.00000001  0.00000000  0.00000000  0.00000000  0.00000002  0.00000000  0.00000002  0.00000000  0.00000001  0.00000002  0.00000002  0.00000003  0.00000002  0.00000001  0.00000001  0.00000002  0.00000001  0.00000005
II#2017-09-10   0.00000102  0.00000003  0.00000088  0.00000072  0.00000052  0.00000084  0.00000016  0.00000018  0.00000079  0.00000085  0.00000087  0.00000024  0.00000035  0.00000018  0.00000178  0.00000015  0.00000078  0.00000076  0.00000013  0.00000017  0.00000063
II#2017-09-17   0.00000000  0.00000000  0.00000000  0.00000000  0.00000000  0.00000000  0.00000000  0.00000000  0.00000000  0.00000000  0.00000000  0.00000000  0.00000000  0.00000000  0.00000000  0.00000000  0.00000000  0.00000000  0.00000000  0.00000000  0.00000000
II#2017-09-24   0.00000000  0.00000000  0.00000000  0.00000000  0.00000000  0.00000000  0.00000000  0.00000000  0.00000000  0.00000000  0.00000000  0.00000000  0.00000000  0.00000000  0.00000000  0.00000000  0.00000000  0.00000000  0.00000000  0.00000000  0.00000000
II#2017-10-01   0.00747921  0.00934486  0.01682885  0.01331886  0.00807910  0.00453476  0.00826115  0.01052366  0.02674724  0.00933602  0.03197563  0.00889274  0.01223803  0.01048435  0.02083094  0.01182785  0.01392512  0.01361585  0.01148482  0.00892163  0.01953141
II#2017-10-15   0.00713590  0.00468335  0.00346184  0.00257626  0.00495730  0.00336196  0.00495885  0.00518499  0.00835372  0.00709416  0.00713551  0.00937376  0.00448054  0.00478295  0.00607210  0.00419447  0.00524871  0.00627367  0.00397805  0.00384473  0.00446141
II#2017-10-29   0.00001041  0.00002010  0.00004231  0.00001487  0.00001080  0.00001031  0.00002342  0.00002990  0.00000517  0.00004365  0.00000517  0.00001534  0.00004620  0.00003266  0.00003237  0.00000806  0.00008649  0.00002044  0.00002223  0.00001254  0.00002047
II#2017-11-05   0.00000000  0.00000000  0.00000000  0.00000000  0.00000000  0.00000000  0.00000000  0.00000000  0.00000000  0.00000000  0.00000000  0.00000000  0.00000000  0.00000000  0.00000000  0.00000000  0.00000000  0.00000000  0.00000000  0.00000000  0.00000000
II#2017-11-12   0.00000000  0.00000000  0.00000000  0.00000000  0.00000000  0.00000000  0.00000000  0.00000000  0.00000000  0.00000000  0.00000000  0.00000000  0.00000000  0.00000000  0.00000000  0.00000000  0.00000000  0.00000000  0.00000000  0.00000000  0.00000000
II#2017-12-03   0.00046109  0.00085451  0.00064626  0.00099034  0.00047420  0.00043063  0.00151410  0.00093820  0.00068302  0.00066065  0.00071510  0.00075894  0.00103665  0.00093340  0.00061831  0.00143502  0.00032187  0.00074658  0.00062885  0.00057219  0.00127791
II#2017-12-10   0.00000000  0.00000000  0.00000000  0.00000000  0.00000000  0.00000000  0.00000000  0.00000000  0.00000000  0.00000000  0.00000000  0.00000000  0.00000000  0.00000000  0.00000000  0.00000000  0.00000000  0.00000000  0.00000000  0.00000000  0.00000000
II#2017-12-17   0.00000007  0.00000003  0.00000010  0.00000015  0.00000004  0.00000007  0.00000002  0.00000004  0.00000004  0.00000006  0.00000004  0.00000003  0.00000010  0.00000007  0.00000011  0.00000004  0.00000014  0.00000002  0.00000001  0.00000004  0.00000009
II#2017-12-24   0.00000000  0.00000000  0.00000000  0.00000000  0.00000000  0.00000000  0.00000000  0.00000000  0.00000000  0.00000000  0.00000000  0.00000000  0.00000000  0.00000000  0.00000000  0.00000000  0.00000000  0.00000000  0.00000000  0.00000000  0.00000000
II#2017-12-31   0.00240510  0.00086372  0.00136809  0.00099454  0.00208846  0.00189952  0.00094387  0.00113098  0.00257311  0.00121000  0.00208865  0.00135412  0.00124741  0.00086404  0.00172229  0.00095291  0.00082455  0.00129528  0.00056012  0.00107815  0.00081360
II#2018-01-07   0.00000001  0.00000000  0.00000000  0.00000003  0.00000002  0.00000002  0.00000000  0.00000000  0.00000000  0.00000000  0.00000000  0.00000002  0.00000000  0.00000000  0.00000000  0.00000000  0.00000001  0.00000001  0.00000000  0.00000000  0.00000000
II#2018-01-21   0.00000000  0.00000000  0.00000000  0.00000000  0.00000000  0.00000000  0.00000000  0.00000000  0.00000000  0.00000000  0.00000000  0.00000000  0.00000000  0.00000000  0.00000000  0.00000000  0.00000000  0.00000000  0.00000000  0.00000000  0.00000000
II#2018-02-04   0.00000476  0.00000654  0.00000373  0.00003171  0.00000337  0.00000061  0.00000823  0.00000787  0.00000256  0.00000917  0.00000030  0.00001746  0.00000767  0.00000973  0.00000317  0.00000595  0.00003074  0.00000653  0.00000607  0.00000538  0.00001298
II#2018-02-18   0.00003932  0.00005507  0.00017031  0.00006176  0.00002305  0.00002050  0.00006838  0.00007475  0.00003388  0.00005686  0.00002857  0.00004375  0.00006011  0.00006887  0.00011044  0.00008673  0.00011252  0.00004565  0.00006433  0.00011146  0.00004657
II#2018-02-25   0.00000000  0.00000000  0.00000000  0.00000000  0.00000000  0.00000000  0.00000000  0.00000000  0.00000000  0.00000000  0.00000000  0.00000000  0.00000000  0.00000000  0.00000000  0.00000000  0.00000000  0.00000000  0.00000000  0.00000000  0.00000000
II#2018-03-04   0.00502973  0.00434728  0.00438088  0.00559444  0.00607917  0.00920864  0.00621049  0.00559785  0.00436162  0.00597390  0.00666984  0.00511962  0.00534050  0.00529260  0.00487041  0.00573259  0.00579152  0.00814862  0.00625841  0.00589583  0.00644177
II#2018-03-25   0.00476300  0.00299649  0.00474742  0.00578158  0.00488263  0.00507436  0.00357346  0.00352879  0.00620255           .  0.00547739  0.00405029  0.00455913  0.00305205  0.00608851  0.00290492  0.00231485  0.00490159  0.00244574  0.00316683  0.00589378
II#2018-04-15   0.00000000  0.00000000  0.00000000  0.00000000  0.00000000  0.00000000  0.00000000  0.00000000  0.00000000  0.00000000  0.00000000  0.00000000  0.00000000  0.00000000  0.00000000  0.00000000  0.00000000  0.00000000  0.00000000  0.00000000  0.00000000
II#2018-05-06   0.01265409  0.02361956  0.01291711  0.00896352  0.01116272  0.00962046  0.01957586  0.02346188  0.01073824  0.01197353  0.01180029  0.01847484  0.01677370  0.02032814  0.01222247  0.02955095  0.03559216  0.01228954           .  0.02354991  0.01543087
II#2018-05-13   0.00000000  0.00000000  0.00000000  0.00000000  0.00000000  0.00000000  0.00000000  0.00000000  0.00000000  0.00000000  0.00000000  0.00000000  0.00000000  0.00000000  0.00000000  0.00000000  0.00000000  0.00000000  0.00000000  0.00000000  0.00000000
II#2018-05-20   0.00882773  0.00417780  0.01479579  0.00583830  0.01501753  0.01966473  0.00417076  0.00423358  0.00914551  0.02005072  0.00978961  0.00321633  0.01299770  0.00486726  0.02185386  0.00399634  0.00544950  0.01028450  0.00207786  0.00447717  0.01186166
II#2018-06-03   0.00000000  0.00000000  0.00000000  0.00000000  0.00000000  0.00000000  0.00000000  0.00000000  0.00000000  0.00000000  0.00000000  0.00000000  0.00000000  0.00000000  0.00000000  0.00000000  0.00000000  0.00000000  0.00000000  0.00000000  0.00000000
II#2018-06-10   0.00000000  0.00000000  0.00000000  0.00000000  0.00000000  0.00000000  0.00000000  0.00000000  0.00000000  0.00000000  0.00000000  0.00000000  0.00000000  0.00000000  0.00000000  0.00000000  0.00000000  0.00000000  0.00000000  0.00000000  0.00000000
II#2018-06-17   0.00023450  0.00058075  0.00056871  0.00071995  0.00071705  0.00049246  0.00053811  0.00051649  0.00049482  0.00053606  0.00039793  0.00050356  0.00057600  0.00050346  0.00063822  0.00051823  0.00046799  0.00089080  0.00051957  0.00057175  0.00049420
II#2018-06-24   0.03362361  0.02167013  0.01910929           .  0.03669021  0.05233202  0.02055775  0.02108976  0.01837199  0.04137548  0.02257872  0.02435514  0.03382300  0.02331679  0.02087872  0.02081619  0.00194140  0.03111965  0.01247386  0.02201764  0.02939321
II#2018-07-01   0.00000000  0.00000000  0.00000000  0.00000000  0.00000000  0.00000000  0.00000000  0.00000000  0.00000000  0.00000000  0.00000000  0.00000000  0.00000000  0.00000000  0.00000000  0.00000000  0.00000000  0.00000000  0.00000000  0.00000000  0.00000000
II#2018-07-15   0.02340569  0.04991575  0.01591342  0.04993896           .           .  0.03812600  0.03631262  0.01792162  0.04067330  0.02233184  0.03877319  0.04660270  0.03672086  0.01020203  0.03781229  0.03275922  0.05010691  0.04285262  0.03711478  0.02998053
II#2018-07-22   0.00085300  0.00240678  0.00263533  0.00005940  0.00065792  0.00047934  0.00289009  0.00314715  0.00116924  0.00107476  0.00111985  0.00333871  0.00120598  0.00299469  0.00134697  0.00296615  0.00173111  0.00120520  0.00292043  0.00314511  0.00071077
II#2018-08-19   0.00000035  0.00000032  0.00000049  0.00000038  0.00000040  0.00000067  0.00000028  0.00000035  0.00000023  0.00000087  0.00000023  0.00000017  0.00000076  0.00000031  0.00000091  0.00000036  0.00000076  0.00000026  0.00000040  0.00000041  0.00000048
II#2018-08-26   0.00000000  0.00000000  0.00000000  0.00000000  0.00000000  0.00000000  0.00000000  0.00000000  0.00000000  0.00000000  0.00000000  0.00000000  0.00000000  0.00000000  0.00000000  0.00000000  0.00000000  0.00000000  0.00000000  0.00000000  0.00000000
II#2018-09-02   0.00000000  0.00000000  0.00000000  0.00000000  0.00000000  0.00000000  0.00000000  0.00000000  0.00000000  0.00000000  0.00000000  0.00000000  0.00000000  0.00000000  0.00000000  0.00000000  0.00000000  0.00000000  0.00000000  0.00000000  0.00000000
II#2018-09-09   0.00001069  0.00001197  0.00000675  0.00000983  0.00003232  0.00002507  0.00001155  0.00000949  0.00002059  0.00001442  0.00000818  0.00003635  0.00001498  0.00001563  0.00001419  0.00001109  0.00002648  0.00001319  0.00000630  0.00001197  0.00001909
II#2018-09-16   0.00000000  0.00000000  0.00000000  0.00000000  0.00000000  0.00000000  0.00000000  0.00000000  0.00000000  0.00000000  0.00000000  0.00000000  0.00000000  0.00000000  0.00000000  0.00000000  0.00000000  0.00000000  0.00000000  0.00000000  0.00000000
II#2018-09-23   0.00000000  0.00000000  0.00000000  0.00000000  0.00000000  0.00000000  0.00000000  0.00000000  0.00000000  0.00000000  0.00000000  0.00000000  0.00000000  0.00000000  0.00000000  0.00000000  0.00000000  0.00000000  0.00000000  0.00000000  0.00000000
II#2018-09-30   0.00000000  0.00000000  0.00000000  0.00000000  0.00000000  0.00000000  0.00000000  0.00000000  0.00000000  0.00000000  0.00000000  0.00000000  0.00000000  0.00000000  0.00000000  0.00000000  0.00000000  0.00000000  0.00000000  0.00000000  0.00000000
II#2018-10-14   0.00000205  0.00000743  0.00002400  0.00001950  0.00001784  0.00000307  0.00000487  0.00000520  0.00000413  0.00000471  0.00000892  0.00000590  0.00000725  0.00000454  0.00000949  0.00000464  0.00000830  0.00000722  0.00000510  0.00000527  0.00000851
II#2018-10-28   0.00123598  0.00226168  0.00275656  0.00278236  0.00164063  0.00081881  0.00242347  0.00307603  0.00100260  0.00348611  0.00086735  0.00398857  0.00248905  0.00241184  0.00294059  0.00668507  0.00533437  0.00253170  0.00333636  0.00210420  0.00562513
II#2018-11-04   0.00000000  0.00000000  0.00000000  0.00000000  0.00000000  0.00000000  0.00000000  0.00000000  0.00000000  0.00000000  0.00000000  0.00000000  0.00000000  0.00000000  0.00000000  0.00000000  0.00000000  0.00000000  0.00000000  0.00000000  0.00000000
II#2018-11-11   0.00000000  0.00000000  0.00000000  0.00000000  0.00000000  0.00000000  0.00000000  0.00000000  0.00000000  0.00000000  0.00000000  0.00000000  0.00000000  0.00000000  0.00000000  0.00000000  0.00000000  0.00000000  0.00000000  0.00000000  0.00000000
II#2018-11-18   0.00000001  0.00000001  0.00000001  0.00000003  0.00000005  0.00000003  0.00000001  0.00000001  0.00000002  0.00000003  0.00000001  0.00000001  0.00000001  0.00000001  0.00000001  0.00000001  0.00000001  0.00000001  0.00000001  0.00000001  0.00000001
II#2018-12-02   0.00000080  0.00000070  0.00000108  0.00000210  0.00000242  0.00000734  0.00000039  0.00000043  0.00000056  0.00000047  0.00000140  0.00000045  0.00000045  0.00000033  0.00000043  0.00000037  0.00000020  0.00000075  0.00000023  0.00000015  0.00000032
II#2018-12-09   0.00002620  0.00006421  0.00013221  0.00002540  0.00005267  0.00002590  0.00003951  0.00003599  0.00002237  0.00004312  0.00004758  0.00004005  0.00004158  0.00004009  0.00011484  0.00003485  0.00002600  0.00002758  0.00002818  0.00003806  0.00004033
II#2018-12-16   0.00000000  0.00000000  0.00000000  0.00000000  0.00000000  0.00000000  0.00000000  0.00000000  0.00000000  0.00000000  0.00000000  0.00000000  0.00000000  0.00000000  0.00000000  0.00000000  0.00000000  0.00000000  0.00000000  0.00000000  0.00000000
II#2018-12-30   0.00049689  0.00006151  0.00005298  0.00007534  0.00008281  0.00059719  0.00007680  0.00006715  0.00081784  0.00004189  0.00045332  0.00006582  0.00005111  0.00006104  0.00003163  0.00005885  0.00007037  0.00008997  0.00006354  0.00006318  0.00004153
k                      264         255         256         256         256         257         255         255         259         256         258         256         256         255         256         255         257         256         255         255         256
parameters            1158        1131        1134        1134        1134        1137        1131        1131        1143        1134        1140        1134        1134        1131        1134        1131        1137        1134        1131        1131        1134
loglik              10363.      10297.      10301.      10299.      10301.      10305.      10295.      10295.      10311.      10299.      10307.      10302.      10301.      10296.      10298.      10296.      10303.      10301.      10295.      10295.      10299.
AIC                -25.749     -25.638     -25.643     -25.637     -25.643     -25.644     -25.633     -25.633     -25.644     -25.636     -25.643     -25.644     -25.643     -25.635     -25.634     -25.637     -25.639     -25.642     -25.633     -25.635     -25.635
HQ                 -22.889     -22.845     -22.842     -22.836     -22.843     -22.837     -22.840     -22.840     -22.822     -22.835     -22.827     -22.844     -22.843     -22.842     -22.833     -22.844     -22.831     -22.841     -22.840     -22.842     -22.835
SC                 -18.344     -18.405     -18.391     -18.385     -18.392     -18.374     -18.401     -18.400     -18.335     -18.384     -18.353     -18.392     -18.391     -18.403     -18.382     -18.405     -18.368     -18.390     -18.400     -18.402     -18.384
                               =======

p-values of diagnostic checks for model validity
          Initial GUM     cut-off   Final GUM     cut-off Final model
AR(7)         0.05529     0.01000     0.09883     0.01000     0.13709
Normality     0.00000     0.00000     0.00000     0.00000     0.00000
Hetero        1.00000     0.01000     1.00000     0.01000     1.00000
Chow(70%)     1.00000     0.01000     1.00000     0.01000     1.00000

*** Warning: Final model failed 1 diagnostic test(s)

The final model has 26 insignificant coefficients:
Joint significance  LRF(78) [0.0000] LRF_GUM0(315) [0.0000]
II#2006-02-12       Failed backtest against GUM0
II#2006-03-12       Failed backtest against GUM0
II#2006-05-28       Failed backtest against GUM0
II#2006-11-26       Failed backtest against GUM0
II#2006-12-17       Failed backtest against GUM0
II#2007-02-18       Failed backtest against GUM0
II#2007-02-25       Failed backtest against GUM0
II#2007-04-01       Failed backtest against GUM0
II#2007-04-29       Failed backtest against GUM0
II#2007-05-20       Failed backtest against GUM0
II#2007-06-10       Failed backtest against GUM0
II#2007-07-01       Failed backtest against GUM0
II#2007-08-12       Failed backtest against GUM0
II#2007-09-30       Failed backtest against GUM0
II#2007-11-11       Failed backtest against GUM0
II#2008-02-17       Failed backtest against GUM0
II#2008-07-20       Failed backtest against GUM0
II#2015-05-31       Failed backtest against GUM0
II#2015-08-16       Failed backtest against GUM0
II#2015-12-13       Failed backtest against GUM0
II#2016-05-08       Failed backtest against GUM0
II#2016-08-14       Failed backtest against GUM0
II#2017-05-14       Failed backtest against GUM0
II#2018-05-06       Failed backtest against GUM0
II#2018-06-24       Failed backtest against GUM0
II#2018-07-15       Failed backtest against GUM0

Summary of Autometrics search
initial search space    2^334  final search space      2^264
no. estimated models     1863  no. terminal models        20
test form                LR-F  target size        Small:0.01
large residuals            no  presearch reduction      lags
backtesting              GUM0  tie-breaker                SC
diagnostics p-value      0.01  search effort        standard
time               2:01:49.53  Autometrics version       2.3

*** Warning: regressors are linearly dependent (numerically or exact - some coefficients set to zero)

SYS( 2) Estimating the system by OLS
        The dataset is: ../export/database for ox/db_oil_withSesonal.in7
        The estimation sample is: 2005-04-24 - 2018-12-30

URF equation for: D_R_5_ETANOL_HIDRATADO
                             Coefficient  Std.Error  t-value  t-prob
D_R_5_ETANOL_HIDRATADO_1      -0.0957553    0.01699    -5.63  0.0000
D_R_5_ETANOL_HIDRATADO_2       0.0122977    0.01932    0.637  0.5248
D_R_5_ETANOL_HIDRATADO_3      -0.0203203    0.01799    -1.13  0.2596
D_R_5_ETANOL_HIDRATADO_4      -0.0178702    0.01606    -1.11  0.2666
D_R_5_ETANOL_HIDRATADO_5       0.0150295    0.01576    0.954  0.3410
D_R_5_ETANOL_HIDRATADO_6      -0.0303201    0.01662    -1.82  0.0690
D_R_5_ETANOL_HIDRATADO_7       0.0206273    0.01693     1.22  0.2239
D_R_5_ETANOL_HIDRATADO_8      -0.0270832    0.01384    -1.96  0.0511
D_R_5_OLEO_DIESEL_1           0.00197841    0.04945   0.0400  0.9681
D_R_5_OLEO_DIESEL_2           -0.0374372    0.04499   -0.832  0.4059
D_R_5_OLEO_DIESEL_3            -0.117102    0.04778    -2.45  0.0148
D_R_5_OLEO_DIESEL_4            -0.144023    0.04542    -3.17  0.0017
D_R_5_OLEO_DIESEL_5           -0.0307308    0.04288   -0.717  0.4741
D_R_5_OLEO_DIESEL_6           0.00253270    0.04682   0.0541  0.9569
D_R_5_OLEO_DIESEL_7            -0.131283    0.03744    -3.51  0.0005
D_R_5_OLEO_DIESEL_8            0.0354050    0.03625    0.977  0.3294
D_R_5_GASOLINA_COMUM_1          0.103507    0.04306     2.40  0.0168
D_R_5_GASOLINA_COMUM_2         0.0660547    0.03578     1.85  0.0658
D_R_5_GASOLINA_COMUM_3         0.0988004    0.03718     2.66  0.0083
D_R_5_GASOLINA_COMUM_4          0.197482    0.04051     4.87  0.0000
D_R_5_GASOLINA_COMUM_5         -0.105608    0.03620    -2.92  0.0038
D_R_5_GASOLINA_COMUM_6         0.0993194    0.03359     2.96  0.0033
D_R_5_GASOLINA_COMUM_7         0.0116262    0.03605    0.323  0.7472
D_R_5_GASOLINA_COMUM_8          0.114370    0.03378     3.39  0.0008
II#2005-05-08                 -0.0200874   0.005313    -3.78  0.0002
II#2005-05-15                 0.00912521   0.005122     1.78  0.0757
II#2005-05-29                 0.00141552   0.005149    0.275  0.7835
II#2005-06-05                -0.00738683   0.005065    -1.46  0.1457
II#2005-06-26                 0.00537664   0.004740     1.13  0.2575
II#2005-07-17                 0.00176914   0.004661    0.380  0.7045
II#2005-08-14                 0.00232042   0.004500    0.516  0.6065
II#2005-08-21                -0.00917458   0.004654    -1.97  0.0495
II#2005-08-28                -0.00661564   0.004781    -1.38  0.1674
II#2005-09-04                -0.00726290   0.004813    -1.51  0.1322
II#2005-09-11                 -0.0210830   0.007329    -2.88  0.0043
II#2005-09-18                 -0.0216389   0.006969    -3.11  0.0021
II#2005-09-25                 -0.0145793   0.006048    -2.41  0.0165
II#2005-10-02                  0.0239153   0.006493     3.68  0.0003
II#2005-10-16                 -0.0277565   0.006229    -4.46  0.0000
II#2005-10-23                   0.166922   0.006416     26.0  0.0000
II#2005-10-30                 -0.0702301   0.006942    -10.1  0.0000
II#2005-11-06                 -0.0255450   0.006824    -3.74  0.0002
II#2005-11-13                 -0.0168496   0.005617    -3.00  0.0029
II#2005-11-20                 -0.0231035   0.005530    -4.18  0.0000
II#2005-12-04                  0.0201492   0.005660     3.56  0.0004
II#2005-12-11                 -0.0347159   0.005502    -6.31  0.0000
II#2006-01-08                  0.0335901   0.004672     7.19  0.0000
II#2006-01-15                  0.0188777   0.004646     4.06  0.0001
II#2006-02-12                  0.0125059   0.004606     2.71  0.0070
II#2006-02-19                 -0.0195679   0.004745    -4.12  0.0000
II#2006-02-26                  0.0165331   0.004767     3.47  0.0006
II#2006-03-05                 -0.0385514   0.004916    -7.84  0.0000
II#2006-03-12                  0.0125218   0.004821     2.60  0.0098
II#2006-03-19                  0.0634613   0.004920     12.9  0.0000
II#2006-03-26                  0.0688897   0.004933     14.0  0.0000
II#2006-04-02                 -0.0376255   0.005122    -7.35  0.0000
II#2006-04-09                  0.0777104   0.005135     15.1  0.0000
II#2006-04-16                  0.0578102   0.005191     11.1  0.0000
II#2006-05-14                  -0.138674   0.005271    -26.3  0.0000
II#2006-05-28                 0.00718531   0.005642     1.27  0.2037
II#2006-06-04                 -0.0215546   0.005463    -3.95  0.0001
II#2006-08-27                 0.00219398   0.004650    0.472  0.6373
II#2006-09-24                0.000505588   0.004514    0.112  0.9109
II#2006-10-01                -0.00179668   0.004554   -0.394  0.6935
II#2006-10-08                 -0.0431825   0.004559    -9.47  0.0000
II#2006-10-15                 -0.0298402   0.004636    -6.44  0.0000
II#2006-10-29                 -0.0559218   0.004808    -11.6  0.0000
II#2006-11-12                  0.0305635   0.004768     6.41  0.0000
II#2006-11-26                 -0.0100717   0.004801    -2.10  0.0367
II#2006-12-17                  0.0119453   0.004594     2.60  0.0097
II#2006-12-31                 -0.0170883   0.004472    -3.82  0.0002
II#2007-01-07                 -0.0202476   0.004532    -4.47  0.0000
II#2007-01-14                  0.0350046   0.004594     7.62  0.0000
II#2007-02-18                -0.00465791   0.004972   -0.937  0.3495
II#2007-02-25                -0.00978583   0.004808    -2.04  0.0426
II#2007-03-04                -0.00265446   0.004786   -0.555  0.5795
II#2007-04-01                 0.00906451   0.004685     1.93  0.0539
II#2007-04-08                -0.00926286   0.004706    -1.97  0.0499
II#2007-04-15                 0.00422252   0.004597    0.918  0.3590
II#2007-04-29                  0.0115618   0.004731     2.44  0.0150
II#2007-05-06                  0.0120180   0.004706     2.55  0.0111
II#2007-05-20                 0.00910094   0.004551     2.00  0.0463
II#2007-06-03                  0.0140980   0.004540     3.11  0.0021
II#2007-06-10                  0.0106249   0.004571     2.32  0.0207
II#2007-06-17                -0.00977725   0.004458    -2.19  0.0290
II#2007-06-24                 -0.0465801   0.004598    -10.1  0.0000
II#2007-07-01                 0.00719806   0.004665     1.54  0.1238
II#2007-07-08                 -0.0993465   0.004715    -21.1  0.0000
II#2007-07-22                  0.0653102   0.005034     13.0  0.0000
II#2007-07-29                  0.0508626   0.005113     9.95  0.0000
II#2007-08-12                  0.0141744   0.005222     2.71  0.0070
II#2007-08-19                -0.00858130   0.005251    -1.63  0.1031
II#2007-08-26                 -0.0120051   0.005257    -2.28  0.0230
II#2007-09-02                  0.0234583   0.005103     4.60  0.0000
II#2007-09-09                 -0.0160896   0.004930    -3.26  0.0012
II#2007-09-16                  0.0181199   0.004972     3.64  0.0003
II#2007-09-23                 -0.0503956   0.004733    -10.6  0.0000
II#2007-09-30                  0.0142575   0.004720     3.02  0.0027
II#2007-10-07                 -0.0243614   0.004659    -5.23  0.0000
II#2007-10-14                  0.0102806   0.004669     2.20  0.0284
II#2007-10-21                 -0.0205838   0.004640    -4.44  0.0000
II#2007-11-11                  0.0132525   0.004721     2.81  0.0053
II#2007-11-18                 -0.0319473   0.004799    -6.66  0.0000
II#2007-11-25                  0.0212901   0.004928     4.32  0.0000
II#2007-12-02                 -0.0195543   0.004728    -4.14  0.0000
II#2007-12-09                  0.0563756   0.004758     11.8  0.0000
II#2007-12-23                 0.00798097   0.004929     1.62  0.1063
II#2008-01-20                -0.00680098   0.004785    -1.42  0.1562
II#2008-02-10                 0.00372928   0.004596    0.811  0.4177
II#2008-02-17               -0.000449324   0.004741  -0.0948  0.9246
II#2008-03-16                 -0.0212349   0.004950    -4.29  0.0000
II#2008-03-23                  0.0542686   0.005005     10.8  0.0000
II#2008-04-06                 -0.0151509   0.005265    -2.88  0.0043
II#2008-04-27                 0.00256888   0.005217    0.492  0.6228
II#2008-05-04                 -0.0254480   0.006648    -3.83  0.0002
II#2008-06-22                 -0.0135113   0.005781    -2.34  0.0200
II#2008-07-20                  0.0126820   0.004548     2.79  0.0056
II#2008-07-27                  0.0118026   0.004520     2.61  0.0094
II#2008-08-10                -0.00595392   0.004508    -1.32  0.1874
II#2008-09-21                -0.00658397   0.004804    -1.37  0.1715
II#2009-04-26                 0.00423844   0.004607    0.920  0.3582
II#2009-05-17                -0.00791259   0.004597    -1.72  0.0861
II#2009-08-16                -0.00307433   0.004638   -0.663  0.5078
II#2009-08-23                 0.00116782   0.004750    0.246  0.8059
II#2009-08-30                 0.00131479   0.004685    0.281  0.7792
II#2009-10-18                  0.0304352   0.004618     6.59  0.0000
II#2009-10-25                -0.00270540   0.005320   -0.509  0.6114
II#2009-11-08                -0.00702805   0.005261    -1.34  0.1825
II#2010-01-17                  0.0183233   0.004673     3.92  0.0001
II#2010-02-21                -0.00797362   0.004641    -1.72  0.0867
II#2010-10-24                 0.00281786   0.004705    0.599  0.5497
II#2011-03-27                   0.127202   0.004947     25.7  0.0000
II#2011-04-03                 0.00628872   0.005376     1.17  0.2429
II#2011-04-17                 -0.0165567   0.005785    -2.86  0.0045
II#2011-04-24                  0.0177141   0.005663     3.13  0.0019
II#2011-05-01                 -0.0372816   0.006016    -6.20  0.0000
II#2011-05-08                  0.0273191   0.005823     4.69  0.0000
II#2011-05-15                 -0.0456974   0.006343    -7.20  0.0000
II#2011-05-22                 0.00820297   0.006389     1.28  0.2000
II#2011-06-05                -0.00786209   0.005773    -1.36  0.1741
II#2011-07-17                -0.00354576   0.004750   -0.746  0.4559
II#2011-08-21                 -0.0439421   0.004541    -9.68  0.0000
II#2011-10-23                  0.0207573   0.004663     4.45  0.0000
II#2012-01-15                 -0.0464078   0.004560    -10.2  0.0000
II#2012-01-29                  0.0404535   0.004503     8.98  0.0000
II#2012-02-12                  0.0232731   0.004730     4.92  0.0000
II#2012-07-22                 0.00215770   0.004551    0.474  0.6357
II#2012-07-29                 -0.0250727   0.004596    -5.46  0.0000
II#2012-08-12                  0.0202287   0.004591     4.41  0.0000
II#2012-12-02                 -0.0286100   0.004382    -6.53  0.0000
II#2012-12-16                 -0.0173354   0.004446    -3.90  0.0001
II#2013-01-27                 -0.0282588   0.004420    -6.39  0.0000
II#2013-02-03                  0.0326979   0.005384     6.07  0.0000
II#2013-02-10                  0.0298720   0.005511     5.42  0.0000
II#2013-03-10                 -0.0122872   0.005228    -2.35  0.0193
II#2013-07-28               -0.000887943   0.004395   -0.202  0.8400
II#2013-09-08                 0.00824933   0.004531     1.82  0.0695
II#2013-09-22                -0.00387144   0.004524   -0.856  0.3928
II#2013-10-20                 0.00138324   0.004657    0.297  0.7666
II#2013-11-17                  0.0196963   0.004591     4.29  0.0000
II#2013-12-29                 0.00158216   0.004706    0.336  0.7369
II#2014-03-09                -0.00282846   0.004433   -0.638  0.5239
II#2014-11-09                  0.0137189   0.004534     3.03  0.0027
II#2014-11-16                  0.0196180   0.004708     4.17  0.0000
II#2015-01-11                 0.00323558   0.004661    0.694  0.4881
II#2015-02-01                  0.0267441   0.005585     4.79  0.0000
II#2015-02-08                 0.00702484   0.006024     1.17  0.2444
II#2015-02-22                  0.0102543   0.005308     1.93  0.0542
II#2015-04-26               -3.93757e-05   0.004539 -0.00868  0.9931
II#2015-05-31                 -0.0142917   0.004480    -3.19  0.0016
II#2015-08-16                 -0.0114238   0.004511    -2.53  0.0118
II#2015-08-23                 -0.0118850   0.004426    -2.69  0.0076
II#2015-09-06                  0.0187172   0.004638     4.04  0.0001
II#2015-09-13                 -0.0158322   0.004663    -3.40  0.0008
II#2015-09-27                 -0.0142444   0.004670    -3.05  0.0025
II#2015-10-04                  0.0106558   0.005634     1.89  0.0594
II#2015-10-11                  0.0177638   0.005555     3.20  0.0015
II#2015-10-25                -0.00505199   0.005377   -0.940  0.3481
II#2015-11-01                  0.0261137   0.005248     4.98  0.0000
II#2015-11-08                 -0.0132338   0.005488    -2.41  0.0164
II#2015-11-15                 -0.0326662   0.005460    -5.98  0.0000
II#2015-11-22                  0.0584932   0.005380     10.9  0.0000
II#2015-11-29                  0.0239407   0.005492     4.36  0.0000
II#2015-12-06                  0.0528011   0.004898     10.8  0.0000
II#2015-12-13                  0.0147202   0.004888     3.01  0.0028
II#2016-01-10                -0.00403020   0.004977   -0.810  0.4187
II#2016-01-17                 0.00428058   0.004884    0.876  0.3814
II#2016-02-21                 -0.0125236   0.004734    -2.65  0.0085
II#2016-04-17                -0.00440562   0.004643   -0.949  0.3434
II#2016-04-24                  0.0116832   0.004648     2.51  0.0124
II#2016-05-08                 0.00445488   0.004611    0.966  0.3346
II#2016-05-29                -0.00432808   0.004643   -0.932  0.3520
II#2016-07-03                 0.00585136   0.004497     1.30  0.1941
II#2016-08-14                 0.00109384   0.004616    0.237  0.8128
II#2016-08-21                 0.00547911   0.004613     1.19  0.2358
II#2016-08-28                 0.00202167   0.004578    0.442  0.6591
II#2016-09-04                -0.00440613   0.004655   -0.946  0.3446
II#2016-09-18                 -0.0156553   0.004701    -3.33  0.0010
II#2016-09-25                 -0.0174777   0.004659    -3.75  0.0002
II#2016-10-02                  0.0295571   0.004725     6.26  0.0000
II#2016-10-23                 -0.0174246   0.004696    -3.71  0.0002
II#2016-12-04                  0.0183659   0.004701     3.91  0.0001
II#2016-12-11                 -0.0195900   0.004730    -4.14  0.0000
II#2016-12-18                  0.0264136   0.004698     5.62  0.0000
II#2017-01-01                 0.00313145   0.004669    0.671  0.5029
II#2017-01-08                -0.00985969   0.004812    -2.05  0.0412
II#2017-01-15                -0.00440876   0.004617   -0.955  0.3404
II#2017-01-22                  0.0134451   0.004820     2.79  0.0056
II#2017-02-05                 0.00943771   0.004859     1.94  0.0529
II#2017-03-12                 -0.0287425   0.004631    -6.21  0.0000
II#2017-03-19                  0.0154982   0.004561     3.40  0.0008
II#2017-03-26                  0.0108127   0.004684     2.31  0.0216
II#2017-04-02                -0.00650349   0.004645    -1.40  0.1624
II#2017-04-09                 0.00240107   0.004653    0.516  0.6062
II#2017-04-16                 -0.0118588   0.004704    -2.52  0.0122
II#2017-04-23                  0.0107985   0.004739     2.28  0.0233
II#2017-04-30                 -0.0230571   0.004726    -4.88  0.0000
II#2017-05-14                  0.0142063   0.004700     3.02  0.0027
II#2017-05-21                 -0.0170224   0.004690    -3.63  0.0003
II#2017-05-28                -0.00476035   0.004642    -1.03  0.3058
II#2017-06-11                 -0.0135444   0.004607    -2.94  0.0035
II#2017-06-18                  0.0138510   0.004561     3.04  0.0026
II#2017-06-25                0.000594417   0.004666    0.127  0.8987
II#2017-07-02                 0.00685585   0.004994     1.37  0.1707
II#2017-07-09                -0.00308682   0.004940   -0.625  0.5325
II#2017-07-16                -0.00122434   0.005111   -0.240  0.8108
II#2017-07-23                 -0.0177008   0.006579    -2.69  0.0075
II#2017-07-30                  0.0838858   0.007317     11.5  0.0000
II#2017-08-06                  0.0206566   0.006496     3.18  0.0016
II#2017-08-13                  -0.117237   0.006773    -17.3  0.0000
II#2017-08-27                  0.0525137   0.006793     7.73  0.0000
II#2017-09-03                 -0.0414737   0.007007    -5.92  0.0000
II#2017-09-10                 -0.0179623   0.007047    -2.55  0.0112
II#2017-09-17                 -0.0456387   0.007224    -6.32  0.0000
II#2017-09-24                  0.0492816   0.005973     8.25  0.0000
II#2017-10-01                 0.00822809   0.005782     1.42  0.1556
II#2017-10-15                  0.0141932   0.005517     2.57  0.0105
II#2017-10-29                 -0.0211658   0.005467    -3.87  0.0001
II#2017-11-05                  0.0276781   0.005065     5.46  0.0000
II#2017-11-12                -0.00205127   0.005333   -0.385  0.7007
II#2017-12-03                 -0.0201411   0.004948    -4.07  0.0001
II#2017-12-10                 -0.0140038   0.005002    -2.80  0.0054
II#2017-12-17                  0.0312245   0.004977     6.27  0.0000
II#2017-12-24                 -0.0297774   0.005082    -5.86  0.0000
II#2017-12-31                  0.0213761   0.005268     4.06  0.0001
II#2018-01-07                 -0.0251577   0.005175    -4.86  0.0000
II#2018-01-21                 -0.0156617   0.004927    -3.18  0.0016
II#2018-02-04                  0.0212985   0.005138     4.15  0.0000
II#2018-02-18                 -0.0153467   0.004811    -3.19  0.0016
II#2018-02-25                  0.0153019   0.004519     3.39  0.0008
II#2018-03-04                  0.0127411   0.004565     2.79  0.0056
II#2018-03-25                  0.0129811   0.004632     2.80  0.0054
II#2018-04-15                 0.00866848   0.004571     1.90  0.0588
II#2018-05-06                  0.0131780   0.005006     2.63  0.0089
II#2018-05-13                 -0.0109284   0.005120    -2.13  0.0335
II#2018-05-20                 -0.0144033   0.006108    -2.36  0.0189
II#2018-06-03                  0.0235619   0.007220     3.26  0.0012
II#2018-06-10                  0.0139090   0.006968     2.00  0.0467
II#2018-06-17                 0.00752267   0.007192     1.05  0.2963
II#2018-06-24                  0.0133934   0.007400     1.81  0.0712
II#2018-07-01                 -0.0128695   0.007145    -1.80  0.0726
II#2018-07-15                -0.00745316   0.007223    -1.03  0.3029
II#2018-07-22                  0.0121596   0.006982     1.74  0.0825
II#2018-08-19                  0.0218059   0.004734     4.61  0.0000
II#2018-08-26                 -0.0518177   0.004725    -11.0  0.0000
II#2018-09-02                  0.0320785   0.005158     6.22  0.0000
II#2018-09-09                 -0.0297009   0.006159    -4.82  0.0000
II#2018-09-16                  0.0137584   0.005579     2.47  0.0142
II#2018-09-23                -0.00452371   0.005862   -0.772  0.4408
II#2018-09-30                  0.0623730   0.005749     10.8  0.0000
II#2018-10-14                 0.00230363   0.006218    0.370  0.7113
II#2018-10-28                  0.0203824   0.005649     3.61  0.0004
II#2018-11-04                 -0.0495030   0.005325    -9.30  0.0000
II#2018-11-11                  0.0108884   0.005224     2.08  0.0379
II#2018-11-18                 0.00681090   0.005158     1.32  0.1876
II#2018-12-02                 0.00186273   0.005070    0.367  0.7136
II#2018-12-09                  0.0137176   0.005154     2.66  0.0081
II#2018-12-16                 -0.0254312   0.004968    -5.12  0.0000
II#2018-12-30                 0.00456843   0.004983    0.917  0.3599
D_star_ETANOL_HIDRATADO  U     0.0531249    0.03094     1.72  0.0869
D_star_ETANOL_HIDRATADO_1U     0.0937301    0.03299     2.84  0.0048
D_star_ETANOL_HIDRATADO_2U    0.00505782    0.03182    0.159  0.8738
D_star_ETANOL_HIDRATADO_3U     0.0190765    0.03173    0.601  0.5481
D_star_ETANOL_HIDRATADO_4U     -0.110378    0.03181    -3.47  0.0006
D_star_ETANOL_HIDRATADO_5U     0.0986769    0.03179     3.10  0.0021
D_star_ETANOL_HIDRATADO_6U     0.0752730    0.03109     2.42  0.0160
D_star_ETANOL_HIDRATADO_7U     0.0675598    0.02903     2.33  0.0205
D_star_ETANOL_HIDRATADO_8U    -0.0570739    0.02977    -1.92  0.0561
D_star_OLEO_DIESEL       U      0.271588    0.06097     4.45  0.0000
D_star_OLEO_DIESEL_1     U    -0.0288853    0.04702   -0.614  0.5394
D_star_OLEO_DIESEL_2     U   -0.00365964    0.04594  -0.0797  0.9365
D_star_OLEO_DIESEL_3     U    -0.0766331    0.04546    -1.69  0.0928
D_star_OLEO_DIESEL_4     U     0.0738184    0.04591     1.61  0.1088
D_star_OLEO_DIESEL_5     U     0.0892023    0.04480     1.99  0.0473
D_star_OLEO_DIESEL_6     U    0.00975692    0.04330    0.225  0.8219
D_star_OLEO_DIESEL_7     U      0.167766    0.05251     3.19  0.0015
D_star_OLEO_DIESEL_8     U     -0.108982    0.03995    -2.73  0.0067
D_star_GASOLINA_COMUM    U     -0.126856    0.05632    -2.25  0.0249
D_star_GASOLINA_COMUM_1  U    -0.0165471    0.06063   -0.273  0.7851
D_star_GASOLINA_COMUM_2  U    -0.0875154    0.05187    -1.69  0.0925
D_star_GASOLINA_COMUM_3  U     0.0312372    0.05432    0.575  0.5657
D_star_GASOLINA_COMUM_4  U    -0.0406517    0.04843   -0.839  0.4019
D_star_GASOLINA_COMUM_5  U     -0.173171    0.04916    -3.52  0.0005
D_star_GASOLINA_COMUM_6  U    -0.0187954    0.05042   -0.373  0.7095
D_star_GASOLINA_COMUM_7  U    -0.0978714    0.05185    -1.89  0.0600
D_star_GASOLINA_COMUM_8  U    0.00566429    0.04991    0.113  0.9097
betaZ_1                  U      0.000000        ---
D_brent                  U    -0.0102370   0.006785    -1.51  0.1323
D_brent_1                U     0.0103140   0.007325     1.41  0.1601
D_brent_2                U   -0.00347619   0.006996   -0.497  0.6196
D_brent_3                U   -0.00222968   0.006811   -0.327  0.7436
D_brent_4                U   -0.00404910   0.007088   -0.571  0.5682
D_brent_5                U    0.00296840   0.006963    0.426  0.6701
D_brent_6                U   -0.00168953   0.007161   -0.236  0.8136
D_brent_7                U    0.00871206   0.006783     1.28  0.1999
D_brent_8                U   -0.00963945   0.006643    -1.45  0.1477
D_lnCambio               U    -0.0201482    0.01350    -1.49  0.1365
D_lnCambio_1             U     0.0331188    0.01359     2.44  0.0154
D_lnCambio_2             U    -0.0194962    0.01338    -1.46  0.1460
D_lnCambio_3             U   0.000821360    0.01367   0.0601  0.9521
D_lnCambio_4             U    -0.0264422    0.01371    -1.93  0.0546
D_lnCambio_5             U     0.0267227    0.01381     1.93  0.0539
D_lnCambio_6             U    -0.0172501    0.01398    -1.23  0.2182
D_lnCambio_7             U     0.0218878    0.01343     1.63  0.1040
D_lnCambio_8             U     0.0120134    0.01348    0.891  0.3736
Constant                 U   0.000392410  0.0002119     1.85  0.0650
CSeasonal                U    0.00231236   0.002377    0.973  0.3314
CSeasonal_1              U    0.00227091   0.002129     1.07  0.2870
CSeasonal_2              U    0.00381793   0.002030     1.88  0.0609
CSeasonal_3              U   0.000383724   0.002342    0.164  0.8699
CSeasonal_4              U    0.00454584   0.002267     2.01  0.0457
CSeasonal_5              U   0.000878591   0.002142    0.410  0.6819
CSeasonal_6              U    0.00518277   0.002175     2.38  0.0177
CSeasonal_7              U    0.00310770   0.002220     1.40  0.1625
CSeasonal_8              U    0.00290452   0.002198     1.32  0.1873
CSeasonal_9              U    0.00223984   0.002198     1.02  0.3089
CSeasonal_10             U    0.00717270   0.002095     3.42  0.0007
CSeasonal_11             U    0.00445944   0.002198     2.03  0.0433
CSeasonal_12             U    0.00404908   0.002141     1.89  0.0594
CSeasonal_13             U   0.000977852   0.002092    0.468  0.6404
CSeasonal_14             U   0.000658270   0.002118    0.311  0.7562
CSeasonal_15             U   0.000221630   0.002142    0.103  0.9177
CSeasonal_16             U    0.00183029   0.002201    0.832  0.4062
CSeasonal_17             U    0.00352892   0.002103     1.68  0.0943
CSeasonal_18             U   0.000504227   0.002150    0.234  0.8148
CSeasonal_19             U    0.00270587   0.002159     1.25  0.2110
CSeasonal_20             U   0.000574706   0.002371    0.242  0.8086
CSeasonal_21             U   0.000963008   0.002239    0.430  0.6673
CSeasonal_22             U   4.75807e-05   0.002143   0.0222  0.9823
CSeasonal_23             U    0.00434412   0.002298     1.89  0.0595
CSeasonal_24             U    0.00263053   0.002292     1.15  0.2519
CSeasonal_25             U    0.00218004   0.002331    0.935  0.3503
CSeasonal_26             U    0.00124651   0.002199    0.567  0.5712
CSeasonal_27             U   -0.00223888   0.002286   -0.979  0.3280
CSeasonal_28             U   0.000490041   0.002150    0.228  0.8199
CSeasonal_29             U    0.00216533   0.002448    0.885  0.3770
CSeasonal_30             U   0.000683476   0.002062    0.331  0.7405
CSeasonal_31             U   0.000935543   0.002334    0.401  0.6888
CSeasonal_32             U    0.00523903   0.002296     2.28  0.0231
CSeasonal_33             U   -0.00690610   0.002457    -2.81  0.0052
CSeasonal_34             U   0.000636273   0.002117    0.301  0.7639
CSeasonal_35             U    0.00836921   0.002162     3.87  0.0001
CSeasonal_36             U   0.000667176   0.002242    0.298  0.7662
CSeasonal_37             U    0.00107372   0.002199    0.488  0.6256
CSeasonal_38             U    0.00689658   0.002117     3.26  0.0012
CSeasonal_39             U    0.00194924   0.002133    0.914  0.3615
CSeasonal_40             U   0.000380161   0.002183    0.174  0.8619
CSeasonal_41             U    0.00461834   0.002374     1.95  0.0526
CSeasonal_42             U    0.00150978   0.002025    0.746  0.4565
CSeasonal_43             U    0.00259385   0.002167     1.20  0.2322
CSeasonal_44             U    0.00114410   0.002159    0.530  0.5965
CSeasonal_45             U   0.000529371   0.002566    0.206  0.8367
CSeasonal_46             U    0.00762550   0.002178     3.50  0.0005
CSeasonal_47             U    0.00350705   0.002242     1.56  0.1187
CSeasonal_48             U    0.00145196   0.002119    0.685  0.4937
CSeasonal_49             U    0.00599838   0.002260     2.65  0.0083
CSeasonal_50             U    0.00173437   0.002143    0.809  0.4190

sigma = 0.00405719   RSS = 0.005563753621

URF equation for: D_R_5_OLEO_DIESEL
                             Coefficient  Std.Error  t-value  t-prob
D_R_5_ETANOL_HIDRATADO_1      -0.0100749    0.01069   -0.942  0.3466
D_R_5_ETANOL_HIDRATADO_2       0.0165326    0.01215     1.36  0.1745
D_R_5_ETANOL_HIDRATADO_3      0.00168518    0.01132    0.149  0.8817
D_R_5_ETANOL_HIDRATADO_4     -0.00457078    0.01010   -0.453  0.6512
D_R_5_ETANOL_HIDRATADO_5      0.00689486   0.009914    0.695  0.4872
D_R_5_ETANOL_HIDRATADO_6      0.00827602    0.01045    0.792  0.4291
D_R_5_ETANOL_HIDRATADO_7      0.00965122    0.01065    0.906  0.3654
D_R_5_ETANOL_HIDRATADO_8      -0.0101275   0.008703    -1.16  0.2454
D_R_5_OLEO_DIESEL_1            -0.238012    0.03111    -7.65  0.0000
D_R_5_OLEO_DIESEL_2            -0.115191    0.02830    -4.07  0.0001
D_R_5_OLEO_DIESEL_3            0.0282373    0.03006    0.939  0.3482
D_R_5_OLEO_DIESEL_4           -0.0914248    0.02857    -3.20  0.0015
D_R_5_OLEO_DIESEL_5            0.0637388    0.02697     2.36  0.0187
D_R_5_OLEO_DIESEL_6            0.0390947    0.02945     1.33  0.1852
D_R_5_OLEO_DIESEL_7            0.0132518    0.02355    0.563  0.5740
D_R_5_OLEO_DIESEL_8          0.000948377    0.02280   0.0416  0.9668
D_R_5_GASOLINA_COMUM_1         0.0582116    0.02709     2.15  0.0323
D_R_5_GASOLINA_COMUM_2        -0.0247407    0.02251    -1.10  0.2725
D_R_5_GASOLINA_COMUM_3        0.00297012    0.02339    0.127  0.8990
D_R_5_GASOLINA_COMUM_4         0.0895182    0.02548     3.51  0.0005
D_R_5_GASOLINA_COMUM_5         0.0509241    0.02277     2.24  0.0260
D_R_5_GASOLINA_COMUM_6         0.0362629    0.02113     1.72  0.0871
D_R_5_GASOLINA_COMUM_7         0.0267145    0.02267     1.18  0.2395
D_R_5_GASOLINA_COMUM_8         0.0179881    0.02125    0.847  0.3978
II#2005-05-08                -0.00430114   0.003342    -1.29  0.1990
II#2005-05-15                -0.00550140   0.003222    -1.71  0.0886
II#2005-05-29                  0.0202385   0.003239     6.25  0.0000
II#2005-06-05                  0.0259712   0.003186     8.15  0.0000
II#2005-06-26                  0.0120686   0.002982     4.05  0.0001
II#2005-07-17                 -0.0113780   0.002932    -3.88  0.0001
II#2005-08-14                -0.00330850   0.002831    -1.17  0.2433
II#2005-08-21                -0.00317671   0.002927    -1.09  0.2786
II#2005-08-28                -0.00243259   0.003008   -0.809  0.4192
II#2005-09-04                  0.0138218   0.003027     4.57  0.0000
II#2005-09-11                  0.0648949   0.004610     14.1  0.0000
II#2005-09-18                  0.0105144   0.004384     2.40  0.0170
II#2005-09-25                 0.00911376   0.003805     2.40  0.0171
II#2005-10-02                -0.00611098   0.004084    -1.50  0.1355
II#2005-10-16                -0.00841636   0.003918    -2.15  0.0324
II#2005-10-23                  0.0142222   0.004036     3.52  0.0005
II#2005-10-30                 0.00709091   0.004367     1.62  0.1054
II#2005-11-06                -0.00121596   0.004292   -0.283  0.7771
II#2005-11-13                 -0.0128386   0.003533    -3.63  0.0003
II#2005-11-20                -0.00343210   0.003479   -0.987  0.3245
II#2005-12-04                -0.00248245   0.003560   -0.697  0.4861
II#2005-12-11                -0.00261594   0.003461   -0.756  0.4502
II#2006-01-08                -0.00204792   0.002939   -0.697  0.4864
II#2006-01-15                 0.00379525   0.002922     1.30  0.1949
II#2006-02-12                 0.00266370   0.002897    0.919  0.3586
II#2006-02-19                0.000202449   0.002985   0.0678  0.9460
II#2006-02-26                 0.00637969   0.002999     2.13  0.0341
II#2006-03-05                -0.00589673   0.003092    -1.91  0.0574
II#2006-03-12                -0.00293854   0.003033   -0.969  0.3333
II#2006-03-19               -0.000785143   0.003095   -0.254  0.7999
II#2006-03-26                 0.00316591   0.003103     1.02  0.3083
II#2006-04-02                -0.00260463   0.003222   -0.808  0.4194
II#2006-04-09                 0.00653108   0.003230     2.02  0.0440
II#2006-04-16                -0.00170116   0.003265   -0.521  0.6027
II#2006-05-14                -0.00546615   0.003315    -1.65  0.1001
II#2006-05-28                0.000102026   0.003549   0.0288  0.9771
II#2006-06-04                -0.00502754   0.003436    -1.46  0.1444
II#2006-08-27                -0.00591552   0.002925    -2.02  0.0439
II#2006-09-24                -0.00518821   0.002839    -1.83  0.0685
II#2006-10-01                 0.00311363   0.002865     1.09  0.2779
II#2006-10-08                -0.00345841   0.002868    -1.21  0.2287
II#2006-10-15                -0.00216028   0.002916   -0.741  0.4593
II#2006-10-29                -0.00297261   0.003024   -0.983  0.3263
II#2006-11-12                 0.00492847   0.002999     1.64  0.1012
II#2006-11-26                 0.00355110   0.003020     1.18  0.2405
II#2006-12-17                0.000630388   0.002890    0.218  0.8275
II#2006-12-31               -0.000422657   0.002813   -0.150  0.8806
II#2007-01-07                 0.00129955   0.002851    0.456  0.6488
II#2007-01-14                0.000852112   0.002889    0.295  0.7682
II#2007-02-18                -0.00324417   0.003128    -1.04  0.3004
II#2007-02-25                 0.00291397   0.003024    0.964  0.3359
II#2007-03-04               -0.000985711   0.003011   -0.327  0.7436
II#2007-04-01                -0.00299587   0.002947    -1.02  0.3101
II#2007-04-08                -0.00101980   0.002960   -0.344  0.7307
II#2007-04-15                -0.00297797   0.002892    -1.03  0.3038
II#2007-04-29                 0.00592941   0.002976     1.99  0.0471
II#2007-05-06               -0.000730528   0.002960   -0.247  0.8052
II#2007-05-20                 0.00244971   0.002863    0.856  0.3927
II#2007-06-03                 0.00431650   0.002856     1.51  0.1316
II#2007-06-10                -0.00577146   0.002875    -2.01  0.0455
II#2007-06-17                 -0.0121507   0.002804    -4.33  0.0000
II#2007-06-24                 0.00743560   0.002892     2.57  0.0106
II#2007-07-01                 0.00246880   0.002934    0.841  0.4007
II#2007-07-08                -0.00230064   0.002966   -0.776  0.4384
II#2007-07-22                  0.0138746   0.003166     4.38  0.0000
II#2007-07-29                -0.00707337   0.003216    -2.20  0.0285
II#2007-08-12                 0.00412924   0.003285     1.26  0.2096
II#2007-08-19                 0.00690019   0.003303     2.09  0.0374
II#2007-08-26                -0.00434390   0.003307    -1.31  0.1899
II#2007-09-02               -0.000486276   0.003210   -0.151  0.8797
II#2007-09-09                -0.00207959   0.003101   -0.671  0.5029
II#2007-09-16               -3.73412e-05   0.003128  -0.0119  0.9905
II#2007-09-23                -0.00193620   0.002977   -0.650  0.5159
II#2007-09-30                -0.00289956   0.002969   -0.977  0.3294
II#2007-10-07                -0.00183568   0.002931   -0.626  0.5315
II#2007-10-14                 -0.0129342   0.002937    -4.40  0.0000
II#2007-10-21                -0.00512168   0.002919    -1.75  0.0802
II#2007-11-11                 0.00143669   0.002970    0.484  0.6288
II#2007-11-18                -0.00168041   0.003019   -0.557  0.5781
II#2007-11-25                 0.00613830   0.003100     1.98  0.0485
II#2007-12-02                -0.00242025   0.002974   -0.814  0.4164
II#2007-12-09                 0.00102162   0.002993    0.341  0.7330
II#2007-12-23                -0.00270784   0.003100   -0.873  0.3831
II#2008-01-20                  0.0106190   0.003010     3.53  0.0005
II#2008-02-10                 -0.0113460   0.002891    -3.92  0.0001
II#2008-02-17                 0.00432202   0.002982     1.45  0.1482
II#2008-03-16                 0.00608348   0.003113     1.95  0.0515
II#2008-03-23                 0.00756547   0.003148     2.40  0.0168
II#2008-04-06                  0.0115361   0.003312     3.48  0.0006
II#2008-04-27                  0.0104520   0.003282     3.18  0.0016
II#2008-05-04                  0.0247744   0.004182     5.92  0.0000
II#2008-06-22                 0.00728886   0.003636     2.00  0.0458
II#2008-07-20                 0.00170165   0.002860    0.595  0.5523
II#2008-07-27                  0.0105153   0.002843     3.70  0.0003
II#2008-08-10                  0.0117057   0.002835     4.13  0.0000
II#2008-09-21                 0.00194468   0.003022    0.643  0.5203
II#2009-04-26                  0.0121150   0.002898     4.18  0.0000
II#2009-05-17                -0.00928020   0.002892    -3.21  0.0015
II#2009-08-16                 -0.0103767   0.002917    -3.56  0.0004
II#2009-08-23                 -0.0111897   0.002988    -3.75  0.0002
II#2009-08-30                -0.00540334   0.002947    -1.83  0.0676
II#2009-10-18                  0.0184273   0.002905     6.34  0.0000
II#2009-10-25                 -0.0295614   0.003346    -8.83  0.0000
II#2009-11-08                  0.0327448   0.003310     9.89  0.0000
II#2010-01-17               -0.000453223   0.002940   -0.154  0.8776
II#2010-02-21                 0.00213784   0.002920    0.732  0.4645
II#2010-10-24                -0.00928732   0.002960    -3.14  0.0019
II#2011-03-27                -0.00170642   0.003112   -0.548  0.5838
II#2011-04-03                 0.00127572   0.003382    0.377  0.7062
II#2011-04-17                -0.00861038   0.003639    -2.37  0.0185
II#2011-04-24                 0.00115764   0.003562    0.325  0.7454
II#2011-05-01                -0.00247329   0.003784   -0.654  0.5138
II#2011-05-08                -0.00222731   0.003663   -0.608  0.5436
II#2011-05-15                 -0.0108841   0.003990    -2.73  0.0067
II#2011-05-22                  0.0115763   0.004019     2.88  0.0042
II#2011-06-05                 -0.0148487   0.003631    -4.09  0.0001
II#2011-07-17               -0.000286112   0.002988  -0.0958  0.9238
II#2011-08-21                0.000494482   0.002856    0.173  0.8627
II#2011-10-23                -0.00306974   0.002933    -1.05  0.2960
II#2012-01-15                 0.00485824   0.002869     1.69  0.0913
II#2012-01-29                -0.00117474   0.002833   -0.415  0.6786
II#2012-02-12                 0.00238568   0.002975    0.802  0.4232
II#2012-07-22                  0.0188588   0.002862     6.59  0.0000
II#2012-07-29                 0.00604938   0.002891     2.09  0.0371
II#2012-08-12                -0.00379872   0.002888    -1.32  0.1892
II#2012-12-02                -0.00459021   0.002756    -1.67  0.0968
II#2012-12-16               -0.000751721   0.002796   -0.269  0.7882
II#2013-01-27                 0.00371889   0.002780     1.34  0.1819
II#2013-02-03                  0.0252231   0.003387     7.45  0.0000
II#2013-02-10                0.000887938   0.003467    0.256  0.7980
II#2013-03-10                  0.0177073   0.003289     5.38  0.0000
II#2013-07-28                 0.00694715   0.002765     2.51  0.0124
II#2013-09-08                 0.00742285   0.002850     2.60  0.0096
II#2013-09-22                 -0.0164080   0.002846    -5.77  0.0000
II#2013-10-20                 0.00898328   0.002929     3.07  0.0023
II#2013-11-17                  0.0129263   0.002888     4.48  0.0000
II#2013-12-29                 0.00958135   0.002960     3.24  0.0013
II#2014-03-09                 0.00992882   0.002788     3.56  0.0004
II#2014-11-09                  0.0139341   0.002852     4.89  0.0000
II#2014-11-16                  0.0224398   0.002962     7.58  0.0000
II#2015-01-11                  0.0103047   0.002932     3.51  0.0005
II#2015-02-01                  0.0206610   0.003513     5.88  0.0000
II#2015-02-08                  0.0162272   0.003789     4.28  0.0000
II#2015-02-22                -0.00664666   0.003339    -1.99  0.0473
II#2015-04-26                 -0.0122903   0.002855    -4.30  0.0000
II#2015-05-31                0.000582412   0.002818    0.207  0.8364
II#2015-08-16                -0.00515341   0.002837    -1.82  0.0702
II#2015-08-23                -0.00735461   0.002784    -2.64  0.0086
II#2015-09-06                0.000392087   0.002918    0.134  0.8932
II#2015-09-13                -0.00175559   0.002933   -0.599  0.5499
II#2015-09-27                0.000688656   0.002938    0.234  0.8148
II#2015-10-04                  0.0171227   0.003544     4.83  0.0000
II#2015-10-11                0.000772402   0.003494    0.221  0.8252
II#2015-10-25                 -0.0107202   0.003382    -3.17  0.0017
II#2015-11-01                0.000260367   0.003301   0.0789  0.9372
II#2015-11-08                 -0.0101595   0.003452    -2.94  0.0035
II#2015-11-15                 0.00120772   0.003435    0.352  0.7253
II#2015-11-22                 0.00714057   0.003384     2.11  0.0356
II#2015-11-29                -0.00787561   0.003454    -2.28  0.0232
II#2015-12-06                 0.00313430   0.003081     1.02  0.3098
II#2015-12-13                0.000919343   0.003075    0.299  0.7651
II#2016-01-10                 0.00179384   0.003131    0.573  0.5671
II#2016-01-17                -0.00546476   0.003072    -1.78  0.0762
II#2016-02-21                  0.0118731   0.002978     3.99  0.0001
II#2016-04-17                 0.00963885   0.002921     3.30  0.0011
II#2016-04-24                 -0.0102036   0.002924    -3.49  0.0005
II#2016-05-08                 0.00374567   0.002900     1.29  0.1974
II#2016-05-29                 -0.0106937   0.002921    -3.66  0.0003
II#2016-07-03                 0.00148953   0.002829    0.527  0.5989
II#2016-08-14                 0.00955235   0.002904     3.29  0.0011
II#2016-08-21                 -0.0155272   0.002902    -5.35  0.0000
II#2016-08-28                  0.0117967   0.002880     4.10  0.0001
II#2016-09-04                 -0.0108513   0.002928    -3.71  0.0002
II#2016-09-18                 0.00432669   0.002957     1.46  0.1443
II#2016-09-25                0.000744071   0.002931    0.254  0.7997
II#2016-10-02                -0.00663921   0.002972    -2.23  0.0261
II#2016-10-23                -0.00257521   0.002954   -0.872  0.3839
II#2016-12-04                 0.00153321   0.002957    0.518  0.6045
II#2016-12-11                  0.0255561   0.002975     8.59  0.0000
II#2016-12-18                 0.00785526   0.002955     2.66  0.0082
II#2017-01-01                 -0.0124338   0.002937    -4.23  0.0000
II#2017-01-08                  0.0105213   0.003027     3.48  0.0006
II#2017-01-15                  0.0157866   0.002904     5.44  0.0000
II#2017-01-22               -0.000303385   0.003032   -0.100  0.9203
II#2017-02-05                 -0.0134708   0.003056    -4.41  0.0000
II#2017-03-12                -0.00743338   0.002913    -2.55  0.0112
II#2017-03-19                 -0.0130658   0.002869    -4.55  0.0000
II#2017-03-26                  0.0164642   0.002947     5.59  0.0000
II#2017-04-02                 -0.0123492   0.002922    -4.23  0.0000
II#2017-04-09                 0.00898642   0.002927     3.07  0.0023
II#2017-04-16                 -0.0112684   0.002959    -3.81  0.0002
II#2017-04-23                 0.00456802   0.002981     1.53  0.1264
II#2017-04-30                -0.00181952   0.002973   -0.612  0.5409
II#2017-05-14                -0.00197156   0.002956   -0.667  0.5053
II#2017-05-21                -0.00342699   0.002950    -1.16  0.2462
II#2017-05-28                 -0.0155432   0.002920    -5.32  0.0000
II#2017-06-11                -0.00793757   0.002898    -2.74  0.0065
II#2017-06-18                 -0.0146899   0.002869    -5.12  0.0000
II#2017-06-25                 -0.0389776   0.002935    -13.3  0.0000
II#2017-07-02                 0.00456632   0.003141     1.45  0.1470
II#2017-07-09                 -0.0252835   0.003107    -8.14  0.0000
II#2017-07-16                 0.00444102   0.003215     1.38  0.1680
II#2017-07-23                  0.0521752   0.004138     12.6  0.0000
II#2017-07-30                 0.00700633   0.004603     1.52  0.1289
II#2017-08-06                -0.00951514   0.004086    -2.33  0.0205
II#2017-08-13                -0.00366371   0.004260   -0.860  0.3904
II#2017-08-27                -0.00360186   0.004273   -0.843  0.3998
II#2017-09-03                 -0.0130655   0.004408    -2.96  0.0032
II#2017-09-10                  0.0174438   0.004433     3.94  0.0001
II#2017-09-17                 0.00748151   0.004544     1.65  0.1006
II#2017-09-24                -0.00196610   0.003757   -0.523  0.6011
II#2017-10-01               -8.99749e-05   0.003637  -0.0247  0.9803
II#2017-10-15                -0.00761974   0.003470    -2.20  0.0288
II#2017-10-29                 0.00214844   0.003439    0.625  0.5326
II#2017-11-05                  0.0414803   0.003186     13.0  0.0000
II#2017-11-12                  0.0194305   0.003355     5.79  0.0000
II#2017-12-03                -0.00284544   0.003112   -0.914  0.3612
II#2017-12-10                 -0.0199905   0.003147    -6.35  0.0000
II#2017-12-17                -0.00148132   0.003131   -0.473  0.6364
II#2017-12-24                  0.0270816   0.003197     8.47  0.0000
II#2017-12-31                 0.00201356   0.003314    0.608  0.5438
II#2018-01-07                  0.0146130   0.003255     4.49  0.0000
II#2018-01-21                 -0.0121733   0.003099    -3.93  0.0001
II#2018-02-04                -0.00955079   0.003232    -2.96  0.0033
II#2018-02-18                -0.00836518   0.003026    -2.76  0.0060
II#2018-02-25                  0.0176377   0.002843     6.20  0.0000
II#2018-03-04                -0.00171041   0.002871   -0.596  0.5518
II#2018-03-25                -0.00685303   0.002913    -2.35  0.0192
II#2018-04-15                  0.0385268   0.002875     13.4  0.0000
II#2018-05-06                -0.00430829   0.003149    -1.37  0.1721
II#2018-05-13                  0.0596307   0.003221     18.5  0.0000
II#2018-05-20                 0.00968481   0.003842     2.52  0.0122
II#2018-06-03                 -0.0352171   0.004541    -7.75  0.0000
II#2018-06-10                 -0.0850297   0.004383    -19.4  0.0000
II#2018-06-17                -0.00295349   0.004524   -0.653  0.5143
II#2018-06-24                 -0.0113093   0.004655    -2.43  0.0156
II#2018-07-01                 0.00390869   0.004494    0.870  0.3851
II#2018-07-15                 0.00980441   0.004544     2.16  0.0316
II#2018-07-22                 -0.0132883   0.004392    -3.03  0.0027
II#2018-08-19                -0.00928698   0.002977    -3.12  0.0020
II#2018-08-26                 0.00778851   0.002972     2.62  0.0092
II#2018-09-02                  0.0830382   0.003245     25.6  0.0000
II#2018-09-09                 0.00592317   0.003874     1.53  0.1272
II#2018-09-16                -0.00219372   0.003509   -0.625  0.5323
II#2018-09-23                  0.0157798   0.003687     4.28  0.0000
II#2018-09-30                -0.00598495   0.003616    -1.66  0.0989
II#2018-10-14                -0.00636069   0.003911    -1.63  0.1048
II#2018-10-28                -0.00144249   0.003553   -0.406  0.6850
II#2018-11-04                 -0.0136257   0.003350    -4.07  0.0001
II#2018-11-11                -0.00927222   0.003286    -2.82  0.0051
II#2018-11-18                 -0.0204438   0.003245    -6.30  0.0000
II#2018-12-02                 -0.0103037   0.003189    -3.23  0.0014
II#2018-12-09                 0.00217579   0.003242    0.671  0.5026
II#2018-12-16                 -0.0130330   0.003125    -4.17  0.0000
II#2018-12-30                  0.0147783   0.003134     4.71  0.0000
D_star_ETANOL_HIDRATADO  U     0.0448948    0.01946     2.31  0.0217
D_star_ETANOL_HIDRATADO_1U    -0.0656287    0.02075    -3.16  0.0017
D_star_ETANOL_HIDRATADO_2U     0.0302580    0.02002     1.51  0.1316
D_star_ETANOL_HIDRATADO_3U     0.0349174    0.01996     1.75  0.0811
D_star_ETANOL_HIDRATADO_4U    -0.0197615    0.02001   -0.988  0.3241
D_star_ETANOL_HIDRATADO_5U    -0.0356677    0.01999    -1.78  0.0753
D_star_ETANOL_HIDRATADO_6U   -0.00110260    0.01955  -0.0564  0.9551
D_star_ETANOL_HIDRATADO_7U   -0.00660205    0.01826   -0.362  0.7179
D_star_ETANOL_HIDRATADO_8U    -0.0236729    0.01873    -1.26  0.2071
D_star_OLEO_DIESEL       U      0.170691    0.03835     4.45  0.0000
D_star_OLEO_DIESEL_1     U     0.0991881    0.02957     3.35  0.0009
D_star_OLEO_DIESEL_2     U      0.160033    0.02889     5.54  0.0000
D_star_OLEO_DIESEL_3     U     0.0285960    0.02859     1.00  0.3180
D_star_OLEO_DIESEL_4     U    0.00688752    0.02888    0.239  0.8116
D_star_OLEO_DIESEL_5     U    -0.0415143    0.02818    -1.47  0.1417
D_star_OLEO_DIESEL_6     U    -0.0735345    0.02724    -2.70  0.0073
D_star_OLEO_DIESEL_7     U    -0.0822050    0.03303    -2.49  0.0133
D_star_OLEO_DIESEL_8     U    -0.0101911    0.02513   -0.406  0.6853
D_star_GASOLINA_COMUM    U    -0.0203656    0.03543   -0.575  0.5658
D_star_GASOLINA_COMUM_1  U     0.0634501    0.03814     1.66  0.0971
D_star_GASOLINA_COMUM_2  U     0.0202631    0.03263    0.621  0.5350
D_star_GASOLINA_COMUM_3  U   -0.00473823    0.03417   -0.139  0.8898
D_star_GASOLINA_COMUM_4  U     0.0226741    0.03047    0.744  0.4572
D_star_GASOLINA_COMUM_5  U     0.0212614    0.03092    0.688  0.4922
D_star_GASOLINA_COMUM_6  U    0.00492301    0.03172    0.155  0.8767
D_star_GASOLINA_COMUM_7  U     0.0137188    0.03262    0.421  0.6743
D_star_GASOLINA_COMUM_8  U     0.0213143    0.03139    0.679  0.4977
betaZ_1                  U      0.000000        ---
D_brent                  U  -0.000969448   0.004268   -0.227  0.8204
D_brent_1                U  -0.000271648   0.004608  -0.0590  0.9530
D_brent_2                U    0.00313931   0.004400    0.713  0.4761
D_brent_3                U    0.00427596   0.004284    0.998  0.3189
D_brent_4                U   -0.00819919   0.004458    -1.84  0.0668
D_brent_5                U    0.00486544   0.004380     1.11  0.2674
D_brent_6                U   -0.00457671   0.004505    -1.02  0.3104
D_brent_7                U   -0.00346108   0.004267   -0.811  0.4178
D_brent_8                U    0.00899470   0.004179     2.15  0.0321
D_lnCambio               U  -0.000185751   0.008492  -0.0219  0.9826
D_lnCambio_1             U    -0.0132612   0.008551    -1.55  0.1219
D_lnCambio_2             U    -0.0231002   0.008415    -2.75  0.0064
D_lnCambio_3             U     0.0103748   0.008599     1.21  0.2285
D_lnCambio_4             U    -0.0172406   0.008623    -2.00  0.0464
D_lnCambio_5             U    0.00638915   0.008688    0.735  0.4626
D_lnCambio_6             U    -0.0148911   0.008797    -1.69  0.0914
D_lnCambio_7             U     0.0285205   0.008445     3.38  0.0008
D_lnCambio_8             U    0.00369929   0.008482    0.436  0.6630
Constant                 U   9.91279e-05  0.0001333    0.744  0.4577
CSeasonal                U   -0.00300708   0.001495    -2.01  0.0451
CSeasonal_1              U   -0.00175725   0.001339    -1.31  0.1904
CSeasonal_2              U   -0.00265677   0.001277    -2.08  0.0382
CSeasonal_3              U   -0.00396408   0.001473    -2.69  0.0075
CSeasonal_4              U   -0.00204715   0.001426    -1.44  0.1520
CSeasonal_5              U   -0.00112482   0.001347   -0.835  0.4043
CSeasonal_6              U   -0.00123425   0.001368   -0.902  0.3675
CSeasonal_7              U  -0.000687726   0.001397   -0.492  0.6227
CSeasonal_8              U  -3.00287e-05   0.001383  -0.0217  0.9827
CSeasonal_9              U   0.000489989   0.001383    0.354  0.7233
CSeasonal_10             U   0.000207881   0.001318    0.158  0.8747
CSeasonal_11             U   -0.00280821   0.001383    -2.03  0.0431
CSeasonal_12             U   -0.00261521   0.001347    -1.94  0.0530
CSeasonal_13             U   -0.00328953   0.001316    -2.50  0.0129
CSeasonal_14             U   -0.00412000   0.001333    -3.09  0.0022
CSeasonal_15             U   -0.00531371   0.001348    -3.94  0.0001
CSeasonal_16             U   -0.00358087   0.001384    -2.59  0.0101
CSeasonal_17             U  -0.000402385   0.001323   -0.304  0.7612
CSeasonal_18             U   -0.00232507   0.001353    -1.72  0.0866
CSeasonal_19             U   0.000481105   0.001358    0.354  0.7234
CSeasonal_20             U   -0.00150954   0.001492    -1.01  0.3122
CSeasonal_21             U   -0.00221436   0.001408    -1.57  0.1168
CSeasonal_22             U   -0.00229219   0.001348    -1.70  0.0899
CSeasonal_23             U   -0.00174491   0.001445    -1.21  0.2281
CSeasonal_24             U  -0.000161905   0.001442   -0.112  0.9107
CSeasonal_25             U   -0.00106249   0.001466   -0.725  0.4691
CSeasonal_26             U   -0.00139098   0.001383    -1.01  0.3154
CSeasonal_27             U   0.000387157   0.001438    0.269  0.7879
CSeasonal_28             U  -0.000807508   0.001353   -0.597  0.5509
CSeasonal_29             U   -0.00236479   0.001540    -1.54  0.1255
CSeasonal_30             U   -0.00270276   0.001297    -2.08  0.0379
CSeasonal_31             U   -0.00435049   0.001468    -2.96  0.0033
CSeasonal_32             U  -0.000574150   0.001444   -0.398  0.6912
CSeasonal_33             U   -0.00534622   0.001545    -3.46  0.0006
CSeasonal_34             U  -0.000950383   0.001332   -0.714  0.4759
CSeasonal_35             U  -0.000807128   0.001360   -0.593  0.5533
CSeasonal_36             U   -0.00206137   0.001410    -1.46  0.1448
CSeasonal_37             U   -0.00130563   0.001383   -0.944  0.3458
CSeasonal_38             U   -0.00187033   0.001331    -1.40  0.1610
CSeasonal_39             U   -0.00179286   0.001342    -1.34  0.1824
CSeasonal_40             U   -0.00282336   0.001373    -2.06  0.0405
CSeasonal_41             U   -0.00436825   0.001493    -2.93  0.0037
CSeasonal_42             U   -0.00175880   0.001274    -1.38  0.1683
CSeasonal_43             U   -0.00269486   0.001363    -1.98  0.0489
CSeasonal_44             U   -0.00185729   0.001358    -1.37  0.1724
CSeasonal_45             U  -0.000926721   0.001614   -0.574  0.5663
CSeasonal_46             U   -0.00391503   0.001370    -2.86  0.0045
CSeasonal_47             U   0.000255818   0.001410    0.181  0.8561
CSeasonal_48             U   -0.00284584   0.001333    -2.13  0.0335
CSeasonal_49             U   -0.00294530   0.001422    -2.07  0.0391
CSeasonal_50             U   -0.00270591   0.001348    -2.01  0.0455

sigma = 0.00255204   RSS = 0.002201364369

URF equation for: D_R_5_GASOLINA_COMUM
                             Coefficient  Std.Error  t-value  t-prob
D_R_5_ETANOL_HIDRATADO_1      -0.0159579    0.01065    -1.50  0.1349
D_R_5_ETANOL_HIDRATADO_2       0.0499441    0.01210     4.13  0.0000
D_R_5_ETANOL_HIDRATADO_3       0.0188664    0.01127     1.67  0.0952
D_R_5_ETANOL_HIDRATADO_4      0.00216005    0.01006    0.215  0.8302
D_R_5_ETANOL_HIDRATADO_5      0.00181562   0.009876    0.184  0.8542
D_R_5_ETANOL_HIDRATADO_6      -0.0164147    0.01041    -1.58  0.1159
D_R_5_ETANOL_HIDRATADO_7      0.00300315    0.01061    0.283  0.7773
D_R_5_ETANOL_HIDRATADO_8      -0.0193483   0.008670    -2.23  0.0263
D_R_5_OLEO_DIESEL_1           -0.0341334    0.03099    -1.10  0.2715
D_R_5_OLEO_DIESEL_2          -0.00298452    0.02819   -0.106  0.9158
D_R_5_OLEO_DIESEL_3            0.0108831    0.02994    0.363  0.7165
D_R_5_OLEO_DIESEL_4           -0.0517692    0.02846    -1.82  0.0698
D_R_5_OLEO_DIESEL_5            0.0351088    0.02687     1.31  0.1922
D_R_5_OLEO_DIESEL_6            0.0316233    0.02934     1.08  0.2818
D_R_5_OLEO_DIESEL_7           -0.0150816    0.02346   -0.643  0.5208
D_R_5_OLEO_DIESEL_8            0.0395084    0.02272     1.74  0.0829
D_R_5_GASOLINA_COMUM_1        -0.0674898    0.02698    -2.50  0.0128
D_R_5_GASOLINA_COMUM_2        -0.0203063    0.02242   -0.906  0.3658
D_R_5_GASOLINA_COMUM_3        -0.0110885    0.02330   -0.476  0.6344
D_R_5_GASOLINA_COMUM_4        0.00144771    0.02538   0.0570  0.9546
D_R_5_GASOLINA_COMUM_5        -0.0434461    0.02268    -1.92  0.0563
D_R_5_GASOLINA_COMUM_6         0.0575397    0.02105     2.73  0.0066
D_R_5_GASOLINA_COMUM_7        0.00832593    0.02259    0.369  0.7126
D_R_5_GASOLINA_COMUM_8         0.0697612    0.02117     3.30  0.0011
II#2005-05-08                -0.00633324   0.003329    -1.90  0.0580
II#2005-05-15                  0.0133959   0.003209     4.17  0.0000
II#2005-05-29                -0.00716565   0.003226    -2.22  0.0270
II#2005-06-05                 0.00109682   0.003174    0.346  0.7299
II#2005-06-26                 0.00685828   0.002970     2.31  0.0215
II#2005-07-17                -0.00618700   0.002921    -2.12  0.0349
II#2005-08-14                  0.0182139   0.002820     6.46  0.0000
II#2005-08-21                  0.0173243   0.002916     5.94  0.0000
II#2005-08-28                  0.0204090   0.002996     6.81  0.0000
II#2005-09-04                 0.00172983   0.003016    0.574  0.5666
II#2005-09-11                  0.0428015   0.004592     9.32  0.0000
II#2005-09-18               -0.000637758   0.004367   -0.146  0.8840
II#2005-09-25                -0.00469375   0.003790    -1.24  0.2164
II#2005-10-02                -0.00347202   0.004069   -0.853  0.3941
II#2005-10-16                 -0.0158693   0.003903    -4.07  0.0001
II#2005-10-23                  0.0311105   0.004021     7.74  0.0000
II#2005-10-30                  0.0158811   0.004350     3.65  0.0003
II#2005-11-06                 -0.0142188   0.004276    -3.33  0.0010
II#2005-11-13                -0.00174480   0.003519   -0.496  0.6204
II#2005-11-20                 0.00848628   0.003465     2.45  0.0148
II#2005-12-04                 0.00142813   0.003547    0.403  0.6875
II#2005-12-11               -0.000864649   0.003448   -0.251  0.8021
II#2006-01-08                 0.00261439   0.002928    0.893  0.3725
II#2006-01-15               -0.000461018   0.002911   -0.158  0.8743
II#2006-02-12                 0.00175007   0.002886    0.606  0.5447
II#2006-02-19                 0.00272103   0.002974    0.915  0.3608
II#2006-02-26                -0.00398426   0.002987    -1.33  0.1832
II#2006-03-05               -0.000513021   0.003080   -0.167  0.8678
II#2006-03-12                -0.00420029   0.003021    -1.39  0.1654
II#2006-03-19                0.000143044   0.003083   0.0464  0.9630
II#2006-03-26               -0.000455744   0.003091   -0.147  0.8829
II#2006-04-02                -0.00323957   0.003209    -1.01  0.3135
II#2006-04-09                 0.00623647   0.003218     1.94  0.0534
II#2006-04-16                  0.0184557   0.003253     5.67  0.0000
II#2006-05-14                -0.00273062   0.003303   -0.827  0.4089
II#2006-05-28                 0.00885102   0.003535     2.50  0.0128
II#2006-06-04                0.000703868   0.003423    0.206  0.8372
II#2006-08-27                 -0.0116189   0.002914    -3.99  0.0001
II#2006-09-24                 -0.0137176   0.002828    -4.85  0.0000
II#2006-10-01                  0.0102794   0.002854     3.60  0.0004
II#2006-10-08                -0.00622045   0.002857    -2.18  0.0302
II#2006-10-15                 0.00197523   0.002905    0.680  0.4970
II#2006-10-29                -0.00324523   0.003013    -1.08  0.2821
II#2006-11-12                 0.00296119   0.002987    0.991  0.3223
II#2006-11-26                -0.00501454   0.003008    -1.67  0.0965
II#2006-12-17                 0.00403787   0.002879     1.40  0.1616
II#2006-12-31                 0.00417143   0.002802     1.49  0.1375
II#2007-01-07                 0.00174667   0.002840    0.615  0.5389
II#2007-01-14                -0.00282242   0.002878   -0.981  0.3275
II#2007-02-18                 0.00612909   0.003116     1.97  0.0500
II#2007-02-25                 0.00770340   0.003013     2.56  0.0110
II#2007-03-04                 -0.0126301   0.002999    -4.21  0.0000
II#2007-04-01                -0.00733460   0.002936    -2.50  0.0130
II#2007-04-08                -0.00937171   0.002949    -3.18  0.0016
II#2007-04-15                 -0.0104634   0.002881    -3.63  0.0003
II#2007-04-29                 0.00136092   0.002964    0.459  0.6465
II#2007-05-06                 -0.0107818   0.002949    -3.66  0.0003
II#2007-05-20                -0.00586529   0.002852    -2.06  0.0405
II#2007-06-03                -0.00749180   0.002845    -2.63  0.0088
II#2007-06-10                0.000734653   0.002864    0.257  0.7977
II#2007-06-17                4.69412e-06   0.002793  0.00168  0.9987
II#2007-06-24                -0.00894755   0.002881    -3.11  0.0021
II#2007-07-01                 0.00784407   0.002923     2.68  0.0076
II#2007-07-08                -0.00709526   0.002954    -2.40  0.0169
II#2007-07-22                 0.00540843   0.003154     1.71  0.0873
II#2007-07-29                  0.0158943   0.003204     4.96  0.0000
II#2007-08-12                -0.00213735   0.003272   -0.653  0.5141
II#2007-08-19                -0.00866012   0.003290    -2.63  0.0089
II#2007-08-26                 0.00652713   0.003294     1.98  0.0484
II#2007-09-02                 0.00306389   0.003198    0.958  0.3387
II#2007-09-09                 0.00449450   0.003089     1.46  0.1466
II#2007-09-16                 0.00280000   0.003116    0.899  0.3695
II#2007-09-23               -0.000828253   0.002966   -0.279  0.7802
II#2007-09-30                -0.00113021   0.002957   -0.382  0.7026
II#2007-10-07                 0.00253528   0.002919    0.868  0.3858
II#2007-10-14               -0.000512831   0.002926   -0.175  0.8610
II#2007-10-21               -0.000819791   0.002908   -0.282  0.7782
II#2007-11-11                 0.00154960   0.002958    0.524  0.6007
II#2007-11-18                -0.00244337   0.003007   -0.813  0.4170
II#2007-11-25                 0.00243391   0.003088    0.788  0.4312
II#2007-12-02                -0.00120967   0.002963   -0.408  0.6833
II#2007-12-09                -0.00115115   0.002981   -0.386  0.6996
II#2007-12-23                  0.0119239   0.003089     3.86  0.0001
II#2008-01-20               -0.000660114   0.002999   -0.220  0.8259
II#2008-02-10                -0.00613481   0.002880    -2.13  0.0339
II#2008-02-17                 0.00867292   0.002971     2.92  0.0037
II#2008-03-16                 0.00314902   0.003101     1.02  0.3107
II#2008-03-23                 0.00558082   0.003136     1.78  0.0761
II#2008-04-06                 0.00313812   0.003299    0.951  0.3422
II#2008-04-27                -0.00493302   0.003269    -1.51  0.1322
II#2008-05-04                -0.00545248   0.004166    -1.31  0.1915
II#2008-06-22                 0.00825290   0.003622     2.28  0.0233
II#2008-07-20                 0.00290277   0.002850     1.02  0.3091
II#2008-07-27                 0.00401355   0.002832     1.42  0.1574
II#2008-08-10                 0.00508553   0.002824     1.80  0.0727
II#2008-09-21                  0.0131891   0.003011     4.38  0.0000
II#2009-04-26                 0.00398861   0.002887     1.38  0.1680
II#2009-05-17                 0.00618294   0.002881     2.15  0.0326
II#2009-08-16                 -0.0164853   0.002906    -5.67  0.0000
II#2009-08-23                 -0.0197263   0.002976    -6.63  0.0000
II#2009-08-30                 -0.0215534   0.002936    -7.34  0.0000
II#2009-10-18                  0.0665396   0.002894     23.0  0.0000
II#2009-10-25                -0.00350932   0.003334    -1.05  0.2932
II#2009-11-08                -0.00692606   0.003297    -2.10  0.0364
II#2010-01-17                  0.0107842   0.002928     3.68  0.0003
II#2010-02-21                 0.00967649   0.002908     3.33  0.0010
II#2010-10-24               -0.000573286   0.002948   -0.194  0.8460
II#2011-03-27                  0.0138556   0.003100     4.47  0.0000
II#2011-04-03                  0.0434501   0.003369     12.9  0.0000
II#2011-04-17                -0.00328774   0.003625   -0.907  0.3650
II#2011-04-24                 -0.0446945   0.003548    -12.6  0.0000
II#2011-05-01                 0.00103487   0.003770    0.275  0.7838
II#2011-05-08                  0.0483156   0.003649     13.2  0.0000
II#2011-05-15                 -0.0265456   0.003974    -6.68  0.0000
II#2011-05-22                 -0.0314082   0.004003    -7.85  0.0000
II#2011-06-05                 0.00247797   0.003617    0.685  0.4938
II#2011-07-17                 -0.0155180   0.002976    -5.21  0.0000
II#2011-08-21                0.000581559   0.002845    0.204  0.8382
II#2011-10-23                  0.0119407   0.002922     4.09  0.0001
II#2012-01-15                 0.00969134   0.002858     3.39  0.0008
II#2012-01-29                -0.00508694   0.002822    -1.80  0.0723
II#2012-02-12                 0.00710126   0.002964     2.40  0.0171
II#2012-07-22               -0.000717847   0.002852   -0.252  0.8014
II#2012-07-29                 0.00188184   0.002880    0.653  0.5139
II#2012-08-12                 0.00924344   0.002876     3.21  0.0014
II#2012-12-02                0.000406144   0.002746    0.148  0.8825
II#2012-12-16                 0.00268324   0.002786    0.963  0.3361
II#2013-01-27                 0.00668697   0.002769     2.41  0.0163
II#2013-02-03                  0.0296784   0.003374     8.80  0.0000
II#2013-02-10                 0.00848370   0.003453     2.46  0.0145
II#2013-03-10                 0.00350114   0.003276     1.07  0.2860
II#2013-07-28                 0.00965450   0.002754     3.51  0.0005
II#2013-09-08                  0.0105965   0.002839     3.73  0.0002
II#2013-09-22                -0.00917098   0.002835    -3.23  0.0013
II#2013-10-20                 0.00913832   0.002918     3.13  0.0019
II#2013-11-17                  0.0119706   0.002877     4.16  0.0000
II#2013-12-29                  0.0100563   0.002949     3.41  0.0007
II#2014-03-09                 0.00667806   0.002778     2.40  0.0168
II#2014-11-09                 0.00854997   0.002841     3.01  0.0028
II#2014-11-16                  0.0254226   0.002950     8.62  0.0000
II#2015-01-11                 0.00540515   0.002921     1.85  0.0651
II#2015-02-01                  0.0314371   0.003500     8.98  0.0000
II#2015-02-08                  0.0140089   0.003775     3.71  0.0002
II#2015-02-22                  0.0129751   0.003326     3.90  0.0001
II#2015-04-26                -0.00249716   0.002844   -0.878  0.3806
II#2015-05-31                 0.00135484   0.002807    0.483  0.6297
II#2015-08-16                -0.00374677   0.002827    -1.33  0.1859
II#2015-08-23                -0.00585138   0.002773    -2.11  0.0356
II#2015-09-06                0.000131111   0.002906   0.0451  0.9640
II#2015-09-13                0.000228936   0.002922   0.0784  0.9376
II#2015-09-27                 0.00560939   0.002927     1.92  0.0561
II#2015-10-04                  0.0286068   0.003531     8.10  0.0000
II#2015-10-11                  0.0419553   0.003481     12.1  0.0000
II#2015-10-25                -0.00930172   0.003369    -2.76  0.0061
II#2015-11-01                 0.00422164   0.003289     1.28  0.2001
II#2015-11-08                -0.00610284   0.003439    -1.77  0.0769
II#2015-11-15                 0.00255833   0.003421    0.748  0.4551
II#2015-11-22                  0.0101806   0.003371     3.02  0.0027
II#2015-11-29                -0.00234958   0.003441   -0.683  0.4952
II#2015-12-06                 0.00300064   0.003069    0.978  0.3290
II#2015-12-13                0.000717406   0.003063    0.234  0.8150
II#2016-01-10                -0.00945706   0.003119    -3.03  0.0026
II#2016-01-17                 0.00764427   0.003060     2.50  0.0130
II#2016-02-21                  0.0179307   0.002966     6.04  0.0000
II#2016-04-17                -0.00315638   0.002910    -1.08  0.2788
II#2016-04-24               -0.000195883   0.002912  -0.0673  0.9464
II#2016-05-08                -0.00540084   0.002889    -1.87  0.0624
II#2016-05-29               -0.000930928   0.002910   -0.320  0.7492
II#2016-07-03                  0.0105907   0.002818     3.76  0.0002
II#2016-08-14                 0.00430643   0.002893     1.49  0.1375
II#2016-08-21                -0.00714635   0.002891    -2.47  0.0139
II#2016-08-28               -0.000695452   0.002869   -0.242  0.8086
II#2016-09-04                0.000430743   0.002917    0.148  0.8827
II#2016-09-18                 0.00456379   0.002946     1.55  0.1222
II#2016-09-25                -0.00173284   0.002919   -0.594  0.5532
II#2016-10-02                 0.00318645   0.002961     1.08  0.2826
II#2016-10-23                -0.00129907   0.002943   -0.441  0.6592
II#2016-12-04                -0.00461095   0.002946    -1.57  0.1185
II#2016-12-11                  0.0119158   0.002964     4.02  0.0001
II#2016-12-18                 0.00444784   0.002944     1.51  0.1318
II#2017-01-01                -0.00107513   0.002926   -0.367  0.7135
II#2017-01-08                0.000104151   0.003015   0.0345  0.9725
II#2017-01-15                -0.00402225   0.002893    -1.39  0.1654
II#2017-01-22                 -0.0167938   0.003020    -5.56  0.0000
II#2017-02-05                -0.00677910   0.003044    -2.23  0.0266
II#2017-03-12                -0.00453377   0.002902    -1.56  0.1191
II#2017-03-19                 -0.0103700   0.002858    -3.63  0.0003
II#2017-03-26                 0.00498055   0.002935     1.70  0.0907
II#2017-04-02                -0.00174497   0.002911   -0.600  0.5492
II#2017-04-09               -0.000688216   0.002916   -0.236  0.8135
II#2017-04-16                 0.00269303   0.002948    0.914  0.3616
II#2017-04-23                -0.00494145   0.002970    -1.66  0.0970
II#2017-04-30                 0.00127035   0.002961    0.429  0.6682
II#2017-05-14                -0.00130704   0.002945   -0.444  0.6575
II#2017-05-21                -0.00219890   0.002939   -0.748  0.4549
II#2017-05-28                -0.00943082   0.002908    -3.24  0.0013
II#2017-06-11                -0.00243804   0.002887   -0.845  0.3989
II#2017-06-18                -0.00284621   0.002858   -0.996  0.3200
II#2017-06-25                 -0.0442478   0.002924    -15.1  0.0000
II#2017-07-02                  0.0142188   0.003129     4.54  0.0000
II#2017-07-09                 -0.0102687   0.003095    -3.32  0.0010
II#2017-07-16                 -0.0301254   0.003202    -9.41  0.0000
II#2017-07-23                  0.0879140   0.004123     21.3  0.0000
II#2017-07-30                  0.0182097   0.004585     3.97  0.0001
II#2017-08-06                 0.00341945   0.004071    0.840  0.4015
II#2017-08-13                 -0.0159061   0.004244    -3.75  0.0002
II#2017-08-27                 0.00387477   0.004256    0.910  0.3633
II#2017-09-03                -0.00218778   0.004391   -0.498  0.6186
II#2017-09-10                  0.0234507   0.004416     5.31  0.0000
II#2017-09-17                -0.00819802   0.004527    -1.81  0.0710
II#2017-09-24                -0.00670061   0.003743    -1.79  0.0743
II#2017-10-01                 -0.0105005   0.003623    -2.90  0.0040
II#2017-10-15                0.000360238   0.003457    0.104  0.9171
II#2017-10-29                -0.00896077   0.003426    -2.62  0.0093
II#2017-11-05                  0.0335041   0.003174     10.6  0.0000
II#2017-11-12                  0.0387194   0.003342     11.6  0.0000
II#2017-12-03                -0.00183717   0.003100   -0.593  0.5539
II#2017-12-10                -0.00570704   0.003135    -1.82  0.0695
II#2017-12-17                0.000309610   0.003119   0.0993  0.9210
II#2017-12-24                  0.0387519   0.003184     12.2  0.0000
II#2017-12-31                 0.00278260   0.003301    0.843  0.3999
II#2018-01-07                 0.00356123   0.003243     1.10  0.2729
II#2018-01-21                 -0.0192392   0.003087    -6.23  0.0000
II#2018-02-04                -0.00567708   0.003220    -1.76  0.0788
II#2018-02-18                 -0.0101919   0.003015    -3.38  0.0008
II#2018-02-25                0.000146311   0.002832   0.0517  0.9588
II#2018-03-04                -0.00666123   0.002860    -2.33  0.0205
II#2018-03-25                -0.00240343   0.002902   -0.828  0.4082
II#2018-04-15                  0.0590358   0.002864     20.6  0.0000
II#2018-05-06                2.25260e-05   0.003137  0.00718  0.9943
II#2018-05-13                  0.0228802   0.003208     7.13  0.0000
II#2018-05-20                0.000539237   0.003827    0.141  0.8880
II#2018-06-03                 -0.0168595   0.004524    -3.73  0.0002
II#2018-06-10                 0.00180982   0.004366    0.415  0.6787
II#2018-06-17                 -0.0179946   0.004507    -3.99  0.0001
II#2018-06-24                -0.00551430   0.004637    -1.19  0.2352
II#2018-07-01                 -0.0269235   0.004477    -6.01  0.0000
II#2018-07-15                 0.00956176   0.004526     2.11  0.0354
II#2018-07-22                 -0.0106530   0.004375    -2.43  0.0154
II#2018-08-19                0.000204894   0.002966   0.0691  0.9450
II#2018-08-26                 0.00587052   0.002961     1.98  0.0482
II#2018-09-02                  0.0382689   0.003232     11.8  0.0000
II#2018-09-09                 0.00264426   0.003859    0.685  0.4937
II#2018-09-16                  0.0208758   0.003496     5.97  0.0000
II#2018-09-23                  0.0397502   0.003673     10.8  0.0000
II#2018-09-30                 0.00636004   0.003602     1.77  0.0784
II#2018-10-14                 -0.0203814   0.003896    -5.23  0.0000
II#2018-10-28                -0.00464020   0.003539    -1.31  0.1908
II#2018-11-04                 -0.0159786   0.003337    -4.79  0.0000
II#2018-11-11                 -0.0340571   0.003274    -10.4  0.0000
II#2018-11-18                 -0.0109384   0.003232    -3.38  0.0008
II#2018-12-02                 -0.0177958   0.003177    -5.60  0.0000
II#2018-12-09                 -0.0109956   0.003229    -3.40  0.0007
II#2018-12-16                 -0.0130797   0.003113    -4.20  0.0000
II#2018-12-30                 0.00388947   0.003122     1.25  0.2138
D_star_ETANOL_HIDRATADO  U   -0.00678159    0.01939   -0.350  0.7267
D_star_ETANOL_HIDRATADO_1U   -0.00129458    0.02067  -0.0626  0.9501
D_star_ETANOL_HIDRATADO_2U     0.0328884    0.01994     1.65  0.1000
D_star_ETANOL_HIDRATADO_3U     0.0168730    0.01988    0.849  0.3967
D_star_ETANOL_HIDRATADO_4U    -0.0244059    0.01993    -1.22  0.2217
D_star_ETANOL_HIDRATADO_5U    -0.0578825    0.01992    -2.91  0.0039
D_star_ETANOL_HIDRATADO_6U    -0.0129935    0.01948   -0.667  0.5052
D_star_ETANOL_HIDRATADO_7U     0.0425518    0.01819     2.34  0.0199
D_star_ETANOL_HIDRATADO_8U     0.0102959    0.01866    0.552  0.5814
D_star_OLEO_DIESEL       U     0.0528062    0.03820     1.38  0.1678
D_star_OLEO_DIESEL_1     U     0.0482237    0.02946     1.64  0.1026
D_star_OLEO_DIESEL_2     U    -0.0131568    0.02878   -0.457  0.6479
D_star_OLEO_DIESEL_3     U    -0.0606949    0.02848    -2.13  0.0338
D_star_OLEO_DIESEL_4     U    -0.0256285    0.02877   -0.891  0.3736
D_star_OLEO_DIESEL_5     U     0.0471458    0.02807     1.68  0.0940
D_star_OLEO_DIESEL_6     U    -0.0333740    0.02713    -1.23  0.2195
D_star_OLEO_DIESEL_7     U     -0.112992    0.03290    -3.43  0.0007
D_star_OLEO_DIESEL_8     U    -0.0110784    0.02503   -0.443  0.6584
D_star_GASOLINA_COMUM    U     0.0317534    0.03529    0.900  0.3689
D_star_GASOLINA_COMUM_1  U     0.0185331    0.03799    0.488  0.6260
D_star_GASOLINA_COMUM_2  U     0.0518584    0.03251     1.60  0.1116
D_star_GASOLINA_COMUM_3  U      0.125276    0.03404     3.68  0.0003
D_star_GASOLINA_COMUM_4  U     0.0692556    0.03035     2.28  0.0231
D_star_GASOLINA_COMUM_5  U     0.0397086    0.03080     1.29  0.1982
D_star_GASOLINA_COMUM_6  U   -0.00720249    0.03159   -0.228  0.8198
D_star_GASOLINA_COMUM_7  U     0.0476218    0.03249     1.47  0.1437
D_star_GASOLINA_COMUM_8  U    -0.0109782    0.03127   -0.351  0.7258
betaZ_1                  U      0.000000        ---
D_brent                  U  -0.000328373   0.004252  -0.0772  0.9385
D_brent_1                U    0.00144730   0.004590    0.315  0.7527
D_brent_2                U  -0.000807887   0.004384   -0.184  0.8539
D_brent_3                U    0.00330404   0.004268    0.774  0.4393
D_brent_4                U   -0.00913504   0.004441    -2.06  0.0405
D_brent_5                U  -0.000309622   0.004363  -0.0710  0.9435
D_brent_6                U  -0.000918629   0.004487   -0.205  0.8379
D_brent_7                U    0.00783971   0.004250     1.84  0.0660
D_brent_8                U   -0.00488694   0.004163    -1.17  0.2412
D_lnCambio               U    0.00963684   0.008460     1.14  0.2554
D_lnCambio_1             U   -0.00151194   0.008518   -0.177  0.8592
D_lnCambio_2             U    0.00559675   0.008383    0.668  0.5048
D_lnCambio_3             U   -0.00113919   0.008566   -0.133  0.8943
D_lnCambio_4             U    -0.0156030   0.008590    -1.82  0.0702
D_lnCambio_5             U   -0.00375391   0.008655   -0.434  0.6648
D_lnCambio_6             U   -0.00856056   0.008763   -0.977  0.3293
D_lnCambio_7             U     0.0211614   0.008412     2.52  0.0123
D_lnCambio_8             U   0.000199767   0.008450   0.0236  0.9812
Constant                 U  -0.000314834  0.0001328    -2.37  0.0183
CSeasonal                U   -0.00276283   0.001490    -1.85  0.0645
CSeasonal_1              U   -0.00259955   0.001334    -1.95  0.0522
CSeasonal_2              U   -0.00308097   0.001272    -2.42  0.0160
CSeasonal_3              U   -0.00596797   0.001467    -4.07  0.0001
CSeasonal_4              U   -0.00101550   0.001420   -0.715  0.4751
CSeasonal_5              U   -0.00286121   0.001342    -2.13  0.0337
CSeasonal_6              U   -0.00287099   0.001363    -2.11  0.0359
CSeasonal_7              U   -0.00155182   0.001391    -1.12  0.2655
CSeasonal_8              U   -0.00308753   0.001377    -2.24  0.0256
CSeasonal_9              U   -0.00301673   0.001377    -2.19  0.0292
CSeasonal_10             U  -0.000366811   0.001313   -0.279  0.7801
CSeasonal_11             U   -0.00207897   0.001377    -1.51  0.1322
CSeasonal_12             U   -0.00300527   0.001342    -2.24  0.0257
CSeasonal_13             U   -0.00476357   0.001311    -3.63  0.0003
CSeasonal_14             U   -0.00304193   0.001327    -2.29  0.0225
CSeasonal_15             U   -0.00485175   0.001342    -3.61  0.0003
CSeasonal_16             U   -0.00366431   0.001379    -2.66  0.0083
CSeasonal_17             U   -0.00385251   0.001318    -2.92  0.0037
CSeasonal_18             U   -0.00341139   0.001347    -2.53  0.0118
CSeasonal_19             U   -0.00241935   0.001353    -1.79  0.0746
CSeasonal_20             U   -0.00379482   0.001486    -2.55  0.0111
CSeasonal_21             U   -0.00284415   0.001403    -2.03  0.0434
CSeasonal_22             U   -0.00280984   0.001343    -2.09  0.0371
CSeasonal_23             U   -0.00388190   0.001440    -2.70  0.0074
CSeasonal_24             U   -0.00125402   0.001436   -0.873  0.3832
CSeasonal_25             U   -0.00322143   0.001460    -2.21  0.0281
CSeasonal_26             U   -0.00396162   0.001378    -2.87  0.0043
CSeasonal_27             U   -0.00251360   0.001432    -1.75  0.0802
CSeasonal_28             U   -0.00307072   0.001347    -2.28  0.0233
CSeasonal_29             U   -0.00372531   0.001534    -2.43  0.0157
CSeasonal_30             U   -0.00190992   0.001292    -1.48  0.1403
CSeasonal_31             U   -0.00585065   0.001463    -4.00  0.0001
CSeasonal_32             U   -0.00231678   0.001439    -1.61  0.1082
CSeasonal_33             U   -0.00526807   0.001539    -3.42  0.0007
CSeasonal_34             U   -0.00229475   0.001327    -1.73  0.0846
CSeasonal_35             U   -0.00330661   0.001355    -2.44  0.0152
CSeasonal_36             U   -0.00273896   0.001405    -1.95  0.0521
CSeasonal_37             U   -0.00254019   0.001378    -1.84  0.0661
CSeasonal_38             U   -0.00365726   0.001326    -2.76  0.0061
CSeasonal_39             U   -0.00382652   0.001337    -2.86  0.0045
CSeasonal_40             U   -0.00422072   0.001368    -3.09  0.0022
CSeasonal_41             U   -0.00428452   0.001488    -2.88  0.0042
CSeasonal_42             U   -0.00233587   0.001269    -1.84  0.0665
CSeasonal_43             U   -0.00394869   0.001358    -2.91  0.0039
CSeasonal_44             U   -0.00254807   0.001353    -1.88  0.0605
CSeasonal_45             U   -0.00496043   0.001608    -3.09  0.0022
CSeasonal_46             U   -0.00276541   0.001365    -2.03  0.0435
CSeasonal_47             U   -0.00200152   0.001405    -1.42  0.1551
CSeasonal_48             U   -0.00247805   0.001328    -1.87  0.0629
CSeasonal_49             U   -0.00297668   0.001416    -2.10  0.0363
CSeasonal_50             U   -0.00318062   0.001343    -2.37  0.0184

sigma = 0.00254227   RSS = 0.002184535503

*** Warning: unrestricted regressors are linearly dependent (numerically or exact)

log-likelihood     10296.5545  -T/2log|Omega|     13340.1776
|Omega|        6.22618907e-17  log|Y'Y/T|        -28.0154064
R^2(LR)              0.999909  R^2(LM)               0.95174
no. of observations       715  no. of parameters        1131

F-test on regressors except unrestricted: F(837,1008) = 25.5534 [0.0000] **
F-tests on retained regressors, F(3,336) =
D_R_5_ETANOL_HIDRATADO_1       11.1738 [0.000]**D_R_5_ETANOL_HIDRATADO_2       5.77180 [0.001]**
D_R_5_ETANOL_HIDRATADO_3       1.44220 [0.230]  D_R_5_ETANOL_HIDRATADO_4      0.514849 [0.672]  
D_R_5_ETANOL_HIDRATADO_5      0.437705 [0.726]  D_R_5_ETANOL_HIDRATADO_6       2.76664 [0.042]* 
D_R_5_ETANOL_HIDRATADO_7      0.721711 [0.540]  D_R_5_ETANOL_HIDRATADO_8       2.88732 [0.036]* 
D_R_5_OLEO_DIESEL_1       20.7825 [0.000]**D_R_5_OLEO_DIESEL_2       6.40932 [0.000]**
D_R_5_OLEO_DIESEL_3       2.38881 [0.069]  D_R_5_OLEO_DIESEL_4       6.47136 [0.000]**
D_R_5_OLEO_DIESEL_5       2.16167 [0.092]  D_R_5_OLEO_DIESEL_6      0.710630 [0.546]  
D_R_5_OLEO_DIESEL_7       4.58146 [0.004]**D_R_5_OLEO_DIESEL_8       1.47810 [0.220]  
D_R_5_GASOLINA_COMUM_1       7.48126 [0.000]**D_R_5_GASOLINA_COMUM_2       1.70769 [0.165]  
D_R_5_GASOLINA_COMUM_3       2.43903 [0.064]  D_R_5_GASOLINA_COMUM_4       11.8972 [0.000]**
D_R_5_GASOLINA_COMUM_5       7.79488 [0.000]**D_R_5_GASOLINA_COMUM_6       5.38264 [0.001]**
D_R_5_GASOLINA_COMUM_7      0.482899 [0.694]  D_R_5_GASOLINA_COMUM_8       7.41546 [0.000]**
II#2005-05-08       5.90327 [0.001]**II#2005-05-15       11.2431 [0.000]**
II#2005-05-29       21.1876 [0.000]**II#2005-06-05       26.3213 [0.000]**
II#2005-06-26       5.91437 [0.001]**II#2005-07-17       5.27511 [0.001]**
II#2005-08-14       19.0936 [0.000]**II#2005-08-21       17.1986 [0.000]**
II#2005-08-28       20.4280 [0.000]**II#2005-09-04       8.52787 [0.000]**
II#2005-09-11       76.3442 [0.000]**II#2005-09-18       5.89348 [0.001]**
II#2005-09-25       5.91646 [0.001]**II#2005-10-02       5.51512 [0.001]**
II#2005-10-16       11.9042 [0.000]**II#2005-10-23       242.222 [0.000]**
II#2005-10-30       39.0072 [0.000]**II#2005-11-06       8.72779 [0.000]**
II#2005-11-13       7.22319 [0.000]**II#2005-11-20       8.98888 [0.000]**
II#2005-12-04       4.66970 [0.003]**II#2005-12-11       13.2348 [0.000]**
II#2006-01-08       18.1387 [0.000]**II#2006-01-15       5.98433 [0.001]**
II#2006-02-12       2.65748 [0.048]* II#2006-02-19       5.95673 [0.001]**
II#2006-02-26       6.94328 [0.000]**II#2006-03-05       21.1377 [0.000]**
II#2006-03-12       3.05110 [0.029]* II#2006-03-19       55.5393 [0.000]**
II#2006-03-26       64.6988 [0.000]**II#2006-04-02       18.1416 [0.000]**
II#2006-04-09       76.8948 [0.000]**II#2006-04-16       55.3490 [0.000]**
II#2006-05-14       229.440 [0.000]**II#2006-05-28       2.96745 [0.032]* 
II#2006-06-04       5.85873 [0.001]**II#2006-08-27       5.47535 [0.001]**
II#2006-09-24       7.80663 [0.000]**II#2006-10-01       4.39476 [0.005]**
II#2006-10-08       31.0806 [0.000]**II#2006-10-15       14.0919 [0.000]**
II#2006-10-29       45.0912 [0.000]**II#2006-11-12       14.1919 [0.000]**
II#2006-11-26       3.79173 [0.011]* II#2006-12-17       2.93581 [0.033]* 
II#2006-12-31       5.73619 [0.001]**II#2007-01-07       6.86062 [0.000]**
II#2007-01-14       19.6714 [0.000]**II#2007-02-18       2.76462 [0.042]* 
II#2007-02-25       3.60338 [0.014]* II#2007-03-04       6.62113 [0.000]**
II#2007-04-01       3.37583 [0.019]* II#2007-04-08       4.93405 [0.002]**
II#2007-04-15       4.72580 [0.003]**II#2007-04-29       3.13433 [0.026]* 
II#2007-05-06       7.08670 [0.000]**II#2007-05-20       3.68062 [0.012]* 
II#2007-06-03       7.71653 [0.000]**II#2007-06-10       3.75593 [0.011]* 
II#2007-06-17       8.49531 [0.000]**II#2007-06-24       44.1643 [0.000]**
II#2007-07-01       3.15758 [0.025]* II#2007-07-08       149.211 [0.000]**
II#2007-07-22       60.0005 [0.000]**II#2007-07-29       48.8510 [0.000]**
II#2007-08-12       3.31513 [0.020]* II#2007-08-19       7.08373 [0.000]**
II#2007-08-26       4.54450 [0.004]**II#2007-09-02       7.49401 [0.000]**
II#2007-09-09       4.70670 [0.003]**II#2007-09-16       4.75555 [0.003]**
II#2007-09-23       37.5703 [0.000]**II#2007-09-30       3.47769 [0.016]* 
II#2007-10-07       9.53220 [0.000]**II#2007-10-14       9.37581 [0.000]**
II#2007-10-21       7.29164 [0.000]**II#2007-11-11       2.69240 [0.046]* 
II#2007-11-18       14.8550 [0.000]**II#2007-11-25       7.15381 [0.000]**
II#2007-12-02       5.77443 [0.001]**II#2007-12-09       46.6497 [0.000]**
II#2007-12-23       8.05079 [0.000]**II#2008-01-20       5.99207 [0.001]**
II#2008-02-10       5.62887 [0.001]**II#2008-02-17       2.87654 [0.036]* 
II#2008-03-16       7.76933 [0.000]**II#2008-03-23       40.2809 [0.000]**
II#2008-04-06       7.27636 [0.000]**II#2008-04-27       6.26734 [0.000]**
II#2008-05-04       22.5450 [0.000]**II#2008-06-22       4.21887 [0.006]**
II#2008-07-20       2.89071 [0.036]* II#2008-07-27       6.41212 [0.000]**
II#2008-08-10       6.49844 [0.000]**II#2008-09-21       7.40162 [0.000]**
II#2009-04-26       5.95164 [0.001]**II#2009-05-17       8.56307 [0.000]**
II#2009-08-16       11.4884 [0.000]**II#2009-08-23       15.1906 [0.000]**
II#2009-08-30       18.2677 [0.000]**II#2009-10-18       191.009 [0.000]**
II#2009-10-25       27.9519 [0.000]**II#2009-11-08       47.2003 [0.000]**
II#2010-01-17       10.6628 [0.000]**II#2010-02-21       4.78637 [0.003]**
II#2010-10-24       3.87011 [0.010]**II#2011-03-27       229.862 [0.000]**
II#2011-04-03       63.6738 [0.000]**II#2011-04-17       4.30304 [0.005]**
II#2011-04-24       65.8078 [0.000]**II#2011-05-01       12.8375 [0.000]**
II#2011-05-08       78.3592 [0.000]**II#2011-05-15       31.4694 [0.000]**
II#2011-05-22       34.1513 [0.000]**II#2011-06-05       7.89058 [0.000]**
II#2011-07-17       10.6059 [0.000]**II#2011-08-21       31.2385 [0.000]**
II#2011-10-23       15.0786 [0.000]**II#2012-01-15       38.8992 [0.000]**
II#2012-01-29       28.0272 [0.000]**II#2012-02-12       9.85435 [0.000]**
II#2012-07-22       17.3566 [0.000]**II#2012-07-29       11.8541 [0.000]**
II#2012-08-12       12.7330 [0.000]**II#2012-12-02       14.8583 [0.000]**
II#2012-12-16       5.45637 [0.001]**II#2013-01-27       15.8942 [0.000]**
II#2013-02-03       42.7455 [0.000]**II#2013-02-10       11.9689 [0.000]**
II#2013-03-10       12.4095 [0.000]**II#2013-07-28       4.64458 [0.003]**
II#2013-09-08       6.09319 [0.000]**II#2013-09-22       11.5108 [0.000]**
II#2013-10-20       4.61192 [0.004]**II#2013-11-17       14.3680 [0.000]**
II#2013-12-29       5.31196 [0.001]**II#2014-03-09       4.86700 [0.003]**
II#2014-11-09       10.8877 [0.000]**II#2014-11-16       36.3705 [0.000]**
II#2015-01-11       4.26834 [0.006]**II#2015-02-01       35.7261 [0.000]**
II#2015-02-08       8.02533 [0.000]**II#2015-02-22       11.2083 [0.000]**
II#2015-04-26       6.39291 [0.000]**II#2015-05-31       3.48345 [0.016]* 
II#2015-08-16       3.20093 [0.024]* II#2015-08-23       4.90705 [0.002]**
II#2015-09-06       5.40110 [0.001]**II#2015-09-13       3.89974 [0.009]**
II#2015-09-27       4.40704 [0.005]**II#2015-10-04       23.8175 [0.000]**
II#2015-10-11       59.1793 [0.000]**II#2015-10-25       4.44971 [0.004]**
II#2015-11-01       8.86791 [0.000]**II#2015-11-08       4.68854 [0.003]**
II#2015-11-15       12.1638 [0.000]**II#2015-11-22       41.8775 [0.000]**
II#2015-11-29       8.48990 [0.000]**II#2015-12-06       38.7108 [0.000]**
II#2015-12-13       3.01654 [0.030]* II#2016-01-10       4.46330 [0.004]**
II#2016-01-17       5.30892 [0.001]**II#2016-02-21       15.9196 [0.000]**
II#2016-04-17       6.20480 [0.000]**II#2016-04-24       7.16626 [0.000]**
II#2016-05-08       2.96740 [0.032]* II#2016-05-29       5.05207 [0.002]**
II#2016-07-03       5.56123 [0.001]**II#2016-08-14       3.60712 [0.014]* 
II#2016-08-21       10.3302 [0.000]**II#2016-08-28       6.83704 [0.000]**
II#2016-09-04       5.66035 [0.001]**II#2016-09-18       4.96913 [0.002]**
II#2016-09-25       4.94355 [0.002]**II#2016-10-02       16.7846 [0.000]**
II#2016-10-23       4.70401 [0.003]**II#2016-12-04       6.24909 [0.000]**
II#2016-12-11       31.9456 [0.000]**II#2016-12-18       12.3473 [0.000]**
II#2017-01-01       6.84537 [0.000]**II#2017-01-08       6.38279 [0.000]**
II#2017-01-15       15.0392 [0.000]**II#2017-01-22       14.3501 [0.000]**
II#2017-02-05       8.18763 [0.000]**II#2017-03-12       14.4680 [0.000]**
II#2017-03-19       12.7422 [0.000]**II#2017-03-26       11.6859 [0.000]**
II#2017-04-02       6.73972 [0.000]**II#2017-04-09       3.92564 [0.009]**
II#2017-04-16       8.67945 [0.000]**II#2017-04-23       4.29702 [0.005]**
II#2017-04-30       8.07096 [0.000]**II#2017-05-14       3.28365 [0.021]* 
II#2017-05-21       4.69531 [0.003]**II#2017-05-28       10.1209 [0.000]**
II#2017-06-11       5.04532 [0.002]**II#2017-06-18       12.8223 [0.000]**
II#2017-06-25       97.9838 [0.000]**II#2017-07-02       7.44801 [0.000]**
II#2017-07-09       21.9602 [0.000]**II#2017-07-16       38.9853 [0.000]**
II#2017-07-23       162.144 [0.000]**II#2017-07-30       48.4419 [0.000]**
II#2017-08-06       6.67336 [0.000]**II#2017-08-13       104.179 [0.000]**
II#2017-08-27       21.0411 [0.000]**II#2017-09-03       13.9754 [0.000]**
II#2017-09-10       13.3018 [0.000]**II#2017-09-17       17.0192 [0.000]**
II#2017-09-24       23.8284 [0.000]**II#2017-10-01       3.89086 [0.009]**
II#2017-10-15       4.40415 [0.005]**II#2017-10-29       8.44179 [0.000]**
II#2017-11-05       75.5800 [0.000]**II#2017-11-12       45.3606 [0.000]**
II#2017-12-03       5.66330 [0.001]**II#2017-12-10       15.4200 [0.000]**
II#2017-12-17       13.3340 [0.000]**II#2017-12-24       68.0310 [0.000]**
II#2017-12-31       5.65537 [0.001]**II#2018-01-07       15.6537 [0.000]**
II#2018-01-21       16.7326 [0.000]**II#2018-02-04       9.27912 [0.000]**
II#2018-02-18       7.69285 [0.000]**II#2018-02-25       17.7833 [0.000]**
II#2018-03-04       4.45938 [0.004]**II#2018-03-25       4.73513 [0.003]**
II#2018-04-15       153.070 [0.000]**II#2018-05-06       3.19782 [0.024]* 
II#2018-05-13       117.225 [0.000]**II#2018-05-20       4.48886 [0.004]**
II#2018-06-03       24.8271 [0.000]**II#2018-06-10       152.095 [0.000]**
II#2018-06-17       5.94881 [0.001]**II#2018-06-24       3.26247 [0.022]* 
II#2018-07-01       17.0886 [0.000]**II#2018-07-15       2.63277 [0.050]* 
II#2018-07-22       4.89740 [0.002]**II#2018-08-19       11.5542 [0.000]**
II#2018-08-26       43.8299 [0.000]**II#2018-09-02       225.782 [0.000]**
II#2018-09-09       8.82775 [0.000]**II#2018-09-16       17.2725 [0.000]**
II#2018-09-23       39.1249 [0.000]**II#2018-09-30       43.2096 [0.000]**
II#2018-10-14       9.18327 [0.000]**II#2018-10-28       4.94342 [0.002]**
II#2018-11-04       36.8830 [0.000]**II#2018-11-11       37.9646 [0.000]**
II#2018-11-18       14.4994 [0.000]**II#2018-12-02       10.9544 [0.000]**
II#2018-12-09       7.57884 [0.000]**II#2018-12-16       16.3164 [0.000]**
II#2018-12-30       7.61071 [0.000]**D_star_ETANOL_HIDRATADO U     3.16129 [0.025]* 
D_star_ETANOL_HIDRATADO_1 U     6.92063 [0.000]**D_star_ETANOL_HIDRATADO_2 U     1.20461 [0.308]  
D_star_ETANOL_HIDRATADO_3 U     1.10743 [0.346]  D_star_ETANOL_HIDRATADO_4 U     4.48051 [0.004]**
D_star_ETANOL_HIDRATADO_5 U     6.37841 [0.000]**D_star_ETANOL_HIDRATADO_6 U     2.11037 [0.099]  
D_star_ETANOL_HIDRATADO_7 U     4.29525 [0.005]**D_star_ETANOL_HIDRATADO_8 U     2.05693 [0.106]  
D_star_OLEO_DIESEL U     12.3887 [0.000]**D_star_OLEO_DIESEL_1 U     4.00221 [0.008]**
D_star_OLEO_DIESEL_2 U     12.8010 [0.000]**D_star_OLEO_DIESEL_3 U     3.82436 [0.010]* 
D_star_OLEO_DIESEL_4 U     1.22841 [0.299]  D_star_OLEO_DIESEL_5 U     4.14141 [0.007]**
D_star_OLEO_DIESEL_6 U     2.48261 [0.061]  D_star_OLEO_DIESEL_7 U     8.13846 [0.000]**
D_star_OLEO_DIESEL_8 U     2.52027 [0.058]  D_star_GASOLINA_COMUM U     2.21556 [0.086]  
D_star_GASOLINA_COMUM_1 U    0.973485 [0.405]  D_star_GASOLINA_COMUM_2 U     1.82193 [0.143]  
D_star_GASOLINA_COMUM_3 U     5.53981 [0.001]**D_star_GASOLINA_COMUM_4 U     1.98338 [0.116]  
D_star_GASOLINA_COMUM_5 U     4.77695 [0.003]**D_star_GASOLINA_COMUM_6 U   0.0893308 [0.966]  
D_star_GASOLINA_COMUM_7 U     1.92425 [0.125]  D_star_GASOLINA_COMUM_8 U    0.298698 [0.826]  
     betaZ_1 U        .NaN [.NaN]       D_brent U    0.760029 [0.517]  
   D_brent_1 U    0.711203 [0.546]     D_brent_2 U    0.348804 [0.790]  
   D_brent_3 U    0.439935 [0.725]     D_brent_4 U     1.90465 [0.129]  
   D_brent_5 U    0.545293 [0.652]     D_brent_6 U    0.364721 [0.779]  
   D_brent_7 U     2.62895 [0.050]     D_brent_8 U     3.93755 [0.009]**
  D_lnCambio U     1.24105 [0.295]  D_lnCambio_1 U     3.00709 [0.030]* 
D_lnCambio_2 U     4.17526 [0.006]**D_lnCambio_3 U    0.619356 [0.603]  
D_lnCambio_4 U     2.84582 [0.038]* D_lnCambio_5 U     1.55583 [0.200]  
D_lnCambio_6 U     1.41601 [0.238]  D_lnCambio_7 U     5.03952 [0.002]**
D_lnCambio_8 U    0.318211 [0.812]      Constant U     3.97386 [0.008]**
   CSeasonal U     2.19399 [0.089]   CSeasonal_1 U     1.81338 [0.144]  
 CSeasonal_2 U     3.79035 [0.011]*  CSeasonal_3 U     6.01596 [0.001]**
 CSeasonal_4 U     2.15427 [0.093]   CSeasonal_5 U     1.57306 [0.196]  
 CSeasonal_6 U     3.43195 [0.017]*  CSeasonal_7 U     1.08770 [0.354]  
 CSeasonal_8 U     2.50046 [0.059]   CSeasonal_9 U     2.45770 [0.063]  
CSeasonal_10 U     3.92514 [0.009]**CSeasonal_11 U     3.11479 [0.026]* 
CSeasonal_12 U     3.45357 [0.017]* CSeasonal_13 U     4.97790 [0.002]**
CSeasonal_14 U     3.72844 [0.012]* CSeasonal_15 U     6.91409 [0.000]**
CSeasonal_16 U     3.61884 [0.013]* CSeasonal_17 U     4.01846 [0.008]**
CSeasonal_18 U     2.37874 [0.070]  CSeasonal_19 U     1.96793 [0.119]  
CSeasonal_20 U     2.18965 [0.089]  CSeasonal_21 U     1.69856 [0.167]  
CSeasonal_22 U     1.77084 [0.152]  CSeasonal_23 U     3.68417 [0.012]* 
CSeasonal_24 U    0.709925 [0.547]  CSeasonal_25 U     1.92737 [0.125]  
CSeasonal_26 U     2.86550 [0.037]* CSeasonal_27 U     1.70405 [0.166]  
CSeasonal_28 U     1.77066 [0.153]  CSeasonal_29 U     2.40886 [0.067]  
CSeasonal_30 U     1.68886 [0.169]  CSeasonal_31 U     6.20790 [0.000]**
CSeasonal_32 U     2.62987 [0.050]  CSeasonal_33 U     7.94295 [0.000]**
CSeasonal_34 U     1.02960 [0.380]  CSeasonal_35 U     7.05159 [0.000]**
CSeasonal_36 U     1.50637 [0.213]  CSeasonal_37 U     1.24430 [0.294]  
CSeasonal_38 U     6.25288 [0.000]**CSeasonal_39 U     3.05723 [0.028]* 
CSeasonal_40 U     3.48022 [0.016]* CSeasonal_41 U     5.53015 [0.001]**
CSeasonal_42 U     1.52580 [0.208]  CSeasonal_43 U     3.65806 [0.013]* 
CSeasonal_44 U     1.46005 [0.225]  CSeasonal_45 U     3.31120 [0.020]* 
CSeasonal_46 U     7.53612 [0.000]**CSeasonal_47 U     1.66638 [0.174]  
CSeasonal_48 U     2.15753 [0.093]  CSeasonal_49 U     4.64841 [0.003]**
CSeasonal_50 U     2.61336 [0.051]  

correlation of URF residuals (standard deviations on diagonal)
                      D_R_5_ETANOL_HIDRATADOD_R_5_OLEO_DIESELD_R_5_GASOLINA_COMUM
D_R_5_ETANOL_HIDRATADO    0.0040572     0.063371     0.016965
D_R_5_OLEO_DIESEL          0.063371    0.0025520      0.38200
D_R_5_GASOLINA_COMUM       0.016965      0.38200    0.0025423
correlation between actual and fitted
D_R_5_ETANOL_HIDRATADOD_R_5_OLEO_DIESELD_R_5_GASOLINA_COMUM
      0.98888      0.98331      0.98265

Single equation statistics
                            mean(Y)        se(Y)        sigma          R^2
D_R_5_ETANOL_HIDRATADO   0.00088517     0.018770    0.0040572      0.97788
D_R_5_OLEO_DIESEL        0.00087290    0.0096507    0.0025520      0.96690
D_R_5_GASOLINA_COMUM     0.00067402    0.0094309    0.0025423      0.96560

Single-equation diagnostics using reduced-form residuals:
                               AR 1-7            ARCH 1-7           Normality              Hetero   
D_R_5_ETANOL_HIDRATADO    0.66 [0.7041]       1.48 [0.1694]      68.64 [0.0000]**     .NaN [1.0000]   
D_R_5_OLEO_DIESEL       0.24 [0.9746]       5.71 [0.0000]**   113.71 [0.0000]**     .NaN [1.0000]   
D_R_5_GASOLINA_COMUM    2.11 [0.0421]*     10.95 [0.0000]**   190.16 [0.0000]**     .NaN [1.0000]   

Vector AR 1-7 test:      F(63,941) =   1.2049 [0.1371]  
Vector Normality test:   Chi^2(6)  =   336.19 [0.0000]**
Hetero test: not enough observations
Vector RESET23 test:     F(18,933) =   5.7647 [0.0000]**
When the log-likelihood constant is NOT included:
AIC                  -34.1515  SC                   -26.9190
HQ                   -31.3585  FPE              -2.76287e-16
When the log-likelihood constant is included:
AIC                  -25.6379  SC                   -18.4054
HQ                   -22.8449  FPE              -1.37652e-12

          AIC           SC           HQ          FPE
      -25.638      -18.405      -22.845  -1.3765e-12
>>> AIC: -25.6379
>>> SC: -18.4054
>>> HQ: -22.8449
Fazendo aquisicao de parametros
Processo Extracao da matriz de saturacao (IIS)
Processo Extracao da matriz de longo prazo
Processo Lambda iniciado
Processo Lambda finalizado
Processo Phi iniciado
Processo Phi finalizado
Processo U iniciado
Processo U finalizado
Processo Extracao das variaveis macroeconomicas (matrix de longo Prazo inclusive)

Apagando o modelo PcGive referente a regiao 5


*****************************************
             Regiao 6
*****************************************

Iniciando um nomo objeto do tipo PcGive referente a regiao 6
PcGive package version 16.10, object created on  4-06-2025
(C) Jurgen A Doornik - requires a licensed version of PcGive Professional

Carregando base de dados para regiao 6
	Periodo da base de dados
	Data inicial: 2004-5
	Data final: 2018-41
(1) Iniciando construcao das variaveis star para a regiao 6
	Adicionando variavel star da regiao 6
	Adicionando variavel star da regiao 6 (ETANOL_HIDRATADO)
	Adicionando variavel star da regiao 6 (OLEO_DIESEL)
	Adicionando variavel star da regiao 6 (GASOLINA_COMUM)
	Concluido construcao das variaveis star para a regiao 6
(2) Iniciando construcao da variavel Delta para a regiao 6
	Adicionando variavel Delta da regiao 6 (ETANOL_HIDRATADO)
	Adicionando variavel Delta* da regiao 6 (star_ETANOL_HIDRATADO)
	Adicionando variavel Delta da regiao 6 (OLEO_DIESEL)
	Adicionando variavel Delta* da regiao 6 (star_OLEO_DIESEL)
	Adicionando variavel Delta da regiao 6 (GASOLINA_COMUM)
	Adicionando variavel Delta* da regiao 6 (star_GASOLINA_COMUM)
	Concluido construcao da variavel Delta para a regiao 6
(3) Iniciando construcao da variavel beta*Z (Cointegracao) para a regiao 6
	Adicionando variavel R_6_ETANOL_HIDRATADO
	Adicionando variavel R_6_OLEO_DIESEL
	Adicionando variavel R_6_GASOLINA_COMUM
	Adicionando variavel star_ETANOL_HIDRATADO
	Adicionando variavel star_OLEO_DIESEL
	Adicionando variavel star_GASOLINA_COMUM
	Adicionando variavel brent
	Adicionando variavel lnCambio

                ETA          DIS          GAS         ETA*         DIS*         GAS*        brent           FX
T_1         0.69634      0.40065      0.87121      0.16633      0.34622      0.70710       3.6298       1.1361
T_2         0.69729      0.40373      0.87175      0.15880      0.34709      0.70507       3.6192       1.1460
T_3         0.70191      0.40386      0.87087      0.17349      0.34773      0.70688       3.6137       1.1467
T_4         0.70468      0.40139      0.87087      0.21009      0.34951      0.71359       3.6110       1.1436
            0.71045      0.41098      0.88100      0.21970      0.34812      0.71631       3.5694       1.1379
            0.71300      0.42546      0.89388      0.22509      0.36467      0.72536       3.5746       1.1446

                T_1          T_2          T_3          T_4                                                    
ETA          1.0000      -90.872      -34.683       18.270       101.77       1.7667      -2.9643      -3.5648
rows: 
[0] = betaZ_1
	Concluido construcao da variavel beta*Z (Cointegracao) para a regiao 6
(4) Iniciando adicao de macrovariaveis para a regiao 6
	Adicao de macrovariaveis em primeira differenca para a regiao 6
(6) Construindo modelo de estimacao da regiao 6
	Adicionando variavel dependente da regiao 6 (ETANOL_HIDRATADO)
	Adicionando variavel dependente da regiao 6 (OLEO_DIESEL)
	Adicionando variavel dependente da regiao 6 (GASOLINA_COMUM)
	Adicionando variavel independente (lag da independente) da regiao 6 (ETANOL_HIDRATADO)
	Adicionando variavel independente (lag da independente) da regiao 6 (OLEO_DIESEL)
	Adicionando variavel independente (lag da independente) da regiao 6 (GASOLINA_COMUM)
	Adicionando variavel star da regiao 6 (ETANOL_HIDRATADO)
	Adicionando variavel star da regiao 6 (OLEO_DIESEL)
	Adicionando variavel star da regiao 6 (GASOLINA_COMUM)
	Adicionado: D_brent
	Adicionado: D_lnCambio
	Adicionado: Constant
	Adicionado: CSeasonal U
Processo IIS LIGADO para esta regiao
INICIANDO ESTIMACAO

Autometrics identification block search over regressors
no. initial regressors    715  no. of observations       715
significance level       0.01  block method         standard
extension effort     standard  reduction effort     standard
block backtesting        GUM0  used in blocks      A,B,C1,D1


A. Step 1: block search for omitted regressors
   significance           0.01  diagnostics             off
   no of blocks              6  blocked by         variable
   0(127):9 1(127):13 2(127):0 3(127):0 4(127):0 5(80):26  found: 48
A. Step 2   size= 48 #pars= 510 loglik=     8905.74 selected: 48

B. Step 1: block search for omitted regressors
   significance           0.01  diagnostics         delayed
   no of blocks              6  blocked by         variable
   0(175):5 1(175):0 2(175):42 3(175):0 4(175):11 5(80):2  found: 60
B. Step 2   size=108 #pars= 648 loglik=     9544.41 selected: 94

B. Step 1: block search for omitted regressors
   significance           0.01  diagnostics         delayed
   no of blocks              5  blocked by         variable
   0(221):13 1(221):0 2(221):0 3(221):0 4(207):0  found: 13
B. Step 2   size=107 #pars= 657 loglik=     9642.92 selected: 97

B. Step 1: block search for omitted regressors
   significance           0.01  diagnostics              on
   no of blocks              5  blocked by         variable
   0(224):4 1(224):5 2(224):0 3(224):0 4(207):4  found: 13
B. Step 2   size=110 #pars= 663 loglik=     9785.37 selected: 99

B. Step 1: block search for omitted regressors
   significance           0.01  diagnostics              on
   no of blocks              5  blocked by         variable
   0(226):12 1(226):0 2(226):1 3(226):0 4(207):0  found: 13
B. Step 2   size=112 #pars= 702 loglik=     9894.26 selected: 112

B. Step 1: block search for omitted regressors
   significance           0.01  diagnostics              on
   no of blocks              5  blocked by         variable
   0(239):126 1(239):126 2(239):125 3(239):40 4(207):6  found: 423
B. Step 1 (continued): 
   significance           0.01  diagnostics              on
   0(239):125 1(239):126 2(239):125 3(154):11  found: 387
B. Step 2   size=240 #pars=1053 loglik=     10857.2 selected: 229

B. Step 1: block search for omitted regressors
   significance           0.01  diagnostics              on
   no of blocks              4  blocked by         variable
   0(356):0 1(356):0 2(356):0 3(334):16  found: 16
B. Step 2   size=245 #pars=1092 loglik=     11060.5 selected: 242

B. Step 1: block search for omitted regressors
   significance           0.01  diagnostics              on
   no of blocks              4  blocked by         variable
   0(369):0 1(369):0 2(369):0 3(334):0  found: 0

C. Step 1: block search for omitted regressors
   significance           0.02  diagnostics              on
   no of blocks              4  blocked by         variable
   0(369):0 1(369):3 2(369):0 3(334):0  found: 3
C. Step 2   size=245 #pars= 735 loglik=     10140.1 selected: 123

D. Step 1: block search for omitted regressors
   significance           0.01  diagnostics              on
   no of blocks              5  blocked by         variable
   0(250):13 1(250):0 2(250):0 3(250):0 4(207):4  found: 17
D. Step 2   size=140 #pars= 744 loglik=     10175.4 selected: 126

D. Step 1: block search for omitted regressors
   significance           0.01  diagnostics              on
   no of blocks              5  blocked by         variable
   0(253):9 1(253):0 2(253):3 3(253):0 4(207):0  found: 12
D. Step 2   size=138 #pars= 744 loglik=     10179.2 selected: 126

Block search complete, estimated 52087 models in  1:36:37.96
- final selection size=264 regs=264 total= 386 loglik=     11145.1


---------- Autometrics: dimensions of initial GUM ----------
no. of observations       715  no. of parameters        1158
no. free regressors (k1)  264  no. free components (k2)    0
no. of equations            3  no. diagnostic tests        4

Fixed regressors:  D_R_6_ETANOL_HIDRATADO_1 D_R_6_ETANOL_HIDRATADO_2 D_R_6_ETANOL_HIDRATADO_3 D_R_6_ETANOL_HIDRATADO_4
 D_R_6_ETANOL_HIDRATADO_5 D_R_6_ETANOL_HIDRATADO_6 D_R_6_ETANOL_HIDRATADO_7 D_R_6_ETANOL_HIDRATADO_8
 D_R_6_OLEO_DIESEL_1 D_R_6_OLEO_DIESEL_2 D_R_6_OLEO_DIESEL_3 D_R_6_OLEO_DIESEL_4 D_R_6_OLEO_DIESEL_5
 D_R_6_OLEO_DIESEL_6 D_R_6_OLEO_DIESEL_7 D_R_6_OLEO_DIESEL_8 D_R_6_GASOLINA_COMUM_1 D_R_6_GASOLINA_COMUM_2
 D_R_6_GASOLINA_COMUM_3 D_R_6_GASOLINA_COMUM_4 D_R_6_GASOLINA_COMUM_5 D_R_6_GASOLINA_COMUM_6 D_R_6_GASOLINA_COMUM_7
 D_R_6_GASOLINA_COMUM_8 D_star_ETANOL_HIDRATADO D_star_ETANOL_HIDRATADO_1 D_star_ETANOL_HIDRATADO_2 D_star_ETANOL_HIDRATADO_3
 D_star_ETANOL_HIDRATADO_4 D_star_ETANOL_HIDRATADO_5 D_star_ETANOL_HIDRATADO_6 D_star_ETANOL_HIDRATADO_7
 D_star_ETANOL_HIDRATADO_8 D_star_OLEO_DIESEL D_star_OLEO_DIESEL_1 D_star_OLEO_DIESEL_2 D_star_OLEO_DIESEL_3
 D_star_OLEO_DIESEL_4 D_star_OLEO_DIESEL_5 D_star_OLEO_DIESEL_6 D_star_OLEO_DIESEL_7 D_star_OLEO_DIESEL_8
 D_star_GASOLINA_COMUM D_star_GASOLINA_COMUM_1 D_star_GASOLINA_COMUM_2 D_star_GASOLINA_COMUM_3 D_star_GASOLINA_COMUM_4
 D_star_GASOLINA_COMUM_5 D_star_GASOLINA_COMUM_6 D_star_GASOLINA_COMUM_7 D_star_GASOLINA_COMUM_8 betaZ_1
 D_brent D_brent_1 D_brent_2 D_brent_3 D_brent_4 D_brent_5 D_brent_6 D_brent_7 D_brent_8 D_lnCambio D_lnCambio_1
 D_lnCambio_2 D_lnCambio_3 D_lnCambio_4 D_lnCambio_5 D_lnCambio_6 D_lnCambio_7 D_lnCambio_8 Constant
 CSeasonal CSeasonal_1 ... CSeasonal_50

Presearch reduction: none removed

[0.3] Testing GUM 0 at 0.114127:  LRF(792) [0.0000] kept

[1.0] Start of Autometrics tree search

Searching from GUM 0  k= 264 loglik=     11145.1
Found new terminal 1  k= 227 loglik=     10993.9 SC=   -21.128
Found new terminal 2  k= 228 loglik=     10996.5 SC=   -21.108
Found new terminal 3  k= 226 loglik=     10987.9 SC=   -21.139
Found new terminal 4  k= 228 loglik=     10997.5 SC=   -21.111
Found new terminal 5  k= 228 loglik=     10995.4 SC=   -21.105
Found new terminal 6  k= 227 loglik=     10992.0 SC=   -21.123
Found new terminal 7  k= 227 loglik=     10992.0 SC=   -21.123
Found new terminal 8  k= 227 loglik=     10991.3 SC=   -21.121
Found new terminal 9  k= 228 loglik=     10997.1 SC=   -21.109
Found new terminal 10 k= 227 loglik=     10992.1 SC=   -21.123
Found new terminal 11 k= 228 loglik=     10996.8 SC=   -21.109
Found new terminal 12 k= 227 loglik=     10993.3 SC=   -21.126
Found new terminal 13 k= 227 loglik=     10992.5 SC=   -21.124
Found new terminal 14 k= 227 loglik=     10993.1 SC=   -21.126
Found new terminal 15 k= 227 loglik=     10991.6 SC=   -21.122
Found new terminal 16 k= 227 loglik=     10991.3 SC=   -21.121
Found new terminal 17 k= 230 loglik=     11002.1 SC=   -21.068
Found new terminal 18 k= 228 loglik=     10996.9 SC=   -21.109
Found new terminal 19 k= 228 loglik=     10995.2 SC=   -21.104
Found new terminal 20 k= 228 loglik=     10997.4 SC=   -21.110
Maximum number of terminal candidates reached

Searching for contrasting terminals in terminal paths
Maximum number of terminal candidates reached

Encompassing test against GUM 0 removes: none

Searching from GUM 1  k= 236 loglik=     11047.6 LRF_GUM0(28) [0.2364]
Recalling terminal 1  k= 227 loglik=     10993.9 SC=   -21.128
Recalling terminal 2  k= 228 loglik=     10996.5 SC=   -21.108
Recalling terminal 3  k= 226 loglik=     10987.9 SC=   -21.139
Recalling terminal 4  k= 228 loglik=     10997.5 SC=   -21.111
Recalling terminal 5  k= 228 loglik=     10995.4 SC=   -21.105
Recalling terminal 6  k= 227 loglik=     10992.0 SC=   -21.123
Recalling terminal 7  k= 227 loglik=     10992.0 SC=   -21.123
Recalling terminal 8  k= 227 loglik=     10991.3 SC=   -21.121
Recalling terminal 9  k= 228 loglik=     10997.1 SC=   -21.109
Recalling terminal 10 k= 227 loglik=     10992.1 SC=   -21.123
Recalling terminal 11 k= 228 loglik=     10996.8 SC=   -21.109
Recalling terminal 12 k= 227 loglik=     10993.3 SC=   -21.126
Recalling terminal 13 k= 227 loglik=     10992.5 SC=   -21.124
Recalling terminal 14 k= 227 loglik=     10993.1 SC=   -21.126
Recalling terminal 15 k= 227 loglik=     10991.6 SC=   -21.122
Recalling terminal 16 k= 227 loglik=     10991.3 SC=   -21.121
Recalling terminal 17 k= 230 loglik=     11002.1 SC=   -21.068
Recalling terminal 18 k= 228 loglik=     10996.9 SC=   -21.109
Recalling terminal 19 k= 228 loglik=     10995.2 SC=   -21.104
Recalling terminal 20 k= 228 loglik=     10997.4 SC=   -21.110
Maximum number of terminal candidates reached

Searching for contrasting terminals in terminal paths
Maximum number of terminal candidates reached

[2.0] Selection of final model from terminal candidates: terminal 3

p-values in Final GUM and terminal model(s)
                 Final GUM  terminal 1  terminal 2  terminal 3  terminal 4  terminal 5  terminal 6  terminal 7  terminal 8  terminal 9 terminal 10 terminal 11 terminal 12 terminal 13 terminal 14 terminal 15 terminal 16 terminal 17 terminal 18 terminal 19 terminal 20
II#2005-05-01   0.00000082  0.00000109  0.00000120  0.00000187  0.00000114  0.00000136  0.00000100  0.00000154  0.00000166  0.00000114  0.00000150  0.00000120  0.00000127  0.00000123  0.00000158  0.00000116  0.00000108  0.00000514  0.00000123  0.00000176  0.00000085
II#2005-05-08   0.00000000  0.00000000  0.00000000  0.00000000  0.00000000  0.00000000  0.00000000  0.00000000  0.00000000  0.00000000  0.00000000  0.00000000  0.00000000  0.00000000  0.00000000  0.00000000  0.00000000  0.00000000  0.00000000  0.00000000  0.00000000
II#2005-05-15   0.00096825  0.00085977  0.00098150  0.00105988  0.00084638  0.00067885  0.00130349  0.00086188  0.00092072  0.00100063  0.00143657  0.00097670  0.00113278  0.00093886  0.00134496  0.00097369  0.00088662  0.00101535  0.00080181  0.00084552  0.00196678
II#2005-08-14   0.00000000  0.00000000  0.00000000  0.00000000  0.00000000  0.00000000  0.00000000  0.00000000  0.00000000  0.00000000  0.00000000  0.00000000  0.00000000  0.00000000  0.00000000  0.00000000  0.00000000  0.00000000  0.00000000  0.00000000  0.00000000
II#2005-08-21   0.00000000  0.00000000  0.00000000  0.00000000  0.00000000  0.00000000  0.00000000  0.00000000  0.00000000  0.00000000  0.00000000  0.00000000  0.00000000  0.00000000  0.00000000  0.00000000  0.00000000  0.00000000  0.00000000  0.00000000  0.00000000
II#2005-08-28   0.00000000  0.00000000  0.00000000  0.00000000  0.00000000  0.00000000  0.00000000  0.00000000  0.00000000  0.00000000  0.00000000  0.00000000  0.00000000  0.00000000  0.00000000  0.00000000  0.00000000  0.00000000  0.00000000  0.00000000  0.00000000
II#2005-09-04   0.00000000  0.00000000  0.00000000  0.00000000  0.00000000  0.00000000  0.00000000  0.00000000  0.00000000  0.00000000  0.00000000  0.00000000  0.00000000  0.00000000  0.00000000  0.00000000  0.00000000  0.00000000  0.00000000  0.00000000  0.00000000
II#2005-09-11   0.00000000  0.00000000  0.00000000  0.00000000  0.00000000  0.00000000  0.00000000  0.00000000  0.00000000  0.00000000  0.00000000  0.00000000  0.00000000  0.00000000  0.00000000  0.00000000  0.00000000  0.00000000  0.00000000  0.00000000  0.00000000
II#2005-09-18   0.00000000  0.00000000  0.00000000  0.00000000  0.00000000  0.00000000  0.00000000  0.00000000  0.00000000  0.00000000  0.00000000  0.00000000  0.00000000  0.00000000  0.00000000  0.00000000  0.00000000  0.00000000  0.00000000  0.00000000  0.00000000
II#2005-09-25   0.00000141  0.00000628  0.00001208  0.00000207  0.00001116  0.00000051  0.00000292  0.00000223  0.00000249  0.00001663  0.00001454  0.00000290  0.00000415  0.00000460  0.00000588  0.00000559  0.00000571  0.00000596  0.00000790  0.00000464  0.00000586
II#2005-10-09   0.00000000  0.00000000  0.00000000  0.00000000  0.00000000  0.00000000  0.00000000  0.00000000  0.00000000  0.00000000  0.00000000  0.00000000  0.00000000  0.00000000  0.00000000  0.00000000  0.00000000  0.00000000  0.00000000  0.00000000  0.00000000
II#2005-10-16   0.00000000  0.00000000  0.00000000  0.00000000  0.00000000  0.00000000  0.00000000  0.00000000  0.00000000  0.00000000  0.00000000  0.00000000  0.00000000  0.00000000  0.00000000  0.00000000  0.00000000  0.00000000  0.00000000  0.00000000  0.00000000
II#2005-10-23   0.00000000  0.00000000  0.00000000  0.00000000  0.00000000  0.00000000  0.00000000  0.00000000  0.00000000  0.00000000  0.00000000  0.00000000  0.00000000  0.00000000  0.00000000  0.00000000  0.00000000  0.00000000  0.00000000  0.00000000  0.00000000
II#2005-10-30   0.00000000  0.00000000  0.00000000  0.00000000  0.00000000  0.00000000  0.00000000  0.00000000  0.00000000  0.00000000  0.00000000  0.00000000  0.00000000  0.00000000  0.00000000  0.00000000  0.00000000  0.00000000  0.00000000  0.00000000  0.00000000
II#2005-11-06   0.00000037  0.00000006  0.00000014  0.00000002  0.00000008  0.00000543  0.00000007  0.00000001  0.00000001  0.00000008  0.00000015  0.00000003  0.00000002  0.00000010  0.00000011  0.00000014  0.00000010  0.00000010  0.00000006  0.00000002  0.00000005
II#2005-11-27   0.00000217  0.00000373  0.00000013  0.00000202  0.00000441  0.00000183  0.00000455  0.00000295  0.00000169  0.00002962  0.00000563  0.00000417  0.00000048  0.00000244  0.00000767  0.00000446  0.00000450  0.00152865  0.00000661  0.00000212  0.00001060
II#2005-12-11   0.00193232  0.00156807  0.00021942  0.00061564  0.00191972  0.00180804  0.00221721  0.00076416  0.00054542  0.00202724  0.00445577  0.00138424  0.00003224  0.00090478  0.00202659  0.00173324  0.00187256  0.04235062  0.00192719  0.00075339  0.00300961
II#2006-01-08   0.00002049  0.00001076  0.00001766  0.00002711  0.00001544  0.00001924  0.00001445  0.00002882  0.00003880  0.00001459  0.00001747  0.00001177  0.00001611  0.00001434  0.00001343  0.00001688  0.00001430  0.00004111  0.00001670  0.00003655  0.00001106
II#2006-01-22   0.00843810  0.00333927  0.00840793  0.00464760  0.00144884  0.00612966  0.00244259  0.00638349  0.00393281  0.00263475  0.00453628  0.00260843  0.00573552  0.00280969  0.00338944  0.00329491  0.00413178  0.00450285  0.00494752  0.00410945  0.00302098
II#2006-01-29   0.00016232  0.00009057  0.00009703  0.00015026  0.00008036  0.00020849  0.00008161  0.00009526  0.00013467  0.00015651  0.00018105  0.00007180  0.00005489  0.00029538  0.00009423  0.00010175  0.00010035  0.00013964  0.00009357  0.00018101  0.00013916
II#2006-02-05   0.08991655           .           .           .  0.05100666           .  0.08712073  0.06833263  0.05197870           .           .           .  0.05433386           .           .           .           .  0.08807901           .  0.04086743           .
II#2006-02-12   0.00003937  0.00003302  0.00006604  0.00002573  0.00001728  0.00005752  0.00003344  0.00003127  0.00001986  0.00002527  0.00002995  0.00002780  0.00001894  0.00002622  0.00003646  0.00002572  0.00002212  0.00002292  0.00002739  0.00001593  0.00002457
II#2006-02-19   0.00006615  0.00041944  0.00032449  0.00026172  0.00006633  0.00011018  0.00021978  0.00022586  0.00014440  0.00008208  0.00022988  0.00040225  0.00020871  0.00041131  0.00019057  0.00034122  0.00028559  0.00002265  0.00028258  0.00018058  0.00035988
II#2006-03-05   0.00000000  0.00000000  0.00000000  0.00000000  0.00000000  0.00000000  0.00000000  0.00000000  0.00000000  0.00000000  0.00000000  0.00000000  0.00000000  0.00000000  0.00000000  0.00000000  0.00000000  0.00000000  0.00000000  0.00000000  0.00000000
II#2006-03-19   0.01176027  0.00643559  0.00997630  0.00618515  0.00445066  0.01029278  0.00516440  0.00887005  0.00543999  0.00511032  0.00448242  0.00524443  0.00883627  0.00898970  0.00561573  0.00601534  0.00503343  0.00287311  0.00877960  0.00644861  0.00672519
II#2006-04-02   0.00962984  0.03881780  0.01891153  0.01871631  0.00808926  0.02207709  0.00957795  0.00562757  0.00544680  0.02480101  0.03331523  0.03462674  0.00576831  0.03006801  0.03649936  0.03032830  0.03939487  0.01396261  0.03312210  0.00127457  0.02697253
II#2006-04-16   0.07545002  0.06644759  0.07229806  0.04923005  0.07395395  0.02814912  0.06874397  0.05578375  0.05526434  0.06895280  0.06460700  0.08147980  0.04333208  0.07921098           .  0.06543056  0.06600318           .  0.07988549  0.07854584  0.06950647
II#2006-05-14   0.01818763  0.02553234  0.01087166  0.03007187  0.02183494  0.03116047  0.02849014  0.02403090  0.03587031  0.01513620  0.01760849  0.02453154  0.02006720  0.04193744  0.02805919  0.02662903  0.02774446  0.01350026  0.01693677  0.03199157           .
II#2006-06-04   0.00787071  0.01640125  0.00870079  0.00901992  0.01356829  0.01428026  0.01827125  0.00569384  0.00604377  0.01608680  0.01666664  0.01586446  0.00661760  0.01703816  0.01805506  0.01572815  0.01594554  0.01483647  0.01542693  0.00867363  0.01492032
II#2006-07-16   0.01486767  0.01708186  0.01974131  0.01490797  0.00850582  0.02349375  0.01507721  0.01471158  0.01181526  0.01709612  0.01404829  0.01885577  0.01129414  0.01873336  0.02759318  0.01573988  0.01581087  0.01921575  0.01704963  0.01360389  0.01671340
II#2006-07-30   0.00423203  0.00488934  0.00658647  0.00353237  0.00574604  0.00403086  0.00476929  0.00355081  0.00418884  0.00600045  0.00562329  0.00425747  0.00335529  0.00367087  0.00488598  0.00482989  0.00492439  0.00513887  0.00533037  0.00508534  0.00516854
II#2006-08-27   0.00713116  0.00806416  0.00764161  0.00705506  0.00786802  0.00695873  0.01054914  0.00911882  0.00842073  0.00880954  0.00857735  0.00843132  0.00681951  0.00653338  0.00891242  0.00848277  0.00866640  0.01311803  0.00841083  0.00771910  0.01154100
II#2006-09-17   0.10410466           .  0.08762510  0.08857383           .           .           .  0.08238562  0.07470262           .           .  0.03567653  0.09093994           .           .           .           .  0.09115129           .  0.08106022           .
II#2006-09-24   0.00129493  0.00192582  0.00161300  0.00230706  0.00162608  0.00209598  0.00213091  0.00185661  0.00287115  0.00088793  0.00144064  0.00171253  0.00419612  0.00337407  0.00203160  0.00198421  0.00213116  0.00053839  0.00161731  0.00209256  0.00261178
II#2006-10-08   0.00000895  0.00001381  0.00001517  0.00000629  0.00001365  0.00000811  0.00001540  0.00000773  0.00000815  0.00001949  0.00001480  0.00001425  0.00000975  0.00001343  0.00001286  0.00001397  0.00001367  0.00001549  0.00001218  0.00000700  0.00001561
II#2006-10-15   0.00174832  0.00296234  0.00357377  0.00393278  0.00378912  0.00209255  0.00277279  0.00252707  0.00319622  0.00307333  0.00293668  0.00287445  0.00331925  0.00250268  0.00261961  0.00270852  0.00296603  0.00265450  0.00342995  0.00471976  0.00295750
II#2006-11-12   0.10583920           .           .  0.06476388           .  0.08785840           .  0.06105653  0.06351229           .           .           .  0.03791788  0.08579568           .           .           .           .           .  0.04644200           .
II#2006-12-10   0.00233944  0.00463023  0.00197287  0.00807355  0.00272133  0.00184814  0.00560046  0.00832582  0.01106693  0.00307508  0.00295090  0.00633388  0.00597175  0.00517404  0.00491953  0.00489943  0.00496151  0.00404882  0.00605847  0.00609287  0.00509946
II#2006-12-24   0.00195762  0.00193621  0.00264778  0.00138822  0.00239816  0.00228821  0.00227813  0.00126850  0.00153439  0.00315865  0.00282007  0.00198956  0.00092737  0.00178035  0.00192945  0.00199896  0.00199250  0.00299663  0.00179127  0.00145307  0.00197116
II#2007-01-14   0.02756885  0.01919153  0.01448148  0.02858185  0.01678985  0.03499952  0.02018617  0.02467873           .  0.01304498  0.01273794  0.02470000  0.02586037  0.02158908  0.01995413  0.01996682  0.01989315  0.01882859  0.01360009  0.02865355  0.02240248
II#2007-01-21   0.00148369  0.00541999  0.00119885  0.00496207  0.00346049  0.00110895  0.00717257  0.00390541  0.00529897  0.00135425  0.00269190  0.00427822  0.00613884  0.00664474  0.00617026  0.00645747  0.00685386  0.00279978  0.00508792  0.00500160  0.00819913
II#2007-01-28   0.00000000  0.00000001  0.00000001  0.00000000  0.00000000  0.00000000  0.00000000  0.00000000  0.00000000  0.00000000  0.00000000  0.00000000  0.00000000  0.00000000  0.00000000  0.00000000  0.00000000  0.00000000  0.00000001  0.00000000  0.00000001
II#2007-02-04   0.07030308  0.05258806  0.10685018           .  0.06151029  0.04863946  0.06646883           .           .  0.05612165  0.08553409  0.05907558           .  0.10494859  0.04887387  0.05799487  0.05607837  0.07526481  0.06694289           .  0.05830120
II#2007-02-11   0.00017808  0.00049209  0.00019288  0.00035689  0.00038604  0.00016907  0.00050603  0.00035730  0.00054402  0.00030341  0.00034105  0.00040877  0.00056702  0.00080505  0.00048927  0.00046992  0.00045213  0.00017475  0.00050604  0.00035178  0.00064047
II#2007-02-25   0.00008658  0.00015133  0.00043435  0.00024179  0.00002790  0.00023800  0.00009938  0.00052600  0.00012765  0.00009152  0.00011658  0.00018816  0.00019046  0.00013442  0.00012037  0.00012561  0.00013239  0.00004533  0.00012012  0.00003373  0.00010439
II#2007-03-04   0.01899688  0.01554459  0.02531083  0.00644788  0.00974357  0.02962708  0.01315643  0.00247755  0.00299598  0.01332503  0.01546565  0.01763777  0.00266411  0.00890611  0.01997222  0.01328532  0.01292243  0.01605424  0.01420118  0.00396838  0.01288518
II#2007-03-11   0.03620302  0.06598749  0.05595199           .  0.05211042  0.02689149  0.08696727           .           .  0.05603720  0.08049569  0.06648716           .  0.08351280  0.04726457  0.06853752  0.06617701  0.03647786  0.05287102  0.08307118  0.07051105
II#2007-03-18   0.04262183  0.04664032  0.04929802  0.04097218  0.03749872  0.04718587  0.03235593           .  0.04616197  0.04322430  0.04415518  0.05016811  0.03320131  0.03714357  0.03896567  0.04597215  0.01939558  0.03790920  0.04697672  0.03441765  0.04482931
II#2007-03-25   0.00087248  0.00149064  0.00277123  0.00237053  0.00126685  0.00049433  0.00115855  0.00300646  0.00223473  0.00161790  0.00258720  0.00121155  0.00219930  0.00188890  0.00147001  0.00147715  0.00126742  0.00099824  0.00098187  0.00188662  0.00099291
II#2007-05-06   0.00087291  0.00151492  0.00097451  0.00151016  0.00113360  0.00090280  0.00102211  0.00155118  0.00126308  0.00126644  0.00122917  0.00152877  0.00099810  0.00155212  0.00122084  0.00145437  0.00146290  0.00080106  0.00160547  0.00126451  0.00193865
II#2007-05-13   0.00629690  0.01444102  0.00977535  0.01316816  0.00932459  0.00883389  0.01195814  0.01092450  0.01178522  0.00967754  0.01186820  0.01223950  0.01373276  0.01444060  0.01369679  0.01418009  0.01415066  0.00811046  0.01151362  0.01214610  0.02434716
II#2007-05-27   0.00239696  0.00387212  0.00354226  0.00439047  0.00236622  0.00260046  0.00318574  0.00368235  0.00498777  0.00280055  0.00318287  0.00335940  0.00198698  0.00292311  0.00314844  0.00317083  0.00288720  0.00486268  0.00319637  0.00387806  0.00378878
II#2007-06-03   0.00000000  0.00000000  0.00000000  0.00000000  0.00000000  0.00000000  0.00000000  0.00000000  0.00000000  0.00000000  0.00000000  0.00000000  0.00000001  0.00000000  0.00000000  0.00000000  0.00000000  0.00000000  0.00000000  0.00000000  0.00000000
II#2007-06-10   0.00000038  0.00000147  0.00000122  0.00000186  0.00000077  0.00000056  0.00000131  0.00000174  0.00000242  0.00000080  0.00000095  0.00000121  0.00000337  0.00000129  0.00000147  0.00000146  0.00000166  0.00000057  0.00000216  0.00000171  0.00000340
II#2007-07-08   0.11557883           .  0.09593771           .           .           .           .           .           .           .           .           .           .           .           .           .           .           .           .           .           .
II#2007-07-15   0.00285506  0.00368765  0.00230106  0.00304403  0.00241386  0.00265233  0.00351967  0.00238302  0.00390344  0.00457199  0.00305245  0.00411190  0.00370733  0.00289469  0.00386367  0.00390840  0.00416928  0.00436733  0.00391530  0.00361416  0.00390926
II#2007-07-29   0.00002931  0.00006526  0.00002296  0.00013164  0.00003244  0.00006899  0.00009272  0.00006633  0.00016300  0.00002670  0.00002956  0.00007858  0.00022045  0.00007871  0.00006462  0.00007200  0.00007269  0.00002045  0.00004505  0.00008018  0.00008993
II#2007-08-05   0.00010250  0.00034767  0.00018728  0.00052449  0.00019021  0.00013930  0.00043250  0.00046324  0.00049098  0.00026940  0.00016369  0.00031328  0.00044435  0.00024025  0.00045868  0.00031480  0.00029915  0.00025061  0.00029464  0.00027807  0.00034030
II#2007-08-12   0.00260595  0.00378815  0.00490823  0.00571074  0.00250120  0.00192655  0.00378041  0.00689794  0.00485064  0.00372004  0.00381947  0.00270957  0.00705489  0.00344308  0.00339164  0.00379594  0.00391464  0.00276403  0.00857028  0.00524140  0.00462849
II#2007-08-26   0.00003388  0.00001489  0.00002519  0.00002353  0.00004409  0.00002461  0.00004586  0.00004970  0.00002928  0.00006783  0.00004214  0.00001861  0.00003650  0.00001333  0.00003468  0.00001939  0.00001974  0.00022620  0.00002774  0.00002557  0.00002863
II#2007-09-09   0.00002725  0.00004496  0.00003704  0.00001798  0.00005156  0.00003071  0.00005140  0.00001356  0.00001992  0.00005357  0.00003402  0.00003476  0.00002707  0.00003582  0.00004538  0.00004465  0.00004531  0.00006671  0.00005083  0.00001384  0.00007078
II#2007-09-16   0.00032264  0.00023156  0.00057666  0.00014193  0.00009382  0.00021772  0.00010872  0.00021584  0.00019263  0.00012012  0.00012204  0.00142113  0.00013932  0.00010600  0.00011842  0.00011812  0.00011130  0.00043856  0.00013554  0.00025375  0.00014363
II#2007-10-07   0.00003218  0.00002980  0.00003358  0.00002766  0.00003354  0.00007480  0.00003088  0.00001901  0.00003880  0.00002481  0.00002497  0.00002772  0.00002769  0.00002439  0.00002874  0.00002799  0.00002891  0.00002285  0.00002339  0.00003831  0.00003395
II#2007-10-14   0.00000000  0.00000001  0.00000000  0.00000001  0.00000001  0.00000001  0.00000000  0.00000001  0.00000001  0.00000001  0.00000000  0.00000000  0.00000001  0.00000000  0.00000000  0.00000000  0.00000000  0.00000000  0.00000000  0.00000000  0.00000000
II#2007-10-21   0.00020269  0.00018794  0.00032373  0.00005202  0.00014446  0.00006900  0.00016093  0.00007055  0.00005716  0.00013483  0.00013077  0.00017607  0.00003862  0.00013207  0.00030524  0.00014476  0.00014036  0.00023671  0.00021274  0.00009173  0.00014833
II#2007-11-04   0.03589606  0.04585102  0.02804620  0.06673162  0.03504117  0.05205253  0.04588537  0.04419911  0.07895120  0.03259950  0.03285569  0.04780665  0.06958687           .  0.04621598  0.04568979  0.04473465  0.01499283  0.02785283  0.08251529  0.06254288
II#2007-11-18   0.00080858  0.00061994  0.00086613  0.00081198  0.00077166  0.00044190  0.00078775  0.00121477  0.00123652  0.00072527  0.00169406  0.00058390  0.00049686  0.00099173  0.00057952  0.00055896  0.00055455  0.00138745  0.00056219  0.00103474  0.00084167
II#2007-11-25   0.10974954           .  0.06099043           .           .           .           .  0.10071455           .  0.07568979  0.06728208           .           .           .           .           .           .  0.04687781  0.07732938           .           .
II#2007-12-09   0.00000291  0.00000394  0.00001205  0.00000122  0.00001633  0.00000472  0.00000430  0.00000067  0.00000098  0.00001151  0.00001005  0.00000279  0.00000081  0.00000324  0.00000401  0.00000388  0.00000384  0.00000850  0.00000463  0.00000123  0.00000556
II#2007-12-23   0.00164695  0.00129560  0.00264700  0.00177973  0.00112293  0.00192738  0.00088038  0.00124763  0.00199965  0.00240156  0.00181373  0.00117857  0.00084197  0.00332390  0.00170773  0.00126169  0.00126201  0.00135555  0.00110427  0.00206528  0.00156607
II#2007-12-30   0.00601222  0.00542032  0.00789987  0.00581980  0.00709439  0.00463993  0.00724345  0.00565422  0.00528680  0.00643217  0.01131452  0.00520083  0.00420498  0.00710714  0.00429670  0.00547911  0.00595653  0.00416525  0.00615969  0.00546494  0.00525404
II#2008-01-13   0.00145894  0.00339770  0.00226918  0.00286280  0.00310743  0.00049699  0.00331402  0.00264130  0.00965790  0.00233361  0.00222258  0.00411122  0.00439595  0.00316658  0.00380532  0.00320758  0.00340991  0.00222396  0.00243080  0.00211165  0.00298652
II#2008-01-20   0.00439355  0.00729230  0.00448990  0.00582537  0.01009490  0.01119845  0.00692359  0.00593129  0.00688078  0.00748395  0.00558460  0.00563133  0.01175094  0.00699004  0.00613954  0.00696167  0.00707568  0.00615500  0.00471132  0.00530329  0.00759564
II#2008-02-03   0.07228080  0.07600747           .           .  0.05942533  0.05690556  0.06268618           .           .  0.08328375           .  0.06851378  0.08600373           .  0.09170858  0.07753346  0.07485342  0.10563602  0.08267432           .  0.09154617
II#2008-02-10   0.01263467  0.01866149  0.01940214  0.02230282  0.01919778  0.01675905  0.01634783  0.02800155  0.02088394  0.02560114  0.01664507  0.01708313  0.02708652  0.02057519  0.02233843  0.01818744  0.01824995  0.02224841  0.02327451  0.01864512  0.01788193
II#2008-03-02   0.06552709  0.03630578           .  0.03627148  0.05096367  0.07466780  0.03596439  0.04132179  0.03193271  0.04904379  0.05602036  0.03931810  0.04314547  0.03373842  0.03566246  0.03729578  0.03617322  0.04484771  0.03857483  0.04040111  0.03736994
II#2008-03-09   0.00649412  0.00723231  0.00294331  0.00070196  0.00376142  0.01826259  0.00608984  0.00051265  0.00052448  0.00666403  0.00503339  0.00789683  0.00062810  0.00567871  0.00843613  0.00600114  0.00581482  0.00711084  0.00682015  0.00221100  0.00589829
II#2008-04-27   0.00231468  0.00281785  0.00819983  0.00220662  0.00449153  0.00192122  0.00359029  0.00316786  0.00218487  0.00502473  0.00597032  0.00262454  0.00150534  0.00352454  0.00279167  0.00293170  0.00290341  0.00386672  0.00414616  0.00219173  0.00349771
II#2008-05-04   0.00000000  0.00000000  0.00000000  0.00000000  0.00000000  0.00000000  0.00000000  0.00000000  0.00000000  0.00000000  0.00000000  0.00000000  0.00000000  0.00000000  0.00000000  0.00000000  0.00000000  0.00000000  0.00000000  0.00000000  0.00000000
II#2008-07-06   0.00002899  0.00001927  0.00005277  0.00001076  0.00001197  0.00001527  0.00001012  0.00001207  0.00001001  0.00001316  0.00001687  0.00001846  0.00001294  0.00000920  0.00000992  0.00000963  0.00000914  0.00001565  0.00000996  0.00001009  0.00001222
II#2008-09-14   0.01516995  0.00824468  0.01557056  0.02115188  0.00836252  0.00844781  0.00819189  0.01492482  0.01646830  0.00633574  0.00662588           .  0.01547759  0.00731762  0.00899894  0.00721310  0.00715715  0.02292178  0.00636377  0.02149390  0.00740247
II#2008-11-30   0.00438315  0.00405149  0.00636495  0.00198351  0.00366015  0.00244139  0.00372913  0.00300116  0.00310879  0.00842383  0.00804531  0.00333156  0.00119857  0.00306689  0.00402322  0.00388022  0.00372489  0.01724307  0.00714256  0.00322898  0.00341364
II#2009-02-08   0.00085963  0.00145153  0.00156851  0.00135772  0.00141356  0.00078327  0.00144936  0.00139086  0.00152993  0.00306201  0.00192318  0.00146704  0.00091780  0.00152238  0.00158739  0.00146392  0.00144038  0.00487365  0.00155696  0.00130570  0.00157849
II#2009-06-14   0.00172190  0.00318820  0.00316830  0.00090632  0.00102142  0.00091260  0.00090102  0.00110352  0.00102135  0.00077147  0.00073923  0.00218824  0.00101031  0.00067230  0.00089934  0.00085891  0.00073746  0.00094768  0.00076854  0.00114060  0.00082805
II#2009-06-28   0.00133948  0.00230236  0.00279492  0.00202271  0.00099054  0.00197387  0.00100448  0.00192160  0.00191349  0.00145782  0.00233121  0.00224895  0.00156098  0.00159422  0.00103103  0.00163641  0.00165308  0.00092170  0.00183061  0.00195820  0.00164604
II#2009-08-02   0.04752520  0.04351724  0.06938064  0.04921254  0.03916679  0.04218556  0.04961900  0.04680747  0.04252796  0.02340546           .  0.05104417  0.04186897  0.04841780  0.03888324  0.04330432  0.04307387  0.06005893  0.04408334  0.03879225  0.04596159
II#2009-08-16   0.00000000  0.00000000  0.00000000  0.00000000  0.00000000  0.00000000  0.00000000  0.00000000  0.00000000  0.00000000  0.00000000  0.00000000  0.00000000  0.00000000  0.00000000  0.00000000  0.00000000  0.00000000  0.00000000  0.00000000  0.00000000
II#2009-08-23   0.00000000  0.00000000  0.00000000  0.00000000  0.00000000  0.00000000  0.00000000  0.00000000  0.00000000  0.00000000  0.00000000  0.00000000  0.00000000  0.00000000  0.00000000  0.00000000  0.00000000  0.00000000  0.00000000  0.00000000  0.00000000
II#2009-08-30   0.00000000  0.00000000  0.00000000  0.00000000  0.00000000  0.00000000  0.00000000  0.00000000  0.00000000  0.00000000  0.00000000  0.00000000  0.00000000  0.00000000  0.00000000  0.00000000  0.00000000  0.00000000  0.00000000  0.00000000  0.00000000
II#2009-09-06   0.00000000  0.00000000  0.00000000  0.00000000  0.00000000  0.00000000  0.00000000  0.00000000  0.00000000  0.00000000  0.00000000  0.00000000  0.00000000  0.00000000  0.00000000  0.00000000  0.00000000  0.00000000  0.00000000  0.00000000  0.00000000
II#2009-09-13   0.00000000  0.00000000  0.00000000  0.00000000  0.00000000  0.00000000  0.00000000  0.00000000  0.00000000  0.00000000  0.00000000  0.00000000  0.00000000  0.00000000  0.00000000  0.00000000  0.00000000  0.00000000  0.00000000  0.00000000  0.00000000
II#2009-09-20   0.00000000  0.00000000  0.00000000  0.00000000  0.00000000  0.00000000  0.00000000  0.00000000  0.00000000  0.00000000  0.00000000  0.00000000  0.00000000  0.00000000  0.00000000  0.00000000  0.00000000  0.00000000  0.00000000  0.00000000  0.00000000
II#2009-09-27   0.00000000  0.00000000  0.00000000  0.00000000  0.00000000  0.00000000  0.00000000  0.00000000  0.00000000  0.00000000  0.00000000  0.00000000  0.00000000  0.00000000  0.00000000  0.00000000  0.00000000  0.00000000  0.00000000  0.00000000  0.00000000
II#2009-10-04   0.00000000  0.00000000  0.00000000  0.00000000  0.00000000  0.00000000  0.00000000  0.00000000  0.00000000  0.00000000  0.00000000  0.00000000  0.00000000  0.00000000  0.00000000  0.00000000  0.00000000  0.00000000  0.00000000  0.00000000  0.00000000
II#2009-10-18   0.00000000  0.00000000  0.00000000  0.00000000  0.00000000  0.00000000  0.00000000  0.00000000  0.00000000  0.00000000  0.00000000  0.00000000  0.00000000  0.00000000  0.00000000  0.00000000  0.00000000  0.00000000  0.00000000  0.00000000  0.00000000
II#2009-10-25   0.00000000  0.00000000  0.00000000  0.00000000  0.00000000  0.00000000  0.00000000  0.00000000  0.00000000  0.00000000  0.00000000  0.00000000  0.00000000  0.00000000  0.00000000  0.00000000  0.00000000  0.00000000  0.00000000  0.00000000  0.00000000
II#2009-11-01   0.00000000  0.00000000  0.00000000  0.00000000  0.00000000  0.00000000  0.00000000  0.00000000  0.00000000  0.00000000  0.00000000  0.00000000  0.00000000  0.00000000  0.00000000  0.00000000  0.00000000  0.00000000  0.00000000  0.00000000  0.00000000
II#2009-11-08   0.00000047  0.00000035  0.00000033  0.00000009  0.00000157  0.00000003  0.00000052  0.00000040  0.00000033  0.00000018  0.00000006  0.00000041  0.00000021  0.00000016  0.00000019  0.00000012  0.00000052  0.00000019  0.00000016  0.00000142  0.00000018
II#2009-11-15   0.00056184  0.00023113  0.00022730  0.00031994  0.00011993  0.00013575  0.00015075  0.00032895  0.00027892  0.00046027  0.00095363  0.00017468  0.00000639  0.00018140  0.00045198  0.00029559  0.00024074           .  0.00044579  0.00023275  0.00017566
II#2009-11-22   0.03336693  0.00986802  0.01320961  0.00560433  0.03083948           .  0.00859337  0.00349603  0.00504981  0.01967421  0.00943665  0.00672657  0.01340384  0.00903875  0.00417297  0.00969131  0.00890029  0.00169543  0.00616909  0.00839856  0.01114126
II#2009-11-29   0.04928783  0.02409329  0.04081708  0.04910788  0.04405572  0.08124690  0.02650745  0.04109156  0.06168921  0.02163597  0.02493927  0.02278094           .  0.03980651  0.02319382  0.02483699  0.02812354  0.00111506  0.01886120  0.03303118  0.02299783
II#2009-12-20   0.00609148  0.00445081  0.00386933  0.00643654  0.00806404  0.00564286  0.00900506  0.00689770  0.00662733  0.00914546  0.00735192  0.00451741  0.00607043  0.00582703  0.01100435  0.00656552  0.00651489  0.04456983  0.00672086  0.00592278  0.00693258
II#2010-01-10   0.00000000  0.00000000  0.00000000  0.00000000  0.00000000  0.00000000  0.00000000  0.00000000  0.00000000  0.00000000  0.00000000  0.00000000  0.00000000  0.00000000  0.00000000  0.00000000  0.00000000  0.00000000  0.00000000  0.00000000  0.00000000
II#2010-01-31   0.04932631  0.01900143  0.02062180  0.04913825  0.04936067  0.01915157  0.04334709           .           .  0.01848988  0.02278903  0.01476412           .  0.02860184  0.01941576  0.02320399  0.02047637  0.03040369  0.02113567  0.08575769  0.02168602
II#2010-02-07   0.00030406  0.00034315  0.00023853  0.00013156  0.00052074  0.00043326  0.00047427  0.00006977  0.00012326  0.00045417  0.00028550  0.00036570  0.00022430  0.00031013  0.00038856  0.00048295  0.00045483  0.00027953  0.00033547  0.00017686  0.00044412
II#2010-04-04   0.00217054  0.00180267  0.00118501  0.00261730  0.00261554  0.00499181  0.00320725  0.00209329  0.00188808  0.00259981  0.00256440  0.00166406  0.00248660  0.00237877  0.00234248  0.00251835  0.00260189  0.00207235  0.00224930  0.00251529  0.00193529
II#2010-05-30   0.00091528  0.00106964  0.00229659  0.00091698  0.00077761  0.00055414  0.00085691  0.00100264  0.00085853  0.00159468  0.00162100  0.00094522  0.00068711  0.00070777  0.00097421  0.00112880  0.00109639  0.00270219  0.00122465  0.00053219  0.00084422
II#2010-06-20   0.00218237  0.00308362  0.00425176  0.00425849  0.00224117  0.00309532  0.00199828  0.00238705  0.00224760  0.00344913  0.00356857  0.00284342  0.00282364  0.00348725  0.00284042  0.00272632  0.00295054  0.00330685  0.00268833  0.00270889  0.00230780
II#2010-07-25   0.00002757  0.00002354  0.00002634  0.00003195  0.00003128  0.00003539  0.00002774  0.00002645  0.00002446  0.00002580  0.00002747  0.00001948  0.00002117  0.00002898  0.00002626  0.00003377  0.00002837  0.00002541  0.00002803  0.00003666  0.00002002
II#2010-09-05   0.00000002  0.00000002  0.00000003  0.00000002  0.00000003  0.00000003  0.00000002  0.00000002  0.00000001  0.00000003  0.00000003  0.00000001  0.00000001  0.00000002  0.00000002  0.00000003  0.00000004  0.00000004  0.00000004  0.00000004  0.00000002
II#2010-09-26   0.00014629  0.00018043  0.00016243  0.00019381  0.00013121  0.00023447  0.00019041  0.00029829  0.00017697  0.00023119  0.00015850  0.00019108  0.00021520  0.00015060  0.00017801  0.00015368  0.00016209  0.00020048  0.00015732  0.00012845  0.00017043
II#2010-10-10   0.00000181  0.00000303  0.00000217  0.00000156  0.00000343  0.00000213  0.00000192  0.00000155  0.00000123  0.00000159  0.00000112  0.00000315  0.00000157  0.00000127  0.00000134  0.00000176  0.00000192  0.00000112  0.00000142  0.00000111  0.00000186
II#2010-10-24   0.00060671  0.00103314  0.00177298  0.00074724  0.00032975  0.00071217  0.00054179  0.00058590  0.00050192  0.00064843  0.00056935  0.00105057  0.00049516  0.00082181  0.00076358  0.00083761  0.00097874  0.00040969  0.00084463  0.00111723  0.00085337
II#2010-10-31   0.05775369  0.03270111  0.05139694  0.02803413           .  0.05231446  0.04161437  0.03701917  0.03031399  0.05344658  0.05036099  0.04039410  0.02681467  0.02815185  0.03463871  0.03259963  0.02697927  0.04954923  0.04036525  0.03170089  0.03376476
II#2010-11-21   0.06095349  0.02482065  0.01343616  0.02663033           .  0.06538072           .  0.05425545  0.08198317  0.02038771  0.01900700  0.05203009  0.07841622  0.02695558  0.02823682  0.02904894  0.02729378  0.02253617  0.01976209  0.04252695  0.05931867
II#2010-11-28   0.00000000  0.00000000  0.00000000  0.00000000  0.00000000  0.00000000  0.00000000  0.00000000  0.00000000  0.00000000  0.00000000  0.00000000  0.00000000  0.00000000  0.00000000  0.00000000  0.00000000  0.00000000  0.00000000  0.00000000  0.00000000
II#2011-01-16   0.03937042  0.05034210  0.04525748  0.04732019  0.04615361  0.04359376  0.04780222  0.04155671  0.04532141           .  0.05443976  0.04734556  0.03436189  0.05595843  0.04742840  0.04937371  0.04888972  0.05334841  0.04780582  0.05198806  0.04733481
II#2011-03-27   0.00000000  0.00000000  0.00000000  0.00000000  0.00000000  0.00000000  0.00000000  0.00000000  0.00000000  0.00000000  0.00000000  0.00000000  0.00000000  0.00000000  0.00000000  0.00000000  0.00000000  0.00000000  0.00000000  0.00000000  0.00000000
II#2011-04-03   0.00000000  0.00000000  0.00000000  0.00000000  0.00000000  0.00000000  0.00000000  0.00000000  0.00000000  0.00000000  0.00000000  0.00000000  0.00000000  0.00000000  0.00000000  0.00000000  0.00000000  0.00000000  0.00000000  0.00000000  0.00000000
II#2011-04-10   0.00000000  0.00000000  0.00000000  0.00000000  0.00000000  0.00000000  0.00000000  0.00000000  0.00000000  0.00000000  0.00000000  0.00000000  0.00000000  0.00000000  0.00000000  0.00000000  0.00000000  0.00000000  0.00000000  0.00000000  0.00000000
II#2011-04-17   0.26264941           .           .           .           .  0.06804562           .           .           .           .           .           .           .           .           .           .           .           .           .           .           .
II#2011-04-24   0.00000000  0.00000000  0.00000000  0.00000000  0.00000000  0.00000000  0.00000000  0.00000000  0.00000000  0.00000000  0.00000000  0.00000000  0.00000000  0.00000000  0.00000000  0.00000000  0.00000000  0.00000000  0.00000000  0.00000000  0.00000000
II#2011-05-01   0.00000014  0.00000009  0.00000018  0.00000004  0.00000091  0.00000003  0.00000017  0.00000088  0.00000021  0.00000007  0.00000002  0.00000009  0.00000014  0.00000007  0.00000009  0.00000012  0.00000011  0.00000016  0.00000007  0.00000052  0.00000009
II#2011-05-08   0.00000000  0.00000000  0.00000000  0.00000000  0.00000000  0.00000000  0.00000000  0.00000000  0.00000000  0.00000000  0.00000000  0.00000000  0.00000000  0.00000000  0.00000000  0.00000000  0.00000000  0.00000002  0.00000000  0.00000000  0.00000000
II#2011-05-15   0.00000435  0.00000058  0.00000680  0.00000029  0.00000147  0.00000162  0.00000059  0.00000079  0.00000024  0.00000211  0.00000263  0.00000053  0.00000031  0.00000031  0.00000052  0.00000046  0.00000028  0.00000012  0.00000050  0.00000026  0.00000015
II#2011-05-22   0.00000000  0.00000000  0.00000000  0.00000000  0.00000000  0.00000000  0.00000000  0.00000000  0.00000000  0.00000000  0.00000000  0.00000000  0.00000000  0.00000000  0.00000000  0.00000000  0.00000000  0.00000000  0.00000000  0.00000000  0.00000000
II#2011-05-29   0.00000221  0.00000098  0.00000057  0.00000069  0.00000104  0.00001326  0.00000070  0.00000087  0.00000065  0.00000078  0.00000062  0.00000051  0.00000175  0.00000111  0.00000107  0.00000097  0.00000045  0.00000078  0.00000097  0.00000083  0.00000074
II#2011-06-05   0.00000000  0.00000000  0.00000000  0.00000000  0.00000000  0.00000000  0.00000000  0.00000000  0.00000000  0.00000000  0.00000000  0.00000000  0.00000000  0.00000000  0.00000000  0.00000000  0.00000000  0.00000000  0.00000000  0.00000000  0.00000000
II#2011-06-19   0.00424499  0.01170208  0.01165460  0.01124861  0.00391510  0.00445032  0.00287369  0.00817570  0.00688569  0.01181267  0.00944320  0.01001569  0.00649794  0.01367705  0.01245316  0.01016967  0.01201567  0.01030362  0.00978634  0.00559112  0.00776719
II#2011-08-14   0.02567620  0.03325318  0.03082202  0.03356741  0.02872441  0.02834237  0.02854212  0.03347977  0.03024743  0.02913806  0.02878169  0.02900645  0.03041556  0.03241060  0.03155212           .  0.03557132  0.03608496  0.03233594  0.02822687  0.02709460
II#2011-09-18   0.00683717  0.00965743  0.00842056  0.00823429  0.00920580  0.01394682  0.01007336  0.00513035  0.00456759  0.00998739  0.00835537  0.01092884  0.00536738  0.00787988  0.00924531  0.00929499  0.00826205  0.00792546  0.00891551  0.00893571  0.00842834
II#2011-10-09   0.01414575  0.02032604  0.02369556  0.01543504  0.01222032  0.01403481  0.01524102  0.01368213  0.01608577  0.01363273  0.01347204  0.02014034  0.01480360  0.01743194  0.01713029  0.01716979  0.01803279  0.01306487  0.01748233  0.01546587  0.01727145
II#2011-11-06   0.00000000  0.00000001  0.00000001  0.00000000  0.00000002  0.00000000  0.00000001  0.00000001  0.00000000  0.00000001  0.00000001  0.00000001  0.00000001  0.00000000  0.00000001  0.00000001  0.00000001  0.00000000  0.00000001  0.00000000  0.00000001
II#2011-11-13   0.01346532  0.02272850  0.02729222  0.01061668  0.01520423  0.01427429  0.01556031  0.01027313  0.00940440  0.02078955  0.01872928  0.01836522  0.01175351  0.01530276  0.01776238  0.01640080  0.01656112  0.01655510  0.01766694  0.01080525  0.01412370
II#2011-11-20   0.09530683           .           .           .  0.03525115  0.08531587  0.03913902  0.09034908  0.08312822           .           .  0.10731604  0.06914382           .           .           .           .           .           .           .  0.09400560
II#2011-12-18   0.00276258  0.00273441  0.00316373  0.00311605  0.00227488  0.00381333  0.00260394  0.00300405  0.00276696  0.00308025  0.00428665  0.00303476  0.00216469  0.00303225  0.00302046  0.00275606  0.00275718  0.00161214  0.00251131  0.00240562  0.00270408
II#2012-01-15   0.00032794  0.00041944  0.00050483  0.00043332  0.00028493  0.00059755  0.00030839  0.00034405  0.00034486  0.00176772  0.00043776  0.00032049  0.00018526  0.00040590  0.00042642  0.00048012  0.00047902  0.00155539  0.00042680  0.00042933  0.00031258
II#2012-02-19   0.07903955  0.07464163  0.06685845           .  0.08433112           .           .           .  0.09395620  0.09440459  0.08271180  0.08245696           .  0.08722085  0.08650280  0.08477106  0.08184675  0.07809921  0.08246924  0.07953229  0.08391838
II#2012-02-26   0.00731215  0.00832349  0.01173646  0.00769206  0.00810777  0.00717977  0.00805812  0.00764124  0.00710984  0.00839157  0.01030422  0.00845160  0.00691970  0.00710903  0.00970063  0.00858640  0.00751555  0.00963723  0.00818356  0.00825064  0.00761054
II#2012-03-11   0.02353494  0.02567819  0.02232589  0.02717185  0.02066437  0.02607716  0.02332817  0.01152497  0.02283352  0.02661164  0.02604763  0.02575711  0.02485065  0.02776356  0.02845353  0.03180299           .  0.02278607  0.03294832  0.01467199  0.02976614
II#2012-03-25   0.05663796  0.06054448  0.05585598  0.07755675  0.05204999  0.05913590           .  0.07142280  0.06988641  0.06446193           .  0.06364607  0.07051373  0.06446219  0.05664494  0.06344175  0.06406433  0.05720301  0.05974981  0.05599211  0.06470301
II#2012-04-08   0.00100302  0.00105976  0.00096011  0.00085127  0.00153787  0.00099135  0.00104192  0.00127302  0.00094152  0.00090821  0.00093248  0.00122327  0.00097511  0.00089492  0.00074177  0.00101067  0.00080655  0.00095139  0.00089543  0.00083497  0.00100596
II#2012-04-15   0.00177059  0.00188702  0.00200008  0.00189275  0.00284752  0.00205827  0.00257131  0.00310674  0.00278312  0.00199175  0.00172654  0.00196288  0.00283881  0.00173515  0.00186416  0.00200420  0.00152200  0.00235315  0.00176897  0.00325974  0.00195349
II#2012-05-27   0.00206290  0.00246626  0.00325332  0.00195962  0.00196880  0.00173397  0.00194751  0.00247086  0.00203461  0.00184851  0.00175532  0.00213533  0.00210436  0.00200097  0.00181825  0.00242241  0.00168699  0.00238945  0.00192334  0.00451858  0.00186713
II#2012-06-24   0.00107021  0.00129079  0.00108050  0.00151526  0.00148295  0.00122303  0.00153031  0.00124726  0.00107022  0.00120188  0.00118847  0.00116926  0.00109715  0.00143857  0.00140296  0.00152983  0.00190450  0.00092851  0.00145446  0.00095808  0.00127612
II#2012-07-15   0.00000000  0.00000000  0.00000000  0.00000000  0.00000000  0.00000000  0.00000000  0.00000000  0.00000000  0.00000000  0.00000000  0.00000000  0.00000000  0.00000000  0.00000000  0.00000000  0.00000000  0.00000000  0.00000000  0.00000000  0.00000000
II#2012-07-29   0.00000064  0.00000122  0.00000071  0.00000069  0.00000068  0.00000075  0.00000084  0.00000048  0.00000042  0.00000290  0.00000025  0.00000111  0.00000058  0.00000064  0.00000084  0.00000074  0.00000067  0.00000037  0.00000062  0.00000049  0.00000074
II#2012-09-09   0.00005826  0.00001552  0.00007577  0.00005015  0.00001346  0.00001729  0.00001123  0.00007382  0.00006772  0.00001419  0.00001292  0.00018790  0.00009539  0.00000747  0.00001164  0.00001162  0.00001238  0.00008759  0.00001771  0.00003621  0.00001041
II#2013-01-20   0.06971830  0.08523401  0.08292836  0.08342641  0.07143653           .  0.07816959  0.08323605  0.08018881  0.08343919  0.08385865  0.08144761  0.08632645  0.08106115  0.08201540  0.08133844  0.08093885  0.07177884  0.08143676  0.06896166  0.08342492
II#2013-02-03   0.00000000  0.00000000  0.00000000  0.00000000  0.00000000  0.00000000  0.00000000  0.00000000  0.00000000  0.00000000  0.00000000  0.00000000  0.00000000  0.00000000  0.00000000  0.00000000  0.00000000  0.00000000  0.00000000  0.00000000  0.00000000
II#2013-02-10   0.07582842           .  0.08411962           .  0.06778359  0.06393047           .           .           .  0.09116605  0.08049190           .           .           .           .           .           .  0.07436681           .           .           .
II#2013-03-10   0.00054524  0.00146780  0.00221704  0.00052687  0.00019728  0.00074250  0.00025524  0.00066633  0.00034771  0.00032257  0.00045694  0.00118025  0.00030316  0.00043762  0.00054172  0.00043388  0.00025881  0.00041986  0.00037820  0.00040575  0.00049765
II#2013-03-17   0.01353250  0.01898712  0.01253080  0.01299456  0.01724686  0.00528634  0.01685660  0.01994076  0.01041810  0.01876018  0.01784484  0.01752957  0.01190101  0.01606772  0.02067720  0.01933479  0.01921558  0.02507616           .  0.01543934  0.01537160
II#2013-04-07   0.00027817  0.00034041  0.00129506  0.00037616  0.00021180  0.00029352  0.00028931  0.00028890  0.00034745  0.00025315  0.00045243  0.00035225  0.00036677  0.00039738  0.00013359  0.00033628  0.00033260  0.00013953  0.00029722  0.00027211  0.00026771
II#2013-04-14   0.00162322  0.00215241  0.00146837  0.00218612  0.00183993  0.00186615  0.00238752  0.00288315  0.00219168  0.00210486  0.00134994  0.00218329  0.00193819  0.00234921  0.00237631  0.00221311  0.00192340  0.00160168  0.00180648  0.00231820  0.00295182
II#2013-04-21   0.00007831  0.00012192  0.00007082  0.00011483  0.00010517  0.00009438  0.00015151  0.00010030  0.00010623  0.00013833  0.00023106  0.00013401  0.00012778  0.00012050  0.00011155  0.00010824  0.00011099  0.00022659  0.00010689  0.00010242  0.00010864
II#2013-05-26   0.00334238  0.00320220  0.00351337  0.00323374  0.00426699  0.00719399  0.00350182  0.00348801  0.00380336  0.00297174  0.00324862  0.00342718  0.00502588  0.00307526  0.00298060  0.00319598  0.00305337  0.00257559  0.00284830  0.00309972  0.00373131
II#2013-06-02   0.00096052  0.00054033  0.00070752  0.00079461  0.00074361  0.00085272  0.00060338  0.00071711  0.00068344  0.00056059  0.00062164  0.00045891  0.00079190  0.00068683  0.00055607  0.00059427  0.00054389  0.00088061  0.00053105  0.00069596  0.00046370
II#2013-06-30   0.00087076  0.00075373  0.00095816  0.00088470  0.00062265  0.00053400  0.00078841  0.00084295  0.00095333  0.00054894  0.00052124  0.00082867  0.00124321  0.00081184  0.00074729  0.00076155  0.00075801  0.00049102  0.00089558  0.00096966  0.00077427
II#2013-07-14   0.01687364  0.02159856  0.02230027  0.01950530  0.01289843  0.02046310  0.01709717  0.01986645  0.01681341  0.01688396  0.02362598  0.02212922  0.01756955  0.01914834  0.01814165  0.02052204  0.02114001  0.01120976  0.02320022  0.01617479  0.02116777
II#2013-07-28   0.03698561  0.03529659  0.02462776  0.04006939  0.04908080  0.04483579  0.04859712  0.04146642  0.03349222           .  0.01744499  0.03647293  0.03947114  0.03977375  0.04506935  0.04192702  0.04133916  0.04246804  0.04113139  0.03810049  0.04736904
II#2013-09-22   0.01439895  0.02471620  0.01583504  0.03326844  0.02488233  0.02103322  0.02887466  0.02880099  0.03951715  0.01979139  0.02001525  0.02679010  0.03670001  0.02931588  0.02629828  0.02602172  0.02615306  0.01828718  0.02448445  0.03042803  0.02879768
II#2013-10-20   0.01673411  0.01990943  0.02000462  0.02592509  0.01993449  0.02708746  0.02410656  0.02142606  0.01817459  0.02610044  0.02266453  0.01948343  0.02207985  0.02026231  0.02190590  0.02047301  0.02086670  0.01694892  0.01971061  0.01689976  0.02057797
II#2013-12-01   0.00000000  0.00000000  0.00000000  0.00000000  0.00000000  0.00000000  0.00000000  0.00000000  0.00000000  0.00000000  0.00000000  0.00000000  0.00000000  0.00000000  0.00000000  0.00000000  0.00000000  0.00000000  0.00000000  0.00000000  0.00000000
II#2014-02-09   0.00008528  0.00007373  0.00008744  0.00010618  0.00006736  0.00009355  0.00006283  0.00008798  0.00008040  0.00009213  0.00008943  0.00005752  0.00005775  0.00010739  0.00009217  0.00011248  0.00010978  0.00031265  0.00009150  0.00008063  0.00006682
II#2014-11-16   0.00000000  0.00000000  0.00000000  0.00000000  0.00000000  0.00000000  0.00000000  0.00000000  0.00000000  0.00000000  0.00000000  0.00000000  0.00000000  0.00000000  0.00000000  0.00000000  0.00000000  0.00000000  0.00000000  0.00000000  0.00000000
II#2015-02-01   0.00000000  0.00000000  0.00000000  0.00000000  0.00000000  0.00000000  0.00000000  0.00000000  0.00000000  0.00000000  0.00000000  0.00000000  0.00000000  0.00000000  0.00000000  0.00000000  0.00000000  0.00000000  0.00000000  0.00000000  0.00000000
II#2015-02-08   0.00000000  0.00000000  0.00000000  0.00000000  0.00000000  0.00000000  0.00000000  0.00000000  0.00000000  0.00000000  0.00000000  0.00000000  0.00000000  0.00000000  0.00000000  0.00000000  0.00000000  0.00000000  0.00000000  0.00000000  0.00000000
II#2015-08-16   0.00000000  0.00000000  0.00000000  0.00000000  0.00000000  0.00000000  0.00000000  0.00000000  0.00000000  0.00000000  0.00000000  0.00000000  0.00000000  0.00000000  0.00000000  0.00000000  0.00000000  0.00000000  0.00000000  0.00000000  0.00000000
II#2015-08-23   0.00000000  0.00000000  0.00000000  0.00000000  0.00000000  0.00000000  0.00000000  0.00000000  0.00000000  0.00000000  0.00000000  0.00000000  0.00000000  0.00000000  0.00000000  0.00000000  0.00000000  0.00000000  0.00000000  0.00000000  0.00000000
II#2015-10-04   0.00000000  0.00000000  0.00000000  0.00000000  0.00000000  0.00000000  0.00000000  0.00000000  0.00000000  0.00000000  0.00000000  0.00000000  0.00000000  0.00000000  0.00000000  0.00000000  0.00000000  0.00000000  0.00000000  0.00000000  0.00000000
II#2015-10-18   0.00000000  0.00000000  0.00000000  0.00000000  0.00000000  0.00000000  0.00000000  0.00000000  0.00000000  0.00000000  0.00000000  0.00000000  0.00000000  0.00000000  0.00000000  0.00000000  0.00000000  0.00000000  0.00000000  0.00000000  0.00000000
II#2015-11-01   0.00827217  0.00163862  0.00215678  0.00349967  0.00663139  0.00355251  0.00385344  0.00794599  0.00937153  0.00222774  0.00171955  0.00151881  0.00674196  0.00424974  0.00187677  0.00157436  0.00109506  0.00313737  0.00177385           .  0.00148763
II#2015-11-15   0.00000000  0.00000000  0.00000000  0.00000000  0.00000001  0.00000003  0.00000002  0.00000000  0.00000000  0.00000000  0.00000000  0.00000000  0.00000000  0.00000000  0.00000000  0.00000000  0.00000000  0.00000000  0.00000000  0.00000001  0.00000000
II#2015-12-06   0.00000000  0.00000000  0.00000000  0.00000000  0.00000000  0.00000000  0.00000000  0.00000000  0.00000000  0.00000000  0.00000000  0.00000000  0.00000000  0.00000000  0.00000000  0.00000000  0.00000000  0.00000000  0.00000000  0.00000000  0.00000000
II#2016-01-03   0.00000000  0.00000000  0.00000000  0.00000000  0.00000000  0.00000000  0.00000000  0.00000000  0.00000000  0.00000000  0.00000000  0.00000000  0.00000000  0.00000000  0.00000000  0.00000000  0.00000000  0.00000000  0.00000000  0.00000000  0.00000000
II#2016-11-06   0.00652389  0.00723677  0.00673514  0.00696509  0.00413816  0.00592811  0.00817634  0.00388068  0.00494000  0.00715283  0.00708398  0.00611004  0.00678036  0.00970669  0.00901790  0.00997732  0.01090510  0.00253691  0.01097733  0.00696452  0.01222675
II#2016-11-27   0.00103567  0.00060506  0.00059344  0.00093331  0.00058779  0.00131652  0.00094133  0.00105693  0.00109827  0.00078061  0.00099593  0.00082735  0.00076642  0.00069249  0.00094081  0.00070552  0.00070146  0.00108153  0.00116976  0.00088268  0.00071166
II#2016-12-04   0.00003743  0.00005060  0.00002709  0.00007194  0.00007799  0.00002743  0.00011091  0.00005049  0.00005712  0.00005235  0.00009733  0.00003058  0.00004069  0.00008472  0.00007394  0.00008631  0.00010339  0.00005003  0.00014869  0.00005765  0.00006468
II#2016-12-11   0.00058863  0.00015187  0.00017350  0.00055104  0.00079675  0.00093033  0.00060525  0.00050396  0.00049287  0.00055632  0.00071056  0.00008843  0.00038330  0.00072488  0.00045727  0.00060988  0.00057416  0.00057414  0.00044288  0.00068910  0.00040060
II#2017-01-01   0.00389789  0.00834039  0.01021882  0.00798418  0.00328172  0.00894802  0.00513986  0.00539739  0.00232432  0.00690208  0.00737777  0.00859443  0.00479683  0.00827710  0.00663421  0.00696321  0.00698906  0.00287262  0.00579846  0.00399775  0.00922451
II#2017-01-15   0.00000000  0.00000000  0.00000000  0.00000000  0.00000000  0.00000000  0.00000000  0.00000000  0.00000000  0.00000000  0.00000000  0.00000000  0.00000000  0.00000000  0.00000000  0.00000000  0.00000000  0.00000000  0.00000000  0.00000000  0.00000000
II#2017-02-12   0.00000150  0.00000121  0.00000073  0.00000276  0.00000148  0.00000813  0.00000281  0.00000318  0.00000169  0.00000251  0.00000180  0.00000106  0.00000220  0.00000135  0.00000100  0.00000114  0.00000113  0.00000182  0.00000126  0.00000127  0.00000143
II#2017-03-12   0.00014074  0.00008854  0.00009495  0.00007785  0.00009588  0.00020847  0.00009264  0.00007914  0.00009927  0.00011118  0.00006676  0.00008888  0.00012653  0.00007355  0.00010412  0.00009376  0.00010212  0.00011150  0.00010131  0.00006458  0.00011119
II#2017-03-19   0.01146590  0.01116944  0.01579531  0.00902332  0.01107373  0.01161903  0.02332088  0.00845026  0.01057305  0.01529519  0.01911595  0.01106355  0.01048957  0.00972318  0.01219972  0.01139494  0.01194628  0.01027197  0.01158893  0.00869605  0.01151238
II#2017-05-07   0.00095704  0.00088871  0.00202137  0.00069861  0.00102311  0.00105330  0.00072228  0.00076878  0.00046995  0.00114883  0.00129510  0.00080361  0.00076937  0.00084000  0.00076424  0.00072280  0.00059656  0.00108460  0.00075038  0.00061770  0.00069437
II#2017-06-04   0.01255247  0.01585878  0.01376749  0.01644737  0.02199967  0.01669076  0.02184744  0.01592640  0.01800927  0.01516488  0.01846704  0.01600320  0.01705239  0.01519590  0.01777297  0.01819893  0.01893562  0.01013554  0.01847627  0.01822648  0.01823136
II#2017-06-18   0.00000020  0.00000016  0.00000022  0.00000015  0.00000030  0.00000049  0.00000018  0.00000011  0.00000013  0.00000024  0.00000019  0.00000010  0.00000010  0.00000018  0.00000029  0.00000020  0.00000017  0.00000043  0.00000026  0.00000018  0.00000014
II#2017-07-02   0.04991044  0.01287425  0.00844678  0.02764805           .  0.03532192  0.05174737  0.04399017  0.05055812  0.02699110  0.02064581  0.01434823  0.06340472  0.02214544  0.02146387  0.02442735  0.02898423  0.02701782  0.02421451  0.05929442  0.02596573
II#2017-07-16   0.00079440  0.00093098  0.00074864  0.00102357  0.00062962  0.00414615  0.00104910  0.00065979  0.00075799  0.00070252  0.00114283  0.00104964  0.00075068  0.00096641  0.00072287  0.00086218  0.00087561  0.00040540  0.00085294  0.00074597  0.00083366
II#2017-07-23   0.00010672  0.00000042  0.00000104  0.00010188  0.00042049  0.00009561  0.00008041  0.00006654  0.00012503  0.00003699  0.00004172  0.00000116  0.00020969  0.00003211  0.00002438  0.00003667  0.00004253  0.00006343  0.00004315  0.00020829  0.00003832
II#2017-07-30   0.00000000  0.00000000  0.00000000  0.00000000  0.00000000  0.00000000  0.00000000  0.00000000  0.00000000  0.00000000  0.00000000  0.00000000  0.00000000  0.00000000  0.00000000  0.00000000  0.00000000  0.00000000  0.00000000  0.00000000  0.00000000
II#2017-08-06   0.00000000  0.00000000  0.00000000  0.00000000  0.00000000  0.00000000  0.00000000  0.00000000  0.00000000  0.00000000  0.00000000  0.00000000  0.00000000  0.00000000  0.00000000  0.00000000  0.00000000  0.00000000  0.00000000  0.00000000  0.00000000
II#2017-08-13   0.00000000  0.00000000  0.00000000  0.00000000  0.00000000  0.00000000  0.00000000  0.00000000  0.00000000  0.00000000  0.00000000  0.00000000  0.00000000  0.00000000  0.00000000  0.00000000  0.00000000  0.00000000  0.00000000  0.00000000  0.00000000
II#2017-08-20   0.00000000  0.00000000  0.00000000  0.00000000  0.00000000  0.00000000  0.00000000  0.00000000  0.00000000  0.00000000  0.00000000  0.00000000  0.00000000  0.00000000  0.00000000  0.00000000  0.00000000  0.00000000  0.00000000  0.00000000  0.00000000
II#2017-08-27   0.00000000  0.00000000  0.00000000  0.00000000  0.00000000  0.00000000  0.00000000  0.00000000  0.00000000  0.00000000  0.00000000  0.00000000  0.00000000  0.00000000  0.00000000  0.00000000  0.00000000  0.00000000  0.00000000  0.00000000  0.00000000
II#2017-09-03   0.00000000  0.00000000  0.00000000  0.00000000  0.00000000  0.00000000  0.00000000  0.00000000  0.00000000  0.00000000  0.00000000  0.00000000  0.00000000  0.00000000  0.00000000  0.00000000  0.00000000  0.00000000  0.00000000  0.00000000  0.00000000
II#2017-09-10   0.00000000  0.00000000  0.00000000  0.00000000  0.00000000  0.00000000  0.00000000  0.00000000  0.00000000  0.00000000  0.00000000  0.00000000  0.00000000  0.00000000  0.00000000  0.00000000  0.00000000  0.00000000  0.00000000  0.00000000  0.00000000
II#2017-09-17   0.00000000  0.00000000  0.00000000  0.00000000  0.00000000  0.00000000  0.00000000  0.00000000  0.00000000  0.00000000  0.00000000  0.00000000  0.00000000  0.00000000  0.00000000  0.00000000  0.00000000  0.00000000  0.00000000  0.00000000  0.00000000
II#2017-09-24   0.00000000  0.00000000  0.00000000  0.00000000  0.00000000  0.00000000  0.00000000  0.00000000  0.00000000  0.00000000  0.00000000  0.00000000  0.00000000  0.00000000  0.00000000  0.00000000  0.00000000  0.00000000  0.00000000  0.00000000  0.00000000
II#2017-10-01   0.00000000  0.00000000  0.00000000  0.00000000  0.00000000  0.00000000  0.00000000  0.00000000  0.00000000  0.00000000  0.00000000  0.00000000  0.00000000  0.00000000  0.00000000  0.00000000  0.00000000  0.00000000  0.00000000  0.00000000  0.00000000
II#2017-10-08   0.00000000  0.00000000  0.00000000  0.00000000  0.00000000  0.00000000  0.00000000  0.00000000  0.00000000  0.00000000  0.00000000  0.00000000  0.00000000  0.00000000  0.00000000  0.00000000  0.00000000  0.00000000  0.00000000  0.00000000  0.00000000
II#2017-10-15   0.00000000  0.00000000  0.00000000  0.00000000  0.00000000  0.00000000  0.00000000  0.00000000  0.00000000  0.00000000  0.00000000  0.00000000  0.00000000  0.00000000  0.00000000  0.00000000  0.00000000  0.00000000  0.00000000  0.00000000  0.00000000
II#2017-10-22   0.00000000  0.00000000  0.00000000  0.00000000  0.00000000  0.00000000  0.00000000  0.00000000  0.00000000  0.00000000  0.00000000  0.00000000  0.00000000  0.00000000  0.00000000  0.00000000  0.00000000  0.00000000  0.00000000  0.00000000  0.00000000
II#2017-10-29   0.00000000  0.00000000  0.00000000  0.00000000  0.00000000  0.00000000  0.00000000  0.00000000  0.00000000  0.00000000  0.00000000  0.00000000  0.00000000  0.00000000  0.00000000  0.00000000  0.00000000  0.00000000  0.00000000  0.00000000  0.00000000
II#2017-11-05   0.00000000  0.00000000  0.00000000  0.00000000  0.00000000  0.00000000  0.00000000  0.00000000  0.00000000  0.00000000  0.00000000  0.00000000  0.00000000  0.00000000  0.00000000  0.00000000  0.00000000  0.00000000  0.00000000  0.00000000  0.00000000
II#2017-11-12   0.00000000  0.00000000  0.00000000  0.00000000  0.00000000  0.00000000  0.00000000  0.00000000  0.00000000  0.00000000  0.00000000  0.00000000  0.00000000  0.00000000  0.00000000  0.00000000  0.00000000  0.00000000  0.00000000  0.00000000  0.00000000
II#2017-11-19   0.00000000  0.00000000  0.00000000  0.00000000  0.00000000  0.00000000  0.00000000  0.00000000  0.00000000  0.00000000  0.00000000  0.00000000  0.00000000  0.00000000  0.00000000  0.00000000  0.00000000  0.00000000  0.00000000  0.00000000  0.00000000
II#2017-11-26   0.00000000  0.00000000  0.00000000  0.00000000  0.00000000  0.00000000  0.00000000  0.00000000  0.00000000  0.00000000  0.00000000  0.00000000  0.00000000  0.00000000  0.00000000  0.00000000  0.00000000  0.00000000  0.00000000  0.00000000  0.00000000
II#2017-12-03   0.00000000  0.00000000  0.00000000  0.00000000  0.00000000  0.00000000  0.00000000  0.00000000  0.00000000  0.00000000  0.00000000  0.00000000  0.00000000  0.00000000  0.00000000  0.00000000  0.00000000  0.00000000  0.00000000  0.00000000  0.00000000
II#2017-12-10   0.00000000  0.00000000  0.00000000  0.00000000  0.00000000  0.00000000  0.00000000  0.00000000  0.00000000  0.00000000  0.00000000  0.00000000  0.00000000  0.00000000  0.00000000  0.00000000  0.00000000  0.00000000  0.00000000  0.00000000  0.00000000
II#2017-12-17   0.00000000  0.00000000  0.00000000  0.00000000  0.00000000  0.00000000  0.00000000  0.00000000  0.00000000  0.00000000  0.00000000  0.00000000  0.00000000  0.00000000  0.00000000  0.00000000  0.00000000  0.00000000  0.00000000  0.00000000  0.00000000
II#2017-12-24   0.00000000  0.00000000  0.00000000  0.00000000  0.00000000  0.00000000  0.00000000  0.00000000  0.00000000  0.00000000  0.00000000  0.00000000  0.00000000  0.00000000  0.00000000  0.00000000  0.00000000  0.00000000  0.00000000  0.00000000  0.00000000
II#2017-12-31   0.00000252  0.00001915  0.00001455  0.00002911  0.00000408  0.00000128  0.00000721  0.00005051  0.00001552  0.00000845  0.00000775  0.00002990  0.00003050  0.00001469  0.00001706  0.00001586  0.00001758  0.00000943  0.00011031  0.00002429  0.00001357
II#2018-01-07   0.00564206  0.00474148  0.00706679  0.00965934  0.00490458  0.00342180  0.00570958  0.00869813  0.00898068  0.00807736  0.00700306  0.00324064  0.00672997  0.00682317  0.00502211  0.00598596  0.00457184  0.00941453  0.00457621  0.01529563  0.00328781
II#2018-01-14   0.00163110  0.00110391  0.00059894  0.00147358  0.00252221  0.00060724  0.00223313  0.00106002  0.00155334  0.00218958  0.00084504  0.00108740  0.00224788  0.00163017  0.00177366  0.00164879  0.00157570  0.00103406  0.00094459  0.00209661  0.00199463
II#2018-02-11   0.00008283  0.00003356  0.00004411  0.00001632  0.00008037  0.00001334  0.00002924  0.00005175  0.00004213  0.00008095  0.00012432  0.00003263  0.00001930  0.00004310  0.00005320  0.00005041  0.00006601  0.00010862  0.00010921  0.00005356  0.00005603
II#2018-03-25   0.00000004  0.00000004  0.00000004  0.00000005  0.00000003  0.00000003  0.00000002  0.00000004  0.00000003  0.00000005  0.00000004  0.00000004  0.00000003  0.00000005  0.00000005  0.00000005  0.00000006  0.00000016  0.00000007  0.00000002  0.00000003
II#2018-05-06   0.00000052  0.00000036  0.00000027  0.00000045  0.00000034  0.00000105  0.00000049  0.00000049  0.00000044  0.00000041  0.00000071  0.00000027  0.00000038  0.00000040  0.00000041  0.00000034  0.00000037  0.00000016  0.00000040  0.00000032  0.00000038
II#2018-05-13   0.00025300  0.00032690  0.00031934  0.00050393  0.00030526  0.00011486  0.00050458  0.00043823  0.00042727  0.00037832  0.00059752  0.00045052  0.00036704  0.00045494  0.00061352  0.00040893  0.00039976  0.00099683  0.00052746  0.00049721  0.00033550
II#2018-05-20   0.00000000  0.00000000  0.00000000  0.00000000  0.00000000  0.00000000  0.00000000  0.00000000  0.00000000  0.00000000  0.00000000  0.00000000  0.00000000  0.00000000  0.00000000  0.00000000  0.00000000  0.00000000  0.00000000  0.00000000  0.00000000
II#2018-05-27   0.00000000  0.00000000  0.00000000  0.00000000  0.00000000  0.00000000  0.00000000  0.00000000  0.00000000  0.00000000  0.00000000  0.00000000  0.00000000  0.00000000  0.00000000  0.00000000  0.00000000  0.00000000  0.00000000  0.00000000  0.00000000
II#2018-06-03   0.00000000  0.00000000  0.00000000  0.00000000  0.00000000  0.00000000  0.00000000  0.00000000  0.00000000  0.00000000  0.00000000  0.00000000  0.00000000  0.00000000  0.00000000  0.00000000  0.00000000  0.00000000  0.00000000  0.00000000  0.00000000
II#2018-07-01   0.03484448  0.04513958           .  0.05418436  0.01438739  0.01963982  0.03136343  0.04036324  0.05449548  0.02016279  0.03998197  0.04540228  0.05981963  0.04957485  0.04246220  0.04097303  0.03803567  0.01549879  0.02779602  0.06079843  0.02816065
II#2018-08-26   0.00000000  0.00000000  0.00000000  0.00000000  0.00000000  0.00000000  0.00000000  0.00000000  0.00000000  0.00000000  0.00000000  0.00000000  0.00000000  0.00000000  0.00000000  0.00000000  0.00000000  0.00000000  0.00000000  0.00000000  0.00000000
II#2018-09-02   0.06079562           .           .  0.08021939  0.02760954  0.05484079  0.04555944  0.05910035  0.05433679  0.07130704  0.07832348           .  0.04759315  0.08378472  0.09280117  0.09617006  0.08346767  0.07245581  0.09835963  0.06296501  0.07737233
II#2018-09-09   0.00000000  0.00000000  0.00000000  0.00000000  0.00000000  0.00000000  0.00000000  0.00000000  0.00000000  0.00000000  0.00000000  0.00000000  0.00000000  0.00000000  0.00000000  0.00000000  0.00000000  0.00000000  0.00000000  0.00000000  0.00000000
II#2018-09-23   0.00003405  0.00003735  0.00002902  0.00004166  0.00003164  0.00003414  0.00005585  0.00005233  0.00004809  0.00004001  0.00005216  0.00002723  0.00004867  0.00002986  0.00004042  0.00003446  0.00003821  0.00002833  0.00004761  0.00003705  0.00003305
II#2018-10-07   0.00026325  0.00048936  0.00059471  0.00022869  0.00016056  0.00069859  0.00019492  0.00013985  0.00016692  0.00034193  0.00018444  0.00048515  0.00022572  0.00018807  0.00033072  0.00033361  0.00034757  0.00017567  0.00030999  0.00013884  0.00032549
II#2018-10-21   0.00366986  0.00305564  0.00347335  0.00268863  0.00411164  0.00459470  0.00229406  0.00278545  0.00220929  0.00425494  0.00472560  0.00298353  0.00216434  0.00140234  0.00300241  0.00400191  0.00289434  0.00317802  0.00503493  0.00195837  0.00262861
II#2018-11-04   0.00000021  0.00000003  0.00000005  0.00000046  0.00000038  0.00000038  0.00000029  0.00000027  0.00000042  0.00000015  0.00000013  0.00000003  0.00000053  0.00000026  0.00000020  0.00000034  0.00000044  0.00000020  0.00000027  0.00000062  0.00000022
II#2018-11-18   0.00000000  0.00000000  0.00000000  0.00000000  0.00000000  0.00000000  0.00000000  0.00000000  0.00000000  0.00000000  0.00000000  0.00000000  0.00000000  0.00000000  0.00000000  0.00000000  0.00000000  0.00000000  0.00000000  0.00000000  0.00000000
II#2018-12-02   0.00001325  0.00000032  0.00000062  0.00000755  0.00004510  0.00000935  0.00001320  0.00000812  0.00001121  0.00000749  0.00000380  0.00000054  0.00001516  0.00000548  0.00000524  0.00000526  0.00000623  0.00000904  0.00000592  0.00004918  0.00000614
II#2018-12-16   0.04168593  0.03182252  0.01558027  0.03817117  0.02892641           .  0.03553384  0.03166342  0.03234115  0.03709229  0.03993543  0.02698466  0.02764359  0.03672836  0.02920792  0.03791511  0.03759016  0.04056577  0.02174749  0.04838105  0.03495428
II#2018-12-23   0.00042604  0.00068821  0.00053596  0.00052770  0.00092264  0.00072376  0.00060026  0.00043814  0.00052326  0.00082655  0.00064173  0.00091085  0.00050635  0.00074322  0.00072863  0.00070678  0.00070304  0.00075843  0.00088681  0.00069211  0.00068418
II#2018-12-30   0.01320046  0.00912456  0.00892044  0.00697860  0.01475235  0.00876592  0.00991313  0.01439965  0.01166995  0.00921631  0.01177520  0.00962047  0.00869091  0.00697298  0.00704874  0.00925042  0.00912228  0.01212621  0.01382254  0.00317751  0.00723902
k                      236         227         228         226         228         228         227         227         227         228         227         228         227         227         227         227         227         230         228         228         228
parameters            1074        1047        1050        1044        1050        1050        1047        1047        1047        1050        1047        1050        1047        1047        1047        1047        1047        1056        1050        1050        1050
loglik              11048.      10994.      10997.      10988.      10997.      10995.      10992.      10992.      10991.      10997.      10992.      10997.      10993.      10993.      10993.      10992.      10991.      11002.      10997.      10995.      10997.
AIC                -27.898     -27.823     -27.822     -27.815     -27.825     -27.819     -27.818     -27.818     -27.816     -27.824     -27.818     -27.823     -27.822     -27.820     -27.821     -27.817     -27.816     -27.821     -27.824     -27.819     -27.825
HQ                 -25.246     -25.238     -25.229     -25.237     -25.232     -25.226     -25.232     -25.233     -25.231     -25.231     -25.233     -25.230     -25.236     -25.234     -25.236     -25.231     -25.231     -25.213     -25.231     -25.226     -25.232
SC                 -21.030     -21.128     -21.108     -21.139     -21.111     -21.105     -21.123     -21.123     -21.121     -21.109     -21.123     -21.109     -21.126     -21.124     -21.126     -21.122     -21.121     -21.068     -21.109     -21.104     -21.110
                                                       =======

p-values of diagnostic checks for model validity
          Initial GUM     cut-off   Final GUM     cut-off Final model
AR(7)         0.25586     0.01000     0.25815     0.01000     0.06184
Normality     0.00000     0.00000     0.00000     0.00000     0.00000
Hetero        1.00000     0.01000     1.00000     0.01000     0.14018
Chow(70%)     1.00000     0.01000     1.00000     0.01000     1.00000

*** Warning: Final model failed 1 diagnostic test(s)

The final model has 36 insignificant coefficients:
Joint significance  LRF(108) [0.0000] LRF_GUM0(222) [0.0000]
II#2006-04-02       Failed backtest against GUM0
II#2006-04-16       Failed backtest against GUM0
II#2006-05-14       Failed backtest against GUM0
II#2006-07-16       Failed backtest against GUM0
II#2006-09-17       Failed backtest against GUM0
II#2006-11-12       Failed backtest against GUM0
II#2007-01-14       Failed backtest against GUM0
II#2007-03-18       Failed backtest against GUM0
II#2007-05-13       Failed backtest against GUM0
II#2007-11-04       Failed backtest against GUM0
II#2008-02-10       Failed backtest against GUM0
II#2008-03-02       Failed backtest against GUM0
II#2008-09-14       Failed backtest against GUM0
II#2009-08-02       Failed backtest against GUM0
II#2009-11-29       Failed backtest against GUM0
II#2010-01-31       Failed backtest against GUM0
II#2010-10-31       Failed backtest against GUM0
II#2010-11-21       Failed backtest against GUM0
II#2011-01-16       Failed backtest against GUM0
II#2011-06-19       Failed backtest against GUM0
II#2011-08-14       Failed backtest against GUM0
II#2011-10-09       Failed backtest against GUM0
II#2011-11-13       Failed backtest against GUM0
II#2012-03-11       Failed backtest against GUM0
II#2012-03-25       Failed backtest against GUM0
II#2013-01-20       Failed backtest against GUM0
II#2013-03-17       Failed backtest against GUM0
II#2013-07-14       Failed backtest against GUM0
II#2013-07-28       Failed backtest against GUM0
II#2013-09-22       Failed backtest against GUM0
II#2013-10-20       Failed backtest against GUM0
II#2017-06-04       Failed backtest against GUM0
II#2017-07-02       Failed backtest against GUM0
II#2018-07-01       Failed backtest against GUM0
II#2018-09-02       Failed backtest against GUM0
II#2018-12-16       Failed backtest against GUM0

Summary of Autometrics search
initial search space    2^264  final search space      2^236
no. estimated models     2233  no. terminal models        20
test form                LR-F  target size        Small:0.01
large residuals            no  presearch reduction      lags
backtesting              GUM0  tie-breaker                SC
diagnostics p-value      0.01  search effort        standard
time               2:35:11.06  Autometrics version       2.3

SYS( 2) Estimating the system by OLS
        The dataset is: ../export/database for ox/db_oil_withSesonal.in7
        The estimation sample is: 2005-04-24 - 2018-12-30

URF equation for: D_R_6_ETANOL_HIDRATADO
                             Coefficient  Std.Error  t-value  t-prob
D_R_6_ETANOL_HIDRATADO_1       -0.199360    0.02859    -6.97  0.0000
D_R_6_ETANOL_HIDRATADO_2       -0.246162    0.02980    -8.26  0.0000
D_R_6_ETANOL_HIDRATADO_3       -0.132664    0.02248    -5.90  0.0000
D_R_6_ETANOL_HIDRATADO_4      -0.0493303    0.02928    -1.68  0.0928
D_R_6_ETANOL_HIDRATADO_5      -0.0194915    0.02936   -0.664  0.5071
D_R_6_ETANOL_HIDRATADO_6       0.0463898    0.02712     1.71  0.0880
D_R_6_ETANOL_HIDRATADO_7       0.0783292    0.02617     2.99  0.0029
D_R_6_ETANOL_HIDRATADO_8       0.0318561    0.01850     1.72  0.0860
D_R_6_OLEO_DIESEL_1          -0.00417065    0.08379  -0.0498  0.9603
D_R_6_OLEO_DIESEL_2           -0.0494389    0.08480   -0.583  0.5602
D_R_6_OLEO_DIESEL_3           -0.0772339    0.08132   -0.950  0.3429
D_R_6_OLEO_DIESEL_4           -0.0662802    0.09300   -0.713  0.4765
D_R_6_OLEO_DIESEL_5            -0.140590    0.08119    -1.73  0.0842
D_R_6_OLEO_DIESEL_6           -0.0837704    0.08533   -0.982  0.3269
D_R_6_OLEO_DIESEL_7           -0.0376339    0.07946   -0.474  0.6361
D_R_6_OLEO_DIESEL_8            -0.167346    0.07417    -2.26  0.0246
D_R_6_GASOLINA_COMUM_1          0.288454    0.08313     3.47  0.0006
D_R_6_GASOLINA_COMUM_2         0.0825863    0.08165     1.01  0.3124
D_R_6_GASOLINA_COMUM_3         0.0604572    0.07111    0.850  0.3958
D_R_6_GASOLINA_COMUM_4        -0.0304595    0.08824   -0.345  0.7301
D_R_6_GASOLINA_COMUM_5          0.215840    0.07035     3.07  0.0023
D_R_6_GASOLINA_COMUM_6          0.277116    0.07566     3.66  0.0003
D_R_6_GASOLINA_COMUM_7         0.0962337    0.06663     1.44  0.1495
D_R_6_GASOLINA_COMUM_8          0.304824    0.05991     5.09  0.0000
II#2005-05-01                 0.00175938   0.004958    0.355  0.7229
II#2005-05-08                0.000858437   0.004980    0.172  0.8632
II#2005-05-15                 0.00570298   0.004983     1.14  0.2532
II#2005-08-14                 -0.0216241   0.004893    -4.42  0.0000
II#2005-08-21                 -0.0101741   0.005044    -2.02  0.0444
II#2005-08-28                 -0.0234330   0.005068    -4.62  0.0000
II#2005-09-04                 -0.0239357   0.005239    -4.57  0.0000
II#2005-09-11                  0.0263634    0.01160     2.27  0.0236
II#2005-09-18                 -0.0757765   0.009025    -8.40  0.0000
II#2005-09-25                  0.0461984   0.008372     5.52  0.0000
II#2005-10-09                -0.00780420   0.009009   -0.866  0.3869
II#2005-10-16                 -0.0599778    0.01021    -5.88  0.0000
II#2005-10-23                   0.238719   0.009968     23.9  0.0000
II#2005-10-30                 -0.0734938    0.01176    -6.25  0.0000
II#2005-11-06                 -0.0267033    0.01159    -2.30  0.0217
II#2005-11-27                  0.0470151    0.01045     4.50  0.0000
II#2005-12-11                 -0.0344996   0.009211    -3.75  0.0002
II#2006-01-08                  0.0200786   0.005125     3.92  0.0001
II#2006-01-22                  0.0127116   0.005365     2.37  0.0183
II#2006-01-29                  0.0163270   0.005246     3.11  0.0020
II#2006-02-12               -0.000492720   0.005436  -0.0906  0.9278
II#2006-02-19                  0.0170966   0.005344     3.20  0.0015
II#2006-03-05                  0.0461899   0.005645     8.18  0.0000
II#2006-03-19                  0.0173942   0.005718     3.04  0.0025
II#2006-04-02                -0.00309552   0.005578   -0.555  0.5793
II#2006-04-16                 0.00110002   0.005450    0.202  0.8402
II#2006-05-14                  0.0125305   0.005129     2.44  0.0150
II#2006-06-04                  0.0147782   0.005283     2.80  0.0054
II#2006-07-16                 0.00128200   0.005074    0.253  0.8007
II#2006-07-30                 -0.0181051   0.004935    -3.67  0.0003
II#2006-08-27                  0.0127073   0.005000     2.54  0.0115
II#2006-09-17                 0.00922850   0.005022     1.84  0.0669
II#2006-09-24                  0.0185898   0.004979     3.73  0.0002
II#2006-10-08                 -0.0251282   0.004998    -5.03  0.0000
II#2006-10-15                  0.0169808   0.005179     3.28  0.0011
II#2006-11-12                 -0.0133215   0.005035    -2.65  0.0085
II#2006-12-10                  0.0155494   0.004980     3.12  0.0019
II#2006-12-24                 -0.0166854   0.004996    -3.34  0.0009
II#2007-01-14                 -0.0150952   0.005040    -2.99  0.0029
II#2007-01-21                  0.0145604   0.005266     2.76  0.0060
II#2007-01-28                 -0.0316542   0.005208    -6.08  0.0000
II#2007-02-11                 -0.0215046   0.005433    -3.96  0.0001
II#2007-02-25                -0.00929322   0.005294    -1.76  0.0800
II#2007-03-04                 -0.0129295   0.005292    -2.44  0.0150
II#2007-03-18                 0.00486388   0.005301    0.918  0.3594
II#2007-03-25                 -0.0172974   0.005221    -3.31  0.0010
II#2007-05-06                -0.00850414   0.005046    -1.69  0.0928
II#2007-05-13                  0.0137340   0.005027     2.73  0.0066
II#2007-05-27                  0.0174979   0.004966     3.52  0.0005
II#2007-06-03                 -0.0335264   0.005102    -6.57  0.0000
II#2007-06-10                  0.0218407   0.005015     4.35  0.0000
II#2007-07-15                  0.0182715   0.004977     3.67  0.0003
II#2007-07-29                  0.0192438   0.005084     3.79  0.0002
II#2007-08-05                 -0.0125356   0.005169    -2.43  0.0158
II#2007-08-12                  0.0148097   0.005176     2.86  0.0045
II#2007-08-26                 -0.0115096   0.005222    -2.20  0.0281
II#2007-09-09                 -0.0259165   0.005178    -5.00  0.0000
II#2007-09-16                 -0.0202388   0.005266    -3.84  0.0001
II#2007-10-07                 -0.0228403   0.005088    -4.49  0.0000
II#2007-10-14                 0.00629399   0.005248     1.20  0.2312
II#2007-10-21                 -0.0105640   0.005275    -2.00  0.0459
II#2007-11-04                 -0.0135930   0.005183    -2.62  0.0091
II#2007-11-18                -0.00807606   0.005444    -1.48  0.1388
II#2007-12-09                 -0.0268319   0.005397    -4.97  0.0000
II#2007-12-23                 -0.0173598   0.005370    -3.23  0.0013
II#2007-12-30                0.000435068   0.005244   0.0830  0.9339
II#2008-01-13                 -0.0171504   0.005343    -3.21  0.0014
II#2008-01-20                 0.00932770   0.005262     1.77  0.0771
II#2008-02-10                -0.00780462   0.005216    -1.50  0.1355
II#2008-03-02                 -0.0136175   0.005192    -2.62  0.0091
II#2008-03-09                 -0.0173379   0.005334    -3.25  0.0013
II#2008-04-27                 -0.0198389   0.005368    -3.70  0.0003
II#2008-05-04                -0.00145844   0.009136   -0.160  0.8733
II#2008-07-06                  0.0134668   0.005154     2.61  0.0094
II#2008-09-14                -0.00928578   0.005092    -1.82  0.0691
II#2008-11-30                  0.0227161   0.005843     3.89  0.0001
II#2009-02-08                  0.0167520   0.005177     3.24  0.0013
II#2009-06-14                  0.0118942   0.005550     2.14  0.0328
II#2009-06-28               -0.000812343   0.005024   -0.162  0.8716
II#2009-08-02                -0.00725427   0.005190    -1.40  0.1630
II#2009-08-16                 -0.0272350   0.005053    -5.39  0.0000
II#2009-08-23                 -0.0234550   0.005217    -4.50  0.0000
II#2009-08-30                 -0.0310009   0.005233    -5.92  0.0000
II#2009-09-06                 -0.0326100   0.005504    -5.92  0.0000
II#2009-09-13                 -0.0308698   0.006182    -4.99  0.0000
II#2009-09-20                  -0.126296   0.006587    -19.2  0.0000
II#2009-09-27                   0.134079   0.007453     18.0  0.0000
II#2009-10-04                  0.0742257   0.009443     7.86  0.0000
II#2009-10-18                  0.0834402   0.009395     8.88  0.0000
II#2009-10-25                  0.0348012   0.009062     3.84  0.0001
II#2009-11-01                  0.0227314   0.009847     2.31  0.0215
II#2009-11-08                -0.00324236   0.009310   -0.348  0.7278
II#2009-11-15                 -0.0366234    0.01084    -3.38  0.0008
II#2009-11-22                 -0.0164989   0.008643    -1.91  0.0571
II#2009-11-29                 -0.0203096   0.007283    -2.79  0.0056
II#2009-12-20                -0.00929042   0.005442    -1.71  0.0886
II#2010-01-10                -0.00670812   0.005158    -1.30  0.1942
II#2010-01-31                 0.00716629   0.005142     1.39  0.1642
II#2010-02-07                 -0.0208909   0.005257    -3.97  0.0001
II#2010-04-04                 0.00635833   0.004950     1.28  0.1998
II#2010-05-30                 -0.0169417   0.005139    -3.30  0.0011
II#2010-06-20                  0.0119091   0.004904     2.43  0.0156
II#2010-07-25                 -0.0106660   0.004918    -2.17  0.0308
II#2010-09-05                 0.00104481   0.004956    0.211  0.8332
II#2010-09-26                 0.00100592   0.004895    0.206  0.8373
II#2010-10-10                 0.00618254   0.005046     1.23  0.2213
II#2010-10-24               -0.000161563   0.005065  -0.0319  0.9746
II#2010-10-31                 0.00389583   0.005042    0.773  0.4402
II#2010-11-21               -0.000791403   0.005054   -0.157  0.8757
II#2010-11-28                -0.00303556   0.005050   -0.601  0.5481
II#2011-01-16                 -0.0113190   0.004967    -2.28  0.0232
II#2011-03-27                   0.146017   0.005382     27.1  0.0000
II#2011-04-03                  0.0420355   0.006794     6.19  0.0000
II#2011-04-10                  0.0925503   0.007068     13.1  0.0000
II#2011-04-24                 -0.0161933   0.007174    -2.26  0.0246
II#2011-05-01                -0.00234279   0.007582   -0.309  0.7575
II#2011-05-08                 -0.0447025   0.007507    -5.95  0.0000
II#2011-05-15                 -0.0147788   0.007560    -1.95  0.0514
II#2011-05-22                 -0.0485525   0.007478    -6.49  0.0000
II#2011-05-29                 -0.0229597   0.006752    -3.40  0.0007
II#2011-06-05                  0.0169512   0.006475     2.62  0.0092
II#2011-06-19                 0.00795895   0.006252     1.27  0.2038
II#2011-08-14                 0.00123292   0.004847    0.254  0.7994
II#2011-09-18                -0.00685586   0.004975    -1.38  0.1690
II#2011-10-09                -0.00446236   0.005077   -0.879  0.3800
II#2011-11-06                 -0.0189299   0.005019    -3.77  0.0002
II#2011-11-13                  0.0148599   0.005161     2.88  0.0042
II#2011-12-18                -0.00667592   0.004998    -1.34  0.1825
II#2012-01-15                 -0.0128569   0.005016    -2.56  0.0108
II#2012-02-26                -0.00845070   0.004905    -1.72  0.0857
II#2012-03-11                 0.00341640   0.004954    0.690  0.4908
II#2012-03-25                -0.00361016   0.004998   -0.722  0.4706
II#2012-04-08                 0.00809897   0.004956     1.63  0.1031
II#2012-04-15                 -0.0125438   0.004931    -2.54  0.0114
II#2012-05-27                 0.00284505   0.005044    0.564  0.5731
II#2012-06-24                 0.00172366   0.004842    0.356  0.7221
II#2012-07-15                -0.00283678   0.005178   -0.548  0.5841
II#2012-07-29                 0.00385650   0.004986    0.773  0.4398
II#2012-09-09                 -0.0232855   0.005071    -4.59  0.0000
II#2013-01-20                -0.00206524   0.004846   -0.426  0.6702
II#2013-02-03                  0.0187253   0.007308     2.56  0.0108
II#2013-03-10                0.000461292   0.005892   0.0783  0.9376
II#2013-03-17                 0.00857609   0.005618     1.53  0.1277
II#2013-04-07                  0.0149788   0.004981     3.01  0.0028
II#2013-04-14                -0.00676968   0.004873    -1.39  0.1656
II#2013-04-21                  0.0132828   0.004983     2.67  0.0080
II#2013-05-26                 -0.0153116   0.005031    -3.04  0.0025
II#2013-06-02                 -0.0131073   0.004881    -2.69  0.0076
II#2013-06-30                 -0.0187180   0.004827    -3.88  0.0001
II#2013-07-14                -0.00520173   0.004871    -1.07  0.2863
II#2013-07-28                 0.00623571   0.004937     1.26  0.2074
II#2013-09-22                 -0.0140604   0.004947    -2.84  0.0047
II#2013-10-20                0.000815383   0.004923    0.166  0.8686
II#2013-12-01                 -0.0133836   0.006812    -1.96  0.0502
II#2014-02-09                  0.0148352   0.004862     3.05  0.0024
II#2014-11-16                  0.0103505   0.005296     1.95  0.0514
II#2015-02-01                 0.00747650   0.008328    0.898  0.3699
II#2015-02-08                 0.00781216   0.006316     1.24  0.2170
II#2015-08-16                -0.00563263   0.004965    -1.13  0.2574
II#2015-08-23                -0.00988126   0.005054    -1.96  0.0513
II#2015-10-04                  0.0500892   0.007577     6.61  0.0000
II#2015-10-18                  0.0187026   0.006427     2.91  0.0038
II#2015-11-01                  0.0115186   0.006315     1.82  0.0690
II#2015-11-15                  0.0248759   0.006852     3.63  0.0003
II#2015-12-06                  0.0427329   0.005349     7.99  0.0000
II#2016-01-03                  0.0368195   0.005486     6.71  0.0000
II#2016-11-06                  0.0131057   0.005146     2.55  0.0113
II#2016-11-27                  0.0138227   0.005098     2.71  0.0070
II#2016-12-04                -0.00205021   0.005164   -0.397  0.6916
II#2016-12-11                 0.00556639   0.005427     1.03  0.3057
II#2017-01-01                 0.00946811   0.005115     1.85  0.0649
II#2017-01-15                  0.0100447   0.005087     1.97  0.0491
II#2017-02-12                -0.00945447   0.004983    -1.90  0.0586
II#2017-03-12                 -0.0156048   0.005073    -3.08  0.0023
II#2017-03-19                 -0.0144662   0.005045    -2.87  0.0044
II#2017-05-07                  0.0117849   0.004965     2.37  0.0181
II#2017-06-04                 -0.0115777   0.004972    -2.33  0.0204
II#2017-06-18                -0.00468647   0.005035   -0.931  0.3525
II#2017-07-02                -0.00574975   0.005165    -1.11  0.2663
II#2017-07-16                 0.00629924   0.005193     1.21  0.2259
II#2017-07-23                  0.0104257   0.008018     1.30  0.1943
II#2017-07-30                  0.0688849   0.006628     10.4  0.0000
II#2017-08-06                 -0.0444344   0.006510    -6.83  0.0000
II#2017-08-13                  0.0927890   0.007850     11.8  0.0000
II#2017-08-20                 -0.0754946   0.009274    -8.14  0.0000
II#2017-08-27                  0.0890646    0.01030     8.65  0.0000
II#2017-09-03                 -0.0756643    0.01108    -6.83  0.0000
II#2017-09-10                  0.0856437    0.01123     7.63  0.0000
II#2017-09-17                 -0.0773203    0.01107    -6.99  0.0000
II#2017-09-24                  0.0805845    0.01015     7.94  0.0000
II#2017-10-01                 -0.0717117   0.009505    -7.54  0.0000
II#2017-10-08                  0.0719930   0.009153     7.87  0.0000
II#2017-10-15                 -0.0689310   0.008793    -7.84  0.0000
II#2017-10-22                  0.0732640   0.008410     8.71  0.0000
II#2017-10-29                 -0.0826259   0.008074    -10.2  0.0000
II#2017-11-05                 0.00287005   0.007969    0.360  0.7189
II#2017-11-12                 -0.0145461   0.007421    -1.96  0.0507
II#2017-11-19                  0.0418620   0.007097     5.90  0.0000
II#2017-11-26                 -0.0476738   0.006864    -6.95  0.0000
II#2017-12-03                  0.0661351   0.006655     9.94  0.0000
II#2017-12-10                 -0.0526531   0.007018    -7.50  0.0000
II#2017-12-17                  0.0675173   0.006830     9.89  0.0000
II#2017-12-24                 -0.0564271   0.006920    -8.15  0.0000
II#2017-12-31                  0.0146757   0.007236     2.03  0.0433
II#2018-01-07                 -0.0117647   0.006261    -1.88  0.0610
II#2018-01-14                 -0.0105467   0.005911    -1.78  0.0752
II#2018-02-11                  0.0106948   0.005521     1.94  0.0535
II#2018-03-25                 0.00911245   0.004954     1.84  0.0667
II#2018-05-06                -0.00122035   0.005110   -0.239  0.8114
II#2018-05-13                -0.00256696   0.005070   -0.506  0.6130
II#2018-05-20                 0.00973324   0.007610     1.28  0.2017
II#2018-05-27                  0.0576658   0.006421     8.98  0.0000
II#2018-06-03                 -0.0312488    0.01112    -2.81  0.0052
II#2018-07-01                 -0.0106954   0.008132    -1.32  0.1892
II#2018-08-26                 0.00988757   0.005072     1.95  0.0520
II#2018-09-02                -0.00362973   0.006174   -0.588  0.5569
II#2018-09-09                 0.00345991   0.006651    0.520  0.6032
II#2018-09-23                 0.00169684   0.005605    0.303  0.7623
II#2018-10-07                  0.0125506   0.005761     2.18  0.0300
II#2018-10-21                  0.0100641   0.005734     1.76  0.0801
II#2018-11-04                -0.00470531   0.005730   -0.821  0.4121
II#2018-11-18                -0.00183541   0.005396   -0.340  0.7339
II#2018-12-02                -0.00881977   0.005821    -1.52  0.1306
II#2018-12-16                -0.00679334   0.005450    -1.25  0.2134
II#2018-12-23                -0.00695210   0.005224    -1.33  0.1841
II#2018-12-30                -0.00448116   0.005496   -0.815  0.4154
D_star_ETANOL_HIDRATADO  U     0.0837257    0.04527     1.85  0.0652
D_star_ETANOL_HIDRATADO_1U   0.000383190    0.04889  0.00784  0.9938
D_star_ETANOL_HIDRATADO_2U    -0.0865270    0.05367    -1.61  0.1078
D_star_ETANOL_HIDRATADO_3U      0.133626    0.05023     2.66  0.0082
D_star_ETANOL_HIDRATADO_4U      0.158938    0.05040     3.15  0.0017
D_star_ETANOL_HIDRATADO_5U    -0.0173568    0.05277   -0.329  0.7424
D_star_ETANOL_HIDRATADO_6U     0.0936606    0.05315     1.76  0.0789
D_star_ETANOL_HIDRATADO_7U    -0.0156639    0.04719   -0.332  0.7401
D_star_ETANOL_HIDRATADO_8U     0.0444893    0.04501    0.988  0.3236
D_star_OLEO_DIESEL       U      0.144424     0.1079     1.34  0.1817
D_star_OLEO_DIESEL_1     U     -0.117035    0.08391    -1.39  0.1639
D_star_OLEO_DIESEL_2     U     0.0341494    0.08134    0.420  0.6748
D_star_OLEO_DIESEL_3     U      0.164135    0.08361     1.96  0.0504
D_star_OLEO_DIESEL_4     U     0.0161736    0.08612    0.188  0.8511
D_star_OLEO_DIESEL_5     U      0.210818    0.08341     2.53  0.0119
D_star_OLEO_DIESEL_6     U     0.0361433    0.08551    0.423  0.6728
D_star_OLEO_DIESEL_7     U    -0.0858264    0.08281    -1.04  0.3007
D_star_OLEO_DIESEL_8     U      0.235315    0.07639     3.08  0.0022
D_star_GASOLINA_COMUM    U     -0.188431     0.1072    -1.76  0.0797
D_star_GASOLINA_COMUM_1  U     0.0497311    0.08647    0.575  0.5656
D_star_GASOLINA_COMUM_2  U    -0.0169215    0.07889   -0.214  0.8303
D_star_GASOLINA_COMUM_3  U     -0.221438    0.08124    -2.73  0.0067
D_star_GASOLINA_COMUM_4  U     -0.132378    0.07872    -1.68  0.0935
D_star_GASOLINA_COMUM_5  U    -0.0894002    0.07954    -1.12  0.2617
D_star_GASOLINA_COMUM_6  U     -0.407905    0.08670    -4.71  0.0000
D_star_GASOLINA_COMUM_7  U    -0.0527929    0.07808   -0.676  0.4994
D_star_GASOLINA_COMUM_8  U     -0.308071    0.07584    -4.06  0.0001
betaZ_1                  U  -0.000397842  0.0002320    -1.71  0.0872
D_brent                  U     0.0182749   0.006905     2.65  0.0085
D_brent_1                U    -0.0149344   0.007053    -2.12  0.0349
D_brent_2                U     0.0102422   0.006993     1.46  0.1439
D_brent_3                U    0.00287258   0.006902    0.416  0.6775
D_brent_4                U    0.00971181   0.007474     1.30  0.1946
D_brent_5                U   -0.00605544   0.007395   -0.819  0.4134
D_brent_6                U     0.0186300   0.007349     2.54  0.0117
D_brent_7                U    0.00235968   0.007576    0.311  0.7556
D_brent_8                U    0.00360484   0.007012    0.514  0.6075
D_lnCambio               U   -0.00869673    0.01449   -0.600  0.5487
D_lnCambio_1             U     0.0193601    0.01384     1.40  0.1628
D_lnCambio_2             U    0.00655744    0.01461    0.449  0.6539
D_lnCambio_3             U     0.0125720    0.01388    0.906  0.3655
D_lnCambio_4             U     0.0244204    0.01417     1.72  0.0856
D_lnCambio_5             U     0.0210974    0.01433     1.47  0.1418
D_lnCambio_6             U    -0.0164579    0.01424    -1.16  0.2486
D_lnCambio_7             U     0.0100755    0.01431    0.704  0.4818
D_lnCambio_8             U   -0.00615692    0.01470   -0.419  0.6756
Constant                 U    -0.0137844   0.008429    -1.64  0.1028
CSeasonal                U   -0.00649685   0.002362    -2.75  0.0062
CSeasonal_1              U   -0.00761069   0.002321    -3.28  0.0011
CSeasonal_2              U   -0.00370067   0.002213    -1.67  0.0954
CSeasonal_3              U   -0.00396688   0.002256    -1.76  0.0795
CSeasonal_4              U   -0.00351565   0.002281    -1.54  0.1242
CSeasonal_5              U   -0.00534249   0.002290    -2.33  0.0202
CSeasonal_6              U   -0.00704035   0.002220    -3.17  0.0016
CSeasonal_7              U   -0.00349643   0.002240    -1.56  0.1195
CSeasonal_8              U   -0.00415912   0.002538    -1.64  0.1022
CSeasonal_9              U   -0.00202349   0.002267   -0.893  0.3727
CSeasonal_10             U   -0.00802490   0.002268    -3.54  0.0005
CSeasonal_11             U   -0.00298346   0.002258    -1.32  0.1872
CSeasonal_12             U   -0.00454108   0.002340    -1.94  0.0530
CSeasonal_13             U   -0.00782809   0.002257    -3.47  0.0006
CSeasonal_14             U   -0.00349774   0.002327    -1.50  0.1336
CSeasonal_15             U   -0.00673531   0.002238    -3.01  0.0028
CSeasonal_16             U   -0.00468927   0.002361    -1.99  0.0477
CSeasonal_17             U   -0.00761206   0.002379    -3.20  0.0015
CSeasonal_18             U   -0.00525215   0.002262    -2.32  0.0208
CSeasonal_19             U   -0.00792559   0.002291    -3.46  0.0006
CSeasonal_20             U   -0.00360867   0.002404    -1.50  0.1341
CSeasonal_21             U  -0.000943126   0.002270   -0.415  0.6780
CSeasonal_22             U   -0.00328036   0.002388    -1.37  0.1704
CSeasonal_23             U   -0.00546265   0.002571    -2.13  0.0343
CSeasonal_24             U   0.000169433   0.002391   0.0709  0.9435
CSeasonal_25             U   -0.00793975   0.002406    -3.30  0.0011
CSeasonal_26             U   -0.00323907   0.002399    -1.35  0.1778
CSeasonal_27             U   -0.00788233   0.002609    -3.02  0.0027
CSeasonal_28             U   -0.00420324   0.002416    -1.74  0.0828
CSeasonal_29             U   -0.00477174   0.002463    -1.94  0.0535
CSeasonal_30             U   -0.00366929   0.002447    -1.50  0.1346
CSeasonal_31             U   0.000744138   0.002424    0.307  0.7590
CSeasonal_32             U   -0.00196121   0.002594   -0.756  0.4501
CSeasonal_33             U   -0.00548275   0.002443    -2.24  0.0254
CSeasonal_34             U   -0.00257413   0.002379    -1.08  0.2799
CSeasonal_35             U   -0.00300772   0.002492    -1.21  0.2283
CSeasonal_36             U   -0.00170562   0.002335   -0.730  0.4656
CSeasonal_37             U   -0.00217435   0.002517   -0.864  0.3882
CSeasonal_38             U   -0.00783220   0.002236    -3.50  0.0005
CSeasonal_39             U   -0.00252592   0.002231    -1.13  0.2584
CSeasonal_40             U   -0.00509088   0.002482    -2.05  0.0409
CSeasonal_41             U    0.00194347   0.002575    0.755  0.4508
CSeasonal_42             U   -0.00113710   0.002373   -0.479  0.6321
CSeasonal_43             U  -0.000412309   0.002190   -0.188  0.8508
CSeasonal_44             U   -0.00163889   0.002591   -0.632  0.5275
CSeasonal_45             U   -0.00441951   0.002315    -1.91  0.0570
CSeasonal_46             U   -0.00292877   0.002328    -1.26  0.2092
CSeasonal_47             U   -0.00253003   0.002360    -1.07  0.2844
CSeasonal_48             U  -2.99009e-05   0.002281  -0.0131  0.9895
CSeasonal_49             U   -0.00287347   0.002376    -1.21  0.2274
CSeasonal_50             U   -0.00123706   0.002312   -0.535  0.5929

sigma = 0.00448323   RSS = 0.007376465042

URF equation for: D_R_6_OLEO_DIESEL
                             Coefficient  Std.Error  t-value  t-prob
D_R_6_ETANOL_HIDRATADO_1      -0.0116300    0.01051    -1.11  0.2694
D_R_6_ETANOL_HIDRATADO_2       0.0162726    0.01096     1.48  0.1385
D_R_6_ETANOL_HIDRATADO_3      0.00264623   0.008267    0.320  0.7491
D_R_6_ETANOL_HIDRATADO_4       0.0213593    0.01077     1.98  0.0480
D_R_6_ETANOL_HIDRATADO_5     -0.00839996    0.01080   -0.778  0.4371
D_R_6_ETANOL_HIDRATADO_6       0.0371707   0.009974     3.73  0.0002
D_R_6_ETANOL_HIDRATADO_7       0.0210298   0.009623     2.19  0.0295
D_R_6_ETANOL_HIDRATADO_8       0.0207363   0.006806     3.05  0.0025
D_R_6_OLEO_DIESEL_1            -0.170172    0.03081    -5.52  0.0000
D_R_6_OLEO_DIESEL_2           -0.0258654    0.03119   -0.829  0.4074
D_R_6_OLEO_DIESEL_3            -0.113645    0.02991    -3.80  0.0002
D_R_6_OLEO_DIESEL_4           -0.0286739    0.03420   -0.838  0.4024
D_R_6_OLEO_DIESEL_5           -0.0527014    0.02986    -1.77  0.0784
D_R_6_OLEO_DIESEL_6          -0.00621540    0.03138   -0.198  0.8431
D_R_6_OLEO_DIESEL_7         -0.000158351    0.02922 -0.00542  0.9957
D_R_6_OLEO_DIESEL_8           -0.0580281    0.02728    -2.13  0.0341
D_R_6_GASOLINA_COMUM_1        -0.0169080    0.03057   -0.553  0.5806
D_R_6_GASOLINA_COMUM_2        -0.0155977    0.03003   -0.519  0.6038
D_R_6_GASOLINA_COMUM_3        -0.0230616    0.02615   -0.882  0.3784
D_R_6_GASOLINA_COMUM_4        -0.0319518    0.03245   -0.985  0.3255
D_R_6_GASOLINA_COMUM_5        -0.0468954    0.02587    -1.81  0.0707
D_R_6_GASOLINA_COMUM_6         0.0495927    0.02783     1.78  0.0756
D_R_6_GASOLINA_COMUM_7       -0.00172512    0.02451  -0.0704  0.9439
D_R_6_GASOLINA_COMUM_8         0.0215248    0.02203    0.977  0.3292
II#2005-05-01                  0.0100661   0.001823     5.52  0.0000
II#2005-05-08                  0.0122689   0.001831     6.70  0.0000
II#2005-05-15                 0.00444219   0.001833     2.42  0.0158
II#2005-08-14                 -0.0125825   0.001799    -6.99  0.0000
II#2005-08-21                 -0.0165406   0.001855    -8.92  0.0000
II#2005-08-28                 -0.0164751   0.001864    -8.84  0.0000
II#2005-09-04                 -0.0167068   0.001927    -8.67  0.0000
II#2005-09-11                  0.0869033   0.004265     20.4  0.0000
II#2005-09-18                 0.00319868   0.003319    0.964  0.3358
II#2005-09-25                 0.00225796   0.003079    0.733  0.4638
II#2005-10-09                 -0.0424543   0.003313    -12.8  0.0000
II#2005-10-16                 -0.0143318   0.003754    -3.82  0.0002
II#2005-10-23                  0.0118683   0.003666     3.24  0.0013
II#2005-10-30                  0.0325502   0.004324     7.53  0.0000
II#2005-11-06                  0.0230615   0.004261     5.41  0.0000
II#2005-11-27                  0.0133946   0.003842     3.49  0.0005
II#2005-12-11                -0.00552819   0.003388    -1.63  0.1036
II#2006-01-08                 0.00121188   0.001885    0.643  0.5207
II#2006-01-22                -0.00250976   0.001973    -1.27  0.2042
II#2006-01-29                 0.00704230   0.001929     3.65  0.0003
II#2006-02-12                -0.00812984   0.001999    -4.07  0.0001
II#2006-02-19                 0.00182113   0.001965    0.927  0.3547
II#2006-03-05                0.000337162   0.002076    0.162  0.8711
II#2006-03-19                0.000729874   0.002103    0.347  0.7287
II#2006-04-02                 0.00210176   0.002052     1.02  0.3063
II#2006-04-16                -0.00485479   0.002005    -2.42  0.0159
II#2006-05-14                0.000934504   0.001886    0.495  0.6206
II#2006-06-04                -0.00262163   0.001943    -1.35  0.1781
II#2006-07-16                -0.00523532   0.001866    -2.81  0.0053
II#2006-07-30                8.65393e-05   0.001815   0.0477  0.9620
II#2006-08-27                0.000978828   0.001839    0.532  0.5949
II#2006-09-17                -0.00271201   0.001847    -1.47  0.1429
II#2006-09-24                 0.00274732   0.001831     1.50  0.1344
II#2006-10-08                -0.00265036   0.001838    -1.44  0.1502
II#2006-10-15                -0.00102479   0.001905   -0.538  0.5909
II#2006-11-12               -0.000616037   0.001852   -0.333  0.7396
II#2006-12-10                -0.00183925   0.001832    -1.00  0.3159
II#2006-12-24                -0.00404712   0.001837    -2.20  0.0282
II#2007-01-14                4.35593e-05   0.001854   0.0235  0.9813
II#2007-01-21                -0.00215926   0.001937    -1.11  0.2657
II#2007-01-28                 0.00215323   0.001916     1.12  0.2617
II#2007-02-11                 0.00217068   0.001998     1.09  0.2780
II#2007-02-25               -0.000748416   0.001947   -0.384  0.7009
II#2007-03-04                 0.00302022   0.001946     1.55  0.1216
II#2007-03-18                -0.00104527   0.001950   -0.536  0.5922
II#2007-03-25               -0.000140327   0.001920  -0.0731  0.9418
II#2007-05-06                 0.00133740   0.001856    0.721  0.4716
II#2007-05-13               -0.000117537   0.001849  -0.0636  0.9493
II#2007-05-27               -0.000210519   0.001826   -0.115  0.9083
II#2007-06-03                0.000807644   0.001877    0.430  0.6672
II#2007-06-10                -0.00232741   0.001844    -1.26  0.2078
II#2007-07-15                0.000646293   0.001830    0.353  0.7242
II#2007-07-29                -0.00374544   0.001870    -2.00  0.0459
II#2007-08-05                 0.00550915   0.001901     2.90  0.0040
II#2007-08-12                -0.00319550   0.001903    -1.68  0.0940
II#2007-08-26                -0.00666101   0.001920    -3.47  0.0006
II#2007-09-09               -0.000905887   0.001905   -0.476  0.6346
II#2007-09-16                 0.00124802   0.001937    0.644  0.5197
II#2007-10-07                 0.00227668   0.001871     1.22  0.2245
II#2007-10-14                -0.00827642   0.001930    -4.29  0.0000
II#2007-10-21                 0.00700710   0.001940     3.61  0.0003
II#2007-11-04                -0.00181155   0.001906   -0.950  0.3425
II#2007-11-18                -0.00677957   0.002002    -3.39  0.0008
II#2007-12-09                 0.00367851   0.001985     1.85  0.0647
II#2007-12-23                -0.00530153   0.001975    -2.68  0.0076
II#2007-12-30                 0.00485185   0.001928     2.52  0.0123
II#2008-01-13                 0.00210927   0.001965     1.07  0.2838
II#2008-01-20                -0.00517370   0.001935    -2.67  0.0078
II#2008-02-10                 0.00385821   0.001918     2.01  0.0450
II#2008-03-02                0.000647758   0.001909    0.339  0.7346
II#2008-03-09                 0.00362722   0.001962     1.85  0.0653
II#2008-04-27                4.44015e-05   0.001974   0.0225  0.9821
II#2008-05-04                  0.0397679   0.003360     11.8  0.0000
II#2008-07-06                 0.00646090   0.001896     3.41  0.0007
II#2008-09-14                 0.00409307   0.001873     2.19  0.0295
II#2008-11-30                 0.00179141   0.002149    0.834  0.4051
II#2009-02-08                 0.00482244   0.001904     2.53  0.0117
II#2009-06-14                -0.00306150   0.002041    -1.50  0.1345
II#2009-06-28                 0.00456814   0.001848     2.47  0.0139
II#2009-08-02                -0.00410699   0.001909    -2.15  0.0321
II#2009-08-16                 -0.0184391   0.001858    -9.92  0.0000
II#2009-08-23                 -0.0213984   0.001919    -11.2  0.0000
II#2009-08-30                 -0.0209415   0.001924    -10.9  0.0000
II#2009-09-06                 -0.0294121   0.002024    -14.5  0.0000
II#2009-09-13                 -0.0280106   0.002274    -12.3  0.0000
II#2009-09-20                 -0.0360366   0.002422    -14.9  0.0000
II#2009-09-27                  0.0589440   0.002741     21.5  0.0000
II#2009-10-04                  0.0711620   0.003473     20.5  0.0000
II#2009-10-18                -0.00292046   0.003455   -0.845  0.3986
II#2009-10-25                  0.0100826   0.003333     3.03  0.0027
II#2009-11-01                  0.0245771   0.003621     6.79  0.0000
II#2009-11-08                 0.00301641   0.003424    0.881  0.3789
II#2009-11-15                 -0.0130313   0.003988    -3.27  0.0012
II#2009-11-22                 0.00858583   0.003179     2.70  0.0072
II#2009-11-29               -0.000279656   0.002679   -0.104  0.9169
II#2009-12-20                -0.00553456   0.002001    -2.77  0.0060
II#2010-01-10                 0.00609640   0.001897     3.21  0.0014
II#2010-01-31                -0.00142446   0.001891   -0.753  0.4517
II#2010-02-07                0.000431647   0.001933    0.223  0.8235
II#2010-04-04                -0.00250416   0.001821    -1.38  0.1698
II#2010-05-30                -0.00492587   0.001890    -2.61  0.0095
II#2010-06-20                 0.00318167   0.001804     1.76  0.0785
II#2010-07-25                -0.00365574   0.001809    -2.02  0.0440
II#2010-09-05                 0.00530022   0.001823     2.91  0.0039
II#2010-09-26                 0.00351639   0.001800     1.95  0.0515
II#2010-10-10               -0.000506131   0.001856   -0.273  0.7852
II#2010-10-24                 0.00192765   0.001863     1.03  0.3015
II#2010-10-31                -0.00472271   0.001854    -2.55  0.0113
II#2010-11-21                 0.00192676   0.001859     1.04  0.3006
II#2010-11-28                -0.00569668   0.001857    -3.07  0.0023
II#2011-01-16                -0.00364286   0.001827    -1.99  0.0469
II#2011-03-27               -0.000267727   0.001979   -0.135  0.8925
II#2011-04-03                  0.0146927   0.002499     5.88  0.0000
II#2011-04-10                  0.0106980   0.002600     4.12  0.0000
II#2011-04-24                 -0.0182478   0.002639    -6.92  0.0000
II#2011-05-01                 0.00189971   0.002788    0.681  0.4961
II#2011-05-08                 -0.0120166   0.002761    -4.35  0.0000
II#2011-05-15                 0.00360183   0.002781     1.30  0.1960
II#2011-05-22                 -0.0107100   0.002750    -3.89  0.0001
II#2011-05-29                 0.00962749   0.002483     3.88  0.0001
II#2011-06-05                 0.00864374   0.002381     3.63  0.0003
II#2011-06-19                 0.00556988   0.002299     2.42  0.0159
II#2011-08-14                 0.00231612   0.001783     1.30  0.1947
II#2011-09-18                 0.00264131   0.001830     1.44  0.1497
II#2011-10-09                0.000348584   0.001867    0.187  0.8520
II#2011-11-06                -0.00194983   0.001846    -1.06  0.2915
II#2011-11-13               -7.18334e-05   0.001898  -0.0378  0.9698
II#2011-12-18                -0.00559163   0.001838    -3.04  0.0025
II#2012-01-15                -0.00699133   0.001845    -3.79  0.0002
II#2012-02-26                 0.00284590   0.001804     1.58  0.1155
II#2012-03-11                 0.00247778   0.001822     1.36  0.1746
II#2012-03-25                -0.00450118   0.001838    -2.45  0.0148
II#2012-04-08                 0.00523805   0.001823     2.87  0.0043
II#2012-04-15               -0.000819679   0.001814   -0.452  0.6516
II#2012-05-27                 0.00205290   0.001855     1.11  0.2692
II#2012-06-24                -0.00324304   0.001781    -1.82  0.0694
II#2012-07-15                  0.0108690   0.001904     5.71  0.0000
II#2012-07-29                 0.00531481   0.001834     2.90  0.0040
II#2012-09-09                0.000841641   0.001865    0.451  0.6520
II#2013-01-20                 0.00260935   0.001782     1.46  0.1440
II#2013-02-03                  0.0243634   0.002688     9.06  0.0000
II#2013-03-10                 0.00461004   0.002167     2.13  0.0340
II#2013-03-17                -0.00477224   0.002066    -2.31  0.0215
II#2013-04-07                 0.00351825   0.001832     1.92  0.0555
II#2013-04-14                -0.00246770   0.001792    -1.38  0.1693
II#2013-04-21                 0.00644141   0.001833     3.52  0.0005
II#2013-05-26                 0.00263177   0.001850     1.42  0.1558
II#2013-06-02                -0.00371835   0.001795    -2.07  0.0390
II#2013-06-30                 0.00129929   0.001775    0.732  0.4647
II#2013-07-14                -0.00171065   0.001791   -0.955  0.3403
II#2013-07-28                 0.00298486   0.001816     1.64  0.1011
II#2013-09-22                0.000812025   0.001819    0.446  0.6556
II#2013-10-20                -0.00218667   0.001811    -1.21  0.2280
II#2013-12-01                  0.0196050   0.002505     7.83  0.0000
II#2014-02-09                 0.00584434   0.001788     3.27  0.0012
II#2014-11-16                  0.0181226   0.001948     9.30  0.0000
II#2015-02-01                  0.0162124   0.003063     5.29  0.0000
II#2015-02-08                  0.0116861   0.002323     5.03  0.0000
II#2015-08-16                 -0.0183504   0.001826    -10.0  0.0000
II#2015-08-23                 -0.0209115   0.001859    -11.3  0.0000
II#2015-10-04                 0.00781041   0.002787     2.80  0.0053
II#2015-10-18                -0.00198193   0.002364   -0.838  0.4023
II#2015-11-01                 0.00173371   0.002323    0.746  0.4559
II#2015-11-15                  0.0130380   0.002520     5.17  0.0000
II#2015-12-06                  0.0235994   0.001967     12.0  0.0000
II#2016-01-03                 0.00940954   0.002018     4.66  0.0000
II#2016-11-06                0.000722404   0.001893    0.382  0.7029
II#2016-11-27                -0.00449011   0.001875    -2.39  0.0171
II#2016-12-04                 0.00840212   0.001899     4.42  0.0000
II#2016-12-11                 0.00785919   0.001996     3.94  0.0001
II#2017-01-01                 0.00280459   0.001881     1.49  0.1368
II#2017-01-15                  0.0123391   0.001871     6.60  0.0000
II#2017-02-12                -0.00882358   0.001833    -4.81  0.0000
II#2017-03-12                -0.00728895   0.001866    -3.91  0.0001
II#2017-03-19                -0.00397793   0.001856    -2.14  0.0327
II#2017-05-07               -0.000406895   0.001826   -0.223  0.8238
II#2017-06-04                -0.00449583   0.001829    -2.46  0.0144
II#2017-06-18                 -0.0111430   0.001852    -6.02  0.0000
II#2017-07-02                0.000155273   0.001899   0.0817  0.9349
II#2017-07-16                -0.00692503   0.001910    -3.63  0.0003
II#2017-07-23                -0.00906266   0.002949    -3.07  0.0023
II#2017-07-30                 0.00729717   0.002438     2.99  0.0029
II#2017-08-06                  0.0400632   0.002394     16.7  0.0000
II#2017-08-13                 -0.0435634   0.002887    -15.1  0.0000
II#2017-08-20                  0.0401761   0.003411     11.8  0.0000
II#2017-08-27                 -0.0415460   0.003789    -11.0  0.0000
II#2017-09-03                  0.0272567   0.004074     6.69  0.0000
II#2017-09-10                 -0.0243064   0.004131    -5.88  0.0000
II#2017-09-17                  0.0172356   0.004069     4.24  0.0000
II#2017-09-24                 -0.0149557   0.003734    -4.01  0.0001
II#2017-10-01                  0.0223771   0.003496     6.40  0.0000
II#2017-10-08                 -0.0258999   0.003366    -7.69  0.0000
II#2017-10-15                  0.0241208   0.003234     7.46  0.0000
II#2017-10-22                 -0.0231589   0.003093    -7.49  0.0000
II#2017-10-29                  0.0313236   0.002969     10.5  0.0000
II#2017-11-05                 -0.0201593   0.002931    -6.88  0.0000
II#2017-11-12                  0.0255088   0.002729     9.35  0.0000
II#2017-11-19                -0.00871124   0.002610    -3.34  0.0009
II#2017-11-26                  0.0172491   0.002524     6.83  0.0000
II#2017-12-03                 -0.0224689   0.002448    -9.18  0.0000
II#2017-12-10                  0.0167810   0.002581     6.50  0.0000
II#2017-12-17                 -0.0197370   0.002512    -7.86  0.0000
II#2017-12-24                  0.0123821   0.002545     4.87  0.0000
II#2017-12-31                -0.00907363   0.002661    -3.41  0.0007
II#2018-01-07                -0.00515523   0.002303    -2.24  0.0258
II#2018-01-14                -0.00309806   0.002174    -1.42  0.1550
II#2018-02-11                0.000546166   0.002030    0.269  0.7881
II#2018-03-25                  0.0105721   0.001822     5.80  0.0000
II#2018-05-06                  0.0105608   0.001879     5.62  0.0000
II#2018-05-13                -0.00795299   0.001865    -4.26  0.0000
II#2018-05-20                  0.0277376   0.002799     9.91  0.0000
II#2018-05-27                -0.00516933   0.002362    -2.19  0.0292
II#2018-06-03                 -0.0467760   0.004089    -11.4  0.0000
II#2018-07-01                -0.00444323   0.002991    -1.49  0.1382
II#2018-08-26                 0.00513686   0.001865     2.75  0.0062
II#2018-09-02               -0.000477110   0.002271   -0.210  0.8337
II#2018-09-09                  0.0296681   0.002446     12.1  0.0000
II#2018-09-23                 0.00984930   0.002061     4.78  0.0000
II#2018-10-07                 0.00691358   0.002119     3.26  0.0012
II#2018-10-21                -0.00181910   0.002109   -0.863  0.3889
II#2018-11-04                -0.00158354   0.002107   -0.751  0.4529
II#2018-11-18                 0.00311516   0.001985     1.57  0.1174
II#2018-12-02                 0.00425981   0.002141     1.99  0.0473
II#2018-12-16                -0.00559264   0.002004    -2.79  0.0055
II#2018-12-23                 0.00698711   0.001921     3.64  0.0003
II#2018-12-30                0.000199017   0.002021   0.0985  0.9216
D_star_ETANOL_HIDRATADO  U    -0.0307656    0.01665    -1.85  0.0654
D_star_ETANOL_HIDRATADO_1U     0.0291397    0.01798     1.62  0.1059
D_star_ETANOL_HIDRATADO_2U   -0.00407574    0.01974   -0.206  0.8365
D_star_ETANOL_HIDRATADO_3U    -0.0258054    0.01847    -1.40  0.1633
D_star_ETANOL_HIDRATADO_4U    -0.0741136    0.01854    -4.00  0.0001
D_star_ETANOL_HIDRATADO_5U     0.0242810    0.01941     1.25  0.2117
D_star_ETANOL_HIDRATADO_6U     0.0176590    0.01955    0.903  0.3669
D_star_ETANOL_HIDRATADO_7U     0.0254349    0.01736     1.47  0.1436
D_star_ETANOL_HIDRATADO_8U    -0.0265258    0.01655    -1.60  0.1099
D_star_OLEO_DIESEL       U      0.453265    0.03970     11.4  0.0000
D_star_OLEO_DIESEL_1     U      0.176264    0.03086     5.71  0.0000
D_star_OLEO_DIESEL_2     U     0.0154726    0.02991    0.517  0.6053
D_star_OLEO_DIESEL_3     U      0.102476    0.03075     3.33  0.0009
D_star_OLEO_DIESEL_4     U   -0.00653575    0.03167   -0.206  0.8366
D_star_OLEO_DIESEL_5     U     0.0736858    0.03068     2.40  0.0168
D_star_OLEO_DIESEL_6     U    -0.0357153    0.03145    -1.14  0.2568
D_star_OLEO_DIESEL_7     U    -0.0408728    0.03045    -1.34  0.1804
D_star_OLEO_DIESEL_8     U     0.0871335    0.02810     3.10  0.0021
D_star_GASOLINA_COMUM    U      0.103528    0.03943     2.63  0.0090
D_star_GASOLINA_COMUM_1  U   -0.00476015    0.03180   -0.150  0.8811
D_star_GASOLINA_COMUM_2  U     0.0797186    0.02902     2.75  0.0063
D_star_GASOLINA_COMUM_3  U    0.00751141    0.02988    0.251  0.8016
D_star_GASOLINA_COMUM_4  U     0.0881633    0.02895     3.05  0.0025
D_star_GASOLINA_COMUM_5  U     0.0330836    0.02925     1.13  0.2588
D_star_GASOLINA_COMUM_6  U     0.0138756    0.03188    0.435  0.6637
D_star_GASOLINA_COMUM_7  U     0.0161985    0.02872    0.564  0.5730
D_star_GASOLINA_COMUM_8  U    -0.0364822    0.02789    -1.31  0.1917
betaZ_1                  U  -0.000211125  8.533e-05    -2.47  0.0138
D_brent                  U   0.000262579   0.002540    0.103  0.9177
D_brent_1                U    0.00103754   0.002594    0.400  0.6894
D_brent_2                U   -0.00588914   0.002572    -2.29  0.0226
D_brent_3                U    0.00139771   0.002539    0.551  0.5822
D_brent_4                U  -0.000380370   0.002749   -0.138  0.8900
D_brent_5                U    0.00224579   0.002720    0.826  0.4095
D_brent_6                U   -0.00545354   0.002703    -2.02  0.0443
D_brent_7                U    0.00853605   0.002786     3.06  0.0023
D_brent_8                U  -0.000924232   0.002579   -0.358  0.7203
D_lnCambio               U   -0.00816567   0.005328    -1.53  0.1263
D_lnCambio_1             U   -0.00209938   0.005091   -0.412  0.6803
D_lnCambio_2             U   0.000556883   0.005374    0.104  0.9175
D_lnCambio_3             U    0.00118005   0.005103    0.231  0.8173
D_lnCambio_4             U   7.79652e-05   0.005211   0.0150  0.9881
D_lnCambio_5             U    0.00672667   0.005270     1.28  0.2026
D_lnCambio_6             U   -0.00293560   0.005238   -0.560  0.5755
D_lnCambio_7             U    0.00187677   0.005263    0.357  0.7216
D_lnCambio_8             U    0.00964084   0.005406     1.78  0.0754
Constant                 U   -0.00756900   0.003100    -2.44  0.0151
CSeasonal                U    0.00100579  0.0008686     1.16  0.2477
CSeasonal_1              U   -0.00108674  0.0008535    -1.27  0.2037
CSeasonal_2              U  -1.54349e-05  0.0008140  -0.0190  0.9849
CSeasonal_3              U  -0.000470028  0.0008298   -0.566  0.5714
CSeasonal_4              U  -5.34199e-05  0.0008391  -0.0637  0.9493
CSeasonal_5              U  -0.000768713  0.0008424   -0.913  0.3621
CSeasonal_6              U  -0.000764009  0.0008166   -0.936  0.3501
CSeasonal_7              U   0.000877719  0.0008239     1.07  0.2874
CSeasonal_8              U   0.000210076  0.0009335    0.225  0.8221
CSeasonal_9              U  -0.000219635  0.0008338   -0.263  0.7924
CSeasonal_10             U   5.40077e-05  0.0008341   0.0647  0.9484
CSeasonal_11             U  -0.000228100  0.0008304   -0.275  0.7837
CSeasonal_12             U    0.00176163  0.0008605     2.05  0.0414
CSeasonal_13             U   -0.00101621  0.0008299    -1.22  0.2216
CSeasonal_14             U   0.000576152  0.0008557    0.673  0.5012
CSeasonal_15             U   -0.00122695  0.0008232    -1.49  0.1370
CSeasonal_16             U   0.000278897  0.0008682    0.321  0.7482
CSeasonal_17             U  -0.000953444  0.0008751    -1.09  0.2766
CSeasonal_18             U  -0.000467624  0.0008320   -0.562  0.5744
CSeasonal_19             U   0.000467624  0.0008424    0.555  0.5792
CSeasonal_20             U  -0.000108015  0.0008840   -0.122  0.9028
CSeasonal_21             U   0.000511732  0.0008349    0.613  0.5403
CSeasonal_22             U    0.00139058  0.0008784     1.58  0.1143
CSeasonal_23             U  -0.000573659  0.0009454   -0.607  0.5444
CSeasonal_24             U  -0.000276821  0.0008794   -0.315  0.7531
CSeasonal_25             U  -0.000364281  0.0008848   -0.412  0.6808
CSeasonal_26             U  -1.14302e-06  0.0008824 -0.00130  0.9990
CSeasonal_27             U   0.000134055  0.0009597    0.140  0.8890
CSeasonal_28             U   -0.00108443  0.0008887    -1.22  0.2231
CSeasonal_29             U   0.000633768  0.0009059    0.700  0.4846
CSeasonal_30             U   0.000151794  0.0008999    0.169  0.8661
CSeasonal_31             U   0.000364512  0.0008914    0.409  0.6828
CSeasonal_32             U    0.00165815  0.0009541     1.74  0.0831
CSeasonal_33             U  -0.000527972  0.0008985   -0.588  0.5572
CSeasonal_34             U   -0.00116536  0.0008749    -1.33  0.1837
CSeasonal_35             U   0.000855726  0.0009166    0.934  0.3511
CSeasonal_36             U  -0.000638778  0.0008589   -0.744  0.4575
CSeasonal_37             U    0.00286262  0.0009256     3.09  0.0021
CSeasonal_38             U   0.000326447  0.0008222    0.397  0.6916
CSeasonal_39             U   0.000111621  0.0008207    0.136  0.8919
CSeasonal_40             U  -0.000419313  0.0009127   -0.459  0.6462
CSeasonal_41             U    0.00313951  0.0009469     3.32  0.0010
CSeasonal_42             U  -0.000372787  0.0008728   -0.427  0.6696
CSeasonal_43             U  -0.000828074  0.0008054    -1.03  0.3045
CSeasonal_44             U   -0.00152217  0.0009531    -1.60  0.1111
CSeasonal_45             U  -0.000342808  0.0008514   -0.403  0.6874
CSeasonal_46             U   0.000722560  0.0008563    0.844  0.3993
CSeasonal_47             U  -0.000895295  0.0008679    -1.03  0.3030
CSeasonal_48             U  -0.000690075  0.0008389   -0.823  0.4113
CSeasonal_49             U  -0.000405211  0.0008740   -0.464  0.6432
CSeasonal_50             U   0.000219870  0.0008501    0.259  0.7961

sigma = 0.00164883   RSS = 0.0009977463974

URF equation for: D_R_6_GASOLINA_COMUM
                             Coefficient  Std.Error  t-value  t-prob
D_R_6_ETANOL_HIDRATADO_1     -0.00562082   0.009309   -0.604  0.5464
D_R_6_ETANOL_HIDRATADO_2       0.0209621   0.009704     2.16  0.0314
D_R_6_ETANOL_HIDRATADO_3       0.0118114   0.007320     1.61  0.1075
D_R_6_ETANOL_HIDRATADO_4       0.0206008   0.009533     2.16  0.0313
D_R_6_ETANOL_HIDRATADO_5      0.00918872   0.009559    0.961  0.3371
D_R_6_ETANOL_HIDRATADO_6       0.0248407   0.008831     2.81  0.0052
D_R_6_ETANOL_HIDRATADO_7       0.0177708   0.008520     2.09  0.0377
D_R_6_ETANOL_HIDRATADO_8       0.0133140   0.006026     2.21  0.0278
D_R_6_OLEO_DIESEL_1           -0.0694213    0.02728    -2.54  0.0114
D_R_6_OLEO_DIESEL_2            0.0323777    0.02761     1.17  0.2418
D_R_6_OLEO_DIESEL_3           -0.0703862    0.02648    -2.66  0.0082
D_R_6_OLEO_DIESEL_4           -0.0519495    0.03028    -1.72  0.0871
D_R_6_OLEO_DIESEL_5           -0.0664813    0.02644    -2.51  0.0123
D_R_6_OLEO_DIESEL_6          -0.00871809    0.02779   -0.314  0.7539
D_R_6_OLEO_DIESEL_7          -0.00720385    0.02588   -0.278  0.7809
D_R_6_OLEO_DIESEL_8            0.0127612    0.02415    0.528  0.5976
D_R_6_GASOLINA_COMUM_1        -0.0483891    0.02707    -1.79  0.0747
D_R_6_GASOLINA_COMUM_2        -0.0127239    0.02659   -0.479  0.6325
D_R_6_GASOLINA_COMUM_3       -0.00823402    0.02316   -0.356  0.7223
D_R_6_GASOLINA_COMUM_4      -0.000988957    0.02873  -0.0344  0.9726
D_R_6_GASOLINA_COMUM_5        -0.0140981    0.02291   -0.615  0.5387
D_R_6_GASOLINA_COMUM_6         0.0267342    0.02464     1.09  0.2786
D_R_6_GASOLINA_COMUM_7       0.000398405    0.02170   0.0184  0.9854
D_R_6_GASOLINA_COMUM_8        0.00102608    0.01951   0.0526  0.9581
II#2005-05-01                 0.00546192   0.001614     3.38  0.0008
II#2005-05-08                 0.00307675   0.001622     1.90  0.0586
II#2005-05-15                -0.00127462   0.001623   -0.785  0.4327
II#2005-08-14                -0.00972268   0.001593    -6.10  0.0000
II#2005-08-21                 -0.0126328   0.001642    -7.69  0.0000
II#2005-08-28                 -0.0117099   0.001650    -7.10  0.0000
II#2005-09-04                 -0.0314656   0.001706    -18.4  0.0000
II#2005-09-11                  0.0913277   0.003776     24.2  0.0000
II#2005-09-18                 0.00420136   0.002939     1.43  0.1537
II#2005-09-25                 0.00422908   0.002726     1.55  0.1217
II#2005-10-09                 -0.0613436   0.002934    -20.9  0.0000
II#2005-10-16                 -0.0286670   0.003324    -8.62  0.0000
II#2005-10-23                  0.0197126   0.003246     6.07  0.0000
II#2005-10-30                  0.0528544   0.003828     13.8  0.0000
II#2005-11-06                  0.0146499   0.003773     3.88  0.0001
II#2005-11-27                 0.00593841   0.003401     1.75  0.0817
II#2005-12-11                -0.00125094   0.002999   -0.417  0.6769
II#2006-01-08                 0.00572967   0.001669     3.43  0.0007
II#2006-01-22                -0.00353805   0.001747    -2.03  0.0436
II#2006-01-29                 0.00344092   0.001708     2.01  0.0447
II#2006-02-12               -0.000451310   0.001770   -0.255  0.7989
II#2006-02-19                -0.00208067   0.001740    -1.20  0.2326
II#2006-03-05                  0.0141826   0.001838     7.71  0.0000
II#2006-03-19                -0.00120700   0.001862   -0.648  0.5173
II#2006-04-02                -0.00315508   0.001816    -1.74  0.0832
II#2006-04-16               -0.000670310   0.001775   -0.378  0.7059
II#2006-05-14                -0.00102015   0.001670   -0.611  0.5417
II#2006-06-04                0.000656201   0.001720    0.381  0.7031
II#2006-07-16               -0.000733943   0.001652   -0.444  0.6572
II#2006-07-30                -0.00135192   0.001607   -0.841  0.4008
II#2006-08-27                -0.00175275   0.001628    -1.08  0.2824
II#2006-09-17               -0.000435571   0.001635   -0.266  0.7901
II#2006-09-24                 0.00248868   0.001621     1.53  0.1257
II#2006-10-08                -0.00101705   0.001627   -0.625  0.5324
II#2006-10-15                 0.00220600   0.001686     1.31  0.1917
II#2006-11-12                -0.00183498   0.001640    -1.12  0.2638
II#2006-12-10               -0.000393080   0.001622   -0.242  0.8086
II#2006-12-24                -0.00140962   0.001627   -0.866  0.3868
II#2007-01-14               -0.000969282   0.001641   -0.591  0.5552
II#2007-01-21                -0.00257838   0.001715    -1.50  0.1336
II#2007-01-28                 0.00220058   0.001696     1.30  0.1953
II#2007-02-11                -0.00102126   0.001769   -0.577  0.5641
II#2007-02-25                 0.00445528   0.001724     2.58  0.0101
II#2007-03-04                -0.00139316   0.001723   -0.808  0.4193
II#2007-03-18                -0.00377206   0.001726    -2.19  0.0295
II#2007-03-25                 0.00137773   0.001700    0.810  0.4182
II#2007-05-06                 0.00454637   0.001643     2.77  0.0059
II#2007-05-13                -0.00150898   0.001637   -0.922  0.3572
II#2007-05-27                 0.00185728   0.001617     1.15  0.2515
II#2007-06-03                -0.00245928   0.001662    -1.48  0.1397
II#2007-06-10                -0.00346157   0.001633    -2.12  0.0347
II#2007-07-15                 0.00245973   0.001621     1.52  0.1299
II#2007-07-29                -0.00124486   0.001655   -0.752  0.4525
II#2007-08-05                0.000640753   0.001683    0.381  0.7037
II#2007-08-12                -0.00117757   0.001685   -0.699  0.4852
II#2007-08-26               -3.45968e-05   0.001700  -0.0203  0.9838
II#2007-09-09                -0.00107987   0.001686   -0.640  0.5223
II#2007-09-16                -0.00339812   0.001715    -1.98  0.0483
II#2007-10-07                -0.00134164   0.001657   -0.810  0.4186
II#2007-10-14                 0.00209130   0.001709     1.22  0.2219
II#2007-10-21                0.000554366   0.001718    0.323  0.7471
II#2007-11-04                -0.00140371   0.001688   -0.832  0.4061
II#2007-11-18                -0.00108115   0.001773   -0.610  0.5423
II#2007-12-09                0.000627458   0.001758    0.357  0.7213
II#2007-12-23                -0.00400393   0.001749    -2.29  0.0226
II#2007-12-30               -0.000726237   0.001707   -0.425  0.6708
II#2008-01-13                -0.00158330   0.001740   -0.910  0.3634
II#2008-01-20               -0.000991673   0.001713   -0.579  0.5631
II#2008-02-10               -0.000458224   0.001699   -0.270  0.7875
II#2008-03-02                0.000969974   0.001691    0.574  0.5665
II#2008-03-09               -0.000658559   0.001737   -0.379  0.7048
II#2008-04-27                0.000148865   0.001748   0.0852  0.9322
II#2008-05-04                 -0.0128449   0.002975    -4.32  0.0000
II#2008-07-06               -9.45842e-06   0.001678 -0.00564  0.9955
II#2008-09-14                0.000820987   0.001658    0.495  0.6208
II#2008-11-30                 0.00221049   0.001903     1.16  0.2461
II#2009-02-08                 0.00206762   0.001686     1.23  0.2208
II#2009-06-14                 0.00322952   0.001807     1.79  0.0748
II#2009-06-28                -0.00135273   0.001636   -0.827  0.4089
II#2009-08-02               -0.000682104   0.001690   -0.404  0.6867
II#2009-08-16                 -0.0181352   0.001645    -11.0  0.0000
II#2009-08-23                 -0.0206505   0.001699    -12.2  0.0000
II#2009-08-30                 -0.0190497   0.001704    -11.2  0.0000
II#2009-09-06                 -0.0234431   0.001792    -13.1  0.0000
II#2009-09-13                 -0.0218254   0.002013    -10.8  0.0000
II#2009-09-20                 -0.0244723   0.002145    -11.4  0.0000
II#2009-09-27                  0.0613979   0.002427     25.3  0.0000
II#2009-10-04                  0.0680078   0.003075     22.1  0.0000
II#2009-10-18                -0.00354840   0.003060    -1.16  0.2469
II#2009-10-25                -0.00771942   0.002951    -2.62  0.0093
II#2009-11-01                  0.0296056   0.003206     9.23  0.0000
II#2009-11-08                  0.0153860   0.003032     5.08  0.0000
II#2009-11-15                -0.00852503   0.003531    -2.41  0.0162
II#2009-11-22                 0.00288188   0.002815     1.02  0.3065
II#2009-11-29                -0.00190753   0.002372   -0.804  0.4218
II#2009-12-20                -0.00102409   0.001772   -0.578  0.5637
II#2010-01-10                -0.00645771   0.001680    -3.84  0.0001
II#2010-01-31                 0.00256323   0.001674     1.53  0.1266
II#2010-02-07                 0.00183778   0.001712     1.07  0.2837
II#2010-04-04                 0.00303855   0.001612     1.89  0.0602
II#2010-05-30                -0.00513130   0.001673    -3.07  0.0023
II#2010-06-20                 0.00525464   0.001597     3.29  0.0011
II#2010-07-25                -0.00755285   0.001602    -4.72  0.0000
II#2010-09-05                 0.00982418   0.001614     6.09  0.0000
II#2010-09-26                -0.00305322   0.001594    -1.92  0.0562
II#2010-10-10                 0.00691473   0.001643     4.21  0.0000
II#2010-10-24                -0.00408347   0.001650    -2.48  0.0138
II#2010-10-31                -0.00372714   0.001642    -2.27  0.0238
II#2010-11-21                 0.00456442   0.001646     2.77  0.0058
II#2010-11-28                 -0.0118200   0.001644    -7.19  0.0000
II#2011-01-16                -0.00224423   0.001617    -1.39  0.1661
II#2011-03-27                 0.00614734   0.001753     3.51  0.0005
II#2011-04-03                  0.0233097   0.002212     10.5  0.0000
II#2011-04-10                -0.00560918   0.002302    -2.44  0.0153
II#2011-04-24                 -0.0218814   0.002336    -9.37  0.0000
II#2011-05-01                  0.0126022   0.002469     5.10  0.0000
II#2011-05-08                 -0.0126690   0.002445    -5.18  0.0000
II#2011-05-15                  0.0110616   0.002462     4.49  0.0000
II#2011-05-22                 -0.0235205   0.002435    -9.66  0.0000
II#2011-05-29                 0.00587781   0.002199     2.67  0.0078
II#2011-06-05                  0.0189875   0.002109     9.00  0.0000
II#2011-06-19                 0.00672504   0.002036     3.30  0.0011
II#2011-08-14                 0.00451349   0.001579     2.86  0.0045
II#2011-09-18                -0.00237324   0.001620    -1.46  0.1438
II#2011-10-09                 0.00385988   0.001653     2.33  0.0201
II#2011-11-06                -0.00899936   0.001634    -5.51  0.0000
II#2011-11-13                 0.00303622   0.001681     1.81  0.0716
II#2011-12-18               -0.000793722   0.001628   -0.488  0.6261
II#2012-01-15                -0.00486723   0.001633    -2.98  0.0031
II#2012-02-26                -0.00193449   0.001597    -1.21  0.2266
II#2012-03-11                 0.00481628   0.001613     2.99  0.0030
II#2012-03-25                -0.00145989   0.001628   -0.897  0.3703
II#2012-04-08                 0.00656250   0.001614     4.07  0.0001
II#2012-04-15                -0.00481517   0.001606    -3.00  0.0029
II#2012-05-27                 0.00591333   0.001643     3.60  0.0004
II#2012-06-24                -0.00578361   0.001577    -3.67  0.0003
II#2012-07-15                -0.00288585   0.001686    -1.71  0.0878
II#2012-07-29                -0.00312783   0.001624    -1.93  0.0548
II#2012-09-09                -0.00215712   0.001651    -1.31  0.1923
II#2013-01-20                -0.00122301   0.001578   -0.775  0.4388
II#2013-02-03                  0.0290029   0.002380     12.2  0.0000
II#2013-03-10                -0.00295640   0.001919    -1.54  0.1242
II#2013-03-17                -0.00399869   0.001829    -2.19  0.0295
II#2013-04-07               -0.000695678   0.001622   -0.429  0.6682
II#2013-04-14                 0.00244616   0.001587     1.54  0.1240
II#2013-04-21                 0.00153314   0.001623    0.945  0.3453
II#2013-05-26                 0.00185499   0.001638     1.13  0.2583
II#2013-06-02                -0.00597346   0.001589    -3.76  0.0002
II#2013-06-30                6.41650e-05   0.001572   0.0408  0.9675
II#2013-07-14                 0.00228714   0.001586     1.44  0.1502
II#2013-07-28               -0.000727076   0.001608   -0.452  0.6514
II#2013-09-22               -0.000419368   0.001611   -0.260  0.7947
II#2013-10-20                 0.00233649   0.001603     1.46  0.1459
II#2013-12-01                 0.00680051   0.002218     3.07  0.0023
II#2014-02-09                 0.00644693   0.001583     4.07  0.0001
II#2014-11-16                 0.00505423   0.001725     2.93  0.0036
II#2015-02-01                  0.0279221   0.002712     10.3  0.0000
II#2015-02-08                  0.0203415   0.002057     9.89  0.0000
II#2015-08-16                 -0.0143220   0.001617    -8.86  0.0000
II#2015-08-23                 -0.0164371   0.001646    -9.99  0.0000
II#2015-10-04                  0.0299192   0.002467     12.1  0.0000
II#2015-10-18                  0.0223681   0.002093     10.7  0.0000
II#2015-11-01                 0.00665118   0.002057     3.23  0.0013
II#2015-11-15                  0.0146505   0.002231     6.57  0.0000
II#2015-12-06                  0.0181781   0.001742     10.4  0.0000
II#2016-01-03                 0.00502166   0.001786     2.81  0.0052
II#2016-11-06                -0.00195830   0.001676    -1.17  0.2434
II#2016-11-27                6.12773e-06   0.001660  0.00369  0.9971
II#2016-12-04                 0.00601757   0.001682     3.58  0.0004
II#2016-12-11                 0.00650667   0.001767     3.68  0.0003
II#2017-01-01                -0.00137490   0.001666   -0.826  0.4096
II#2017-01-15                0.000789211   0.001656    0.476  0.6340
II#2017-02-12                -0.00233729   0.001623    -1.44  0.1506
II#2017-03-12                -0.00362727   0.001652    -2.20  0.0287
II#2017-03-19                -0.00198453   0.001643    -1.21  0.2279
II#2017-05-07                -0.00371247   0.001617    -2.30  0.0222
II#2017-06-04                -0.00389912   0.001619    -2.41  0.0165
II#2017-06-18                -0.00665170   0.001639    -4.06  0.0001
II#2017-07-02                -0.00389100   0.001682    -2.31  0.0212
II#2017-07-16                -0.00249615   0.001691    -1.48  0.1408
II#2017-07-23                 0.00191052   0.002611    0.732  0.4648
II#2017-07-30                  0.0289710   0.002158     13.4  0.0000
II#2017-08-06                -0.00619267   0.002120    -2.92  0.0037
II#2017-08-13                 0.00314834   0.002556     1.23  0.2189
II#2017-08-20                -0.00981309   0.003020    -3.25  0.0013
II#2017-08-27                0.000293241   0.003355   0.0874  0.9304
II#2017-09-03                 0.00878214   0.003608     2.43  0.0154
II#2017-09-10                 -0.0143946   0.003657    -3.94  0.0001
II#2017-09-17                 0.00872807   0.003603     2.42  0.0159
II#2017-09-24                -0.00554618   0.003306    -1.68  0.0943
II#2017-10-01                  0.0131730   0.003095     4.26  0.0000
II#2017-10-08                 -0.0137783   0.002981    -4.62  0.0000
II#2017-10-15                  0.0107952   0.002863     3.77  0.0002
II#2017-10-22                -0.00705717   0.002739    -2.58  0.0104
II#2017-10-29                  0.0190198   0.002629     7.23  0.0000
II#2017-11-05                -0.00658031   0.002595    -2.54  0.0116
II#2017-11-12                 0.00871753   0.002417     3.61  0.0004
II#2017-11-19                  0.0101722   0.002311     4.40  0.0000
II#2017-11-26                 0.00653891   0.002235     2.93  0.0037
II#2017-12-03                 -0.0140595   0.002167    -6.49  0.0000
II#2017-12-10                  0.0152758   0.002285     6.68  0.0000
II#2017-12-17                 -0.0194978   0.002224    -8.77  0.0000
II#2017-12-24                  0.0146449   0.002253     6.50  0.0000
II#2017-12-31                -0.00842312   0.002356    -3.57  0.0004
II#2018-01-07                -0.00659109   0.002039    -3.23  0.0013
II#2018-01-14                 0.00269937   0.001925     1.40  0.1617
II#2018-02-11                -0.00554480   0.001798    -3.08  0.0022
II#2018-03-25                 0.00868696   0.001613     5.39  0.0000
II#2018-05-06                 0.00410122   0.001664     2.46  0.0142
II#2018-05-13                -0.00415148   0.001651    -2.51  0.0124
II#2018-05-20                  0.0175623   0.002478     7.09  0.0000
II#2018-05-27                 -0.0108048   0.002091    -5.17  0.0000
II#2018-06-03                  0.0277338   0.003621     7.66  0.0000
II#2018-07-01                 0.00124884   0.002648    0.472  0.6375
II#2018-08-26                  0.0123583   0.001652     7.48  0.0000
II#2018-09-02                -0.00437861   0.002010    -2.18  0.0300
II#2018-09-09                  0.0101301   0.002166     4.68  0.0000
II#2018-09-23                 0.00404240   0.001825     2.21  0.0274
II#2018-10-07                0.000729768   0.001876    0.389  0.6975
II#2018-10-21                -0.00490141   0.001867    -2.62  0.0090
II#2018-11-04                -0.00927724   0.001866    -4.97  0.0000
II#2018-11-18                -0.00986193   0.001757    -5.61  0.0000
II#2018-12-02                -0.00481352   0.001895    -2.54  0.0115
II#2018-12-16                -0.00367134   0.001775    -2.07  0.0393
II#2018-12-23                 0.00176976   0.001701     1.04  0.2989
II#2018-12-30                 0.00451307   0.001790     2.52  0.0121
D_star_ETANOL_HIDRATADO  U    -0.0146284    0.01474   -0.992  0.3217
D_star_ETANOL_HIDRATADO_1U     0.0102927    0.01592    0.647  0.5183
D_star_ETANOL_HIDRATADO_2U     0.0110116    0.01748    0.630  0.5291
D_star_ETANOL_HIDRATADO_3U    -0.0226303    0.01636    -1.38  0.1673
D_star_ETANOL_HIDRATADO_4U    -0.0155045    0.01641   -0.945  0.3454
D_star_ETANOL_HIDRATADO_5U    0.00911705    0.01718    0.531  0.5961
D_star_ETANOL_HIDRATADO_6U    -0.0149187    0.01731   -0.862  0.3893
D_star_ETANOL_HIDRATADO_7U     0.0139362    0.01537    0.907  0.3651
D_star_ETANOL_HIDRATADO_8U   -0.00236546    0.01466   -0.161  0.8719
D_star_OLEO_DIESEL       U      0.171500    0.03515     4.88  0.0000
D_star_OLEO_DIESEL_1     U     0.0370393    0.02732     1.36  0.1761
D_star_OLEO_DIESEL_2     U   -0.00502597    0.02649   -0.190  0.8496
D_star_OLEO_DIESEL_3     U     0.0492847    0.02723     1.81  0.0711
D_star_OLEO_DIESEL_4     U     0.0348697    0.02804     1.24  0.2145
D_star_OLEO_DIESEL_5     U     0.0480714    0.02716     1.77  0.0776
D_star_OLEO_DIESEL_6     U    -0.0118983    0.02784   -0.427  0.6694
D_star_OLEO_DIESEL_7     U   -0.00640099    0.02696   -0.237  0.8125
D_star_OLEO_DIESEL_8     U    -0.0237847    0.02488   -0.956  0.3397
D_star_GASOLINA_COMUM    U      0.121393    0.03491     3.48  0.0006
D_star_GASOLINA_COMUM_1  U     0.0717241    0.02816     2.55  0.0113
D_star_GASOLINA_COMUM_2  U     0.0164292    0.02569    0.640  0.5229
D_star_GASOLINA_COMUM_3  U    0.00509121    0.02645    0.192  0.8475
D_star_GASOLINA_COMUM_4  U     0.0508157    0.02564     1.98  0.0482
D_star_GASOLINA_COMUM_5  U     0.0472211    0.02590     1.82  0.0691
D_star_GASOLINA_COMUM_6  U     0.0309816    0.02823     1.10  0.2732
D_star_GASOLINA_COMUM_7  U    0.00132280    0.02543   0.0520  0.9585
D_star_GASOLINA_COMUM_8  U     0.0206043    0.02470    0.834  0.4046
betaZ_1                  U  -0.000226799  7.555e-05    -3.00  0.0029
D_brent                  U   0.000687119   0.002249    0.306  0.7601
D_brent_1                U   -0.00287339   0.002297    -1.25  0.2117
D_brent_2                U   -0.00114632   0.002277   -0.503  0.6150
D_brent_3                U   0.000296724   0.002248    0.132  0.8950
D_brent_4                U    0.00137068   0.002434    0.563  0.5736
D_brent_5                U    0.00379024   0.002408     1.57  0.1163
D_brent_6                U   -0.00249715   0.002393    -1.04  0.2974
D_brent_7                U    0.00495886   0.002467     2.01  0.0452
D_brent_8                U   -0.00101444   0.002283   -0.444  0.6571
D_lnCambio               U   -0.00462941   0.004718   -0.981  0.3271
D_lnCambio_1             U    0.00148377   0.004508    0.329  0.7422
D_lnCambio_2             U   0.000648460   0.004758    0.136  0.8917
D_lnCambio_3             U   -0.00349702   0.004518   -0.774  0.4395
D_lnCambio_4             U    0.00329958   0.004613    0.715  0.4749
D_lnCambio_5             U     0.0106123   0.004666     2.27  0.0235
D_lnCambio_6             U   -0.00774043   0.004638    -1.67  0.0960
D_lnCambio_7             U    0.00327180   0.004660    0.702  0.4830
D_lnCambio_8             U    0.00301600   0.004787    0.630  0.5290
Constant                 U   -0.00819293   0.002745    -2.98  0.0030
CSeasonal                U   0.000143023  0.0007691    0.186  0.8526
CSeasonal_1              U  -0.000983424  0.0007557    -1.30  0.1939
CSeasonal_2              U  -0.000322588  0.0007207   -0.448  0.6547
CSeasonal_3              U  -0.000333438  0.0007347   -0.454  0.6502
CSeasonal_4              U   0.000672753  0.0007429    0.906  0.3658
CSeasonal_5              U   0.000813388  0.0007458     1.09  0.2762
CSeasonal_6              U   8.42775e-05  0.0007230    0.117  0.9073
CSeasonal_7              U   0.000817514  0.0007295     1.12  0.2632
CSeasonal_8              U   0.000339924  0.0008266    0.411  0.6811
CSeasonal_9              U   0.000792666  0.0007383     1.07  0.2837
CSeasonal_10             U   0.000141983  0.0007386    0.192  0.8477
CSeasonal_11             U   0.000521295  0.0007352    0.709  0.4788
CSeasonal_12             U    0.00128079  0.0007619     1.68  0.0936
CSeasonal_13             U  -0.000680629  0.0007348   -0.926  0.3549
CSeasonal_14             U   4.63100e-05  0.0007576   0.0611  0.9513
CSeasonal_15             U  -0.000162036  0.0007289   -0.222  0.8242
CSeasonal_16             U   3.96592e-05  0.0007687   0.0516  0.9589
CSeasonal_17             U  -5.18526e-05  0.0007748  -0.0669  0.9467
CSeasonal_18             U  -2.05194e-05  0.0007367  -0.0279  0.9778
CSeasonal_19             U   0.000391836  0.0007459    0.525  0.5997
CSeasonal_20             U   0.000611103  0.0007827    0.781  0.4354
CSeasonal_21             U   0.000481508  0.0007392    0.651  0.5152
CSeasonal_22             U    0.00112986  0.0007777     1.45  0.1471
CSeasonal_23             U  -8.54073e-05  0.0008371   -0.102  0.9188
CSeasonal_24             U   0.000663834  0.0007786    0.853  0.3944
CSeasonal_25             U  -0.000413658  0.0007834   -0.528  0.5978
CSeasonal_26             U   0.000531563  0.0007813    0.680  0.4967
CSeasonal_27             U   -0.00189272  0.0008497    -2.23  0.0265
CSeasonal_28             U  -0.000572148  0.0007868   -0.727  0.4676
CSeasonal_29             U   0.000991109  0.0008021     1.24  0.2174
CSeasonal_30             U   0.000620124  0.0007968    0.778  0.4369
CSeasonal_31             U   0.000874150  0.0007893     1.11  0.2688
CSeasonal_32             U    0.00152928  0.0008447     1.81  0.0711
CSeasonal_33             U  -0.000890236  0.0007955    -1.12  0.2639
CSeasonal_34             U   0.000155835  0.0007747    0.201  0.8407
CSeasonal_35             U  -1.87980e-05  0.0008116  -0.0232  0.9815
CSeasonal_36             U   0.000196355  0.0007605    0.258  0.7964
CSeasonal_37             U    0.00162952  0.0008195     1.99  0.0475
CSeasonal_38             U   0.000754959  0.0007280     1.04  0.3004
CSeasonal_39             U  -0.000194701  0.0007266   -0.268  0.7889
CSeasonal_40             U    0.00112817  0.0008081     1.40  0.1636
CSeasonal_41             U    0.00162465  0.0008384     1.94  0.0534
CSeasonal_42             U   0.000803658  0.0007728     1.04  0.2991
CSeasonal_43             U  -0.000677522  0.0007131   -0.950  0.3427
CSeasonal_44             U  -0.000248345  0.0008439   -0.294  0.7687
CSeasonal_45             U  -0.000275634  0.0007538   -0.366  0.7148
CSeasonal_46             U   0.000533052  0.0007582    0.703  0.4825
CSeasonal_47             U   0.000507349  0.0007685    0.660  0.5095
CSeasonal_48             U  -0.000844414  0.0007428    -1.14  0.2563
CSeasonal_49             U   0.000899718  0.0007739     1.16  0.2457
CSeasonal_50             U    0.00100503  0.0007527     1.34  0.1826

sigma = 0.0014599   RSS = 0.000782195135

log-likelihood     10987.9282  -T/2log|Omega|     14031.5513
|Omega|        9.00191262e-18  log|Y'Y/T|        -28.7703622
R^2(LR)              0.999972  R^2(LM)              0.968715
no. of observations       715  no. of parameters        1044

F-test on regressors except unrestricted: F(750,1095) = 46.5933 [0.0000] **
F-tests on retained regressors, F(3,365) =
D_R_6_ETANOL_HIDRATADO_1       17.1057 [0.000]**D_R_6_ETANOL_HIDRATADO_2       29.5258 [0.000]**
D_R_6_ETANOL_HIDRATADO_3       15.5727 [0.000]**D_R_6_ETANOL_HIDRATADO_4       3.58647 [0.014]* 
D_R_6_ETANOL_HIDRATADO_5       1.65028 [0.177]  D_R_6_ETANOL_HIDRATADO_6       5.10353 [0.002]**
D_R_6_ETANOL_HIDRATADO_7       4.02792 [0.008]**D_R_6_ETANOL_HIDRATADO_8       3.62458 [0.013]* 
D_R_6_OLEO_DIESEL_1       10.6203 [0.000]**D_R_6_OLEO_DIESEL_2       2.07340 [0.103]  
D_R_6_OLEO_DIESEL_3       4.86736 [0.002]**D_R_6_OLEO_DIESEL_4       1.02345 [0.382]  
D_R_6_OLEO_DIESEL_5       2.51991 [0.058]  D_R_6_OLEO_DIESEL_6      0.320595 [0.810]  
D_R_6_OLEO_DIESEL_7     0.0961243 [0.962]  D_R_6_OLEO_DIESEL_8       5.50749 [0.001]**
D_R_6_GASOLINA_COMUM_1       6.85945 [0.000]**D_R_6_GASOLINA_COMUM_2      0.563513 [0.639]  
D_R_6_GASOLINA_COMUM_3      0.585408 [0.625]  D_R_6_GASOLINA_COMUM_4      0.546047 [0.651]  
D_R_6_GASOLINA_COMUM_5       4.87878 [0.002]**D_R_6_GASOLINA_COMUM_6       5.18954 [0.002]**
D_R_6_GASOLINA_COMUM_7      0.742711 [0.527]  D_R_6_GASOLINA_COMUM_8       9.78872 [0.000]**
II#2005-05-01       10.1827 [0.000]**II#2005-05-08       17.6077 [0.000]**
II#2005-05-15       5.49416 [0.001]**II#2005-08-14       20.8255 [0.000]**
II#2005-08-21       28.8993 [0.000]**II#2005-08-28       30.1846 [0.000]**
II#2005-09-04       116.899 [0.000]**II#2005-09-11       215.685 [0.000]**
II#2005-09-18       28.2723 [0.000]**II#2005-09-25       10.1056 [0.000]**
II#2005-10-09       153.186 [0.000]**II#2005-10-16       30.2805 [0.000]**
II#2005-10-23       190.211 [0.000]**II#2005-10-30       99.6289 [0.000]**
II#2005-11-06       13.6935 [0.000]**II#2005-11-27       10.1243 [0.000]**
II#2005-12-11       5.89424 [0.001]**II#2006-01-08       8.19680 [0.000]**
II#2006-01-22       4.40356 [0.005]**II#2006-01-29       6.93297 [0.000]**
II#2006-02-12       8.23529 [0.000]**II#2006-02-19       6.52414 [0.000]**
II#2006-03-05       43.9042 [0.000]**II#2006-03-19       4.19204 [0.006]**
II#2006-04-02       3.36872 [0.019]* II#2006-04-16       2.64114 [0.049]* 
II#2006-05-14       3.01332 [0.030]* II#2006-06-04       3.91230 [0.009]**
II#2006-07-16       3.53853 [0.015]* II#2006-07-30       4.60636 [0.004]**
II#2006-08-27       4.09454 [0.007]**II#2006-09-17       2.19247 [0.089]  
II#2006-09-24       4.92082 [0.002]**II#2006-10-08       9.27882 [0.000]**
II#2006-10-15       4.52702 [0.004]**II#2006-11-12       2.43248 [0.065]  
II#2006-12-10       3.99455 [0.008]**II#2006-12-24       5.29532 [0.001]**
II#2007-01-14       3.05151 [0.029]* II#2007-01-21       4.35513 [0.005]**
II#2007-01-28       15.3613 [0.000]**II#2007-02-11       6.29573 [0.000]**
II#2007-02-25       6.58250 [0.000]**II#2007-03-04       4.16123 [0.006]**
II#2007-03-18       2.78016 [0.041]* II#2007-03-25       4.90080 [0.002]**
II#2007-05-06       5.23328 [0.002]**II#2007-05-13       3.63099 [0.013]* 
II#2007-05-27       4.44564 [0.004]**II#2007-06-03       15.1609 [0.000]**
II#2007-06-10       10.1870 [0.000]**II#2007-07-15       4.71624 [0.003]**
II#2007-07-29       7.03045 [0.000]**II#2007-08-05       6.01223 [0.001]**
II#2007-08-12       4.25114 [0.006]**II#2007-08-26       8.30136 [0.000]**
II#2007-09-09       8.50053 [0.000]**II#2007-09-16       6.97497 [0.000]**
II#2007-10-07       8.18195 [0.000]**II#2007-10-14       14.3633 [0.000]**
II#2007-10-21       7.71528 [0.000]**II#2007-11-04       2.40962 [0.067]  
II#2007-11-18       5.69040 [0.001]**II#2007-12-09       10.5015 [0.000]**
II#2007-12-23       5.11221 [0.002]**II#2007-12-30       4.23713 [0.006]**
II#2008-01-13       4.76156 [0.003]**II#2008-01-20       4.23642 [0.006]**
II#2008-02-10       3.23758 [0.022]* II#2008-03-02       2.87217 [0.036]* 
II#2008-03-09       5.79763 [0.001]**II#2008-04-27       4.95366 [0.002]**
II#2008-05-04       119.973 [0.000]**II#2008-07-06       8.88060 [0.000]**
II#2008-09-14       3.27724 [0.021]* II#2008-11-30       5.03227 [0.002]**
II#2009-02-08       5.31169 [0.001]**II#2009-06-14       5.60944 [0.001]**
II#2009-06-28       5.01784 [0.002]**II#2009-08-02       2.64141 [0.049]* 
II#2009-08-16       47.6662 [0.000]**II#2009-08-23       56.6818 [0.000]**
II#2009-08-30       53.1176 [0.000]**II#2009-09-06       81.3192 [0.000]**
II#2009-09-13       57.6294 [0.000]**II#2009-09-20       171.122 [0.000]**
II#2009-09-27       276.295 [0.000]**II#2009-10-04       188.553 [0.000]**
II#2009-10-18       30.6845 [0.000]**II#2009-10-25       21.6835 [0.000]**
II#2009-11-01       28.8891 [0.000]**II#2009-11-08       12.4217 [0.000]**
II#2009-11-15       6.37622 [0.000]**II#2009-11-22       4.26506 [0.006]**
II#2009-11-29       2.64302 [0.049]* II#2009-12-20       4.16253 [0.006]**
II#2010-01-10       21.7150 [0.000]**II#2010-01-31       2.64255 [0.049]* 
II#2010-02-07       7.03092 [0.000]**II#2010-04-04       4.82773 [0.003]**
II#2010-05-30       5.60083 [0.001]**II#2010-06-20       4.46821 [0.004]**
II#2010-07-25       8.07543 [0.000]**II#2010-09-05       13.4426 [0.000]**
II#2010-09-26       6.74544 [0.000]**II#2010-10-10       10.3168 [0.000]**
II#2010-10-24       5.75159 [0.001]**II#2010-10-31       3.06605 [0.028]* 
II#2010-11-21       3.10462 [0.027]* II#2010-11-28       18.8364 [0.000]**
II#2011-01-16       2.67114 [0.047]* II#2011-03-27       251.064 [0.000]**
II#2011-04-03       40.9620 [0.000]**II#2011-04-10       88.1919 [0.000]**
II#2011-04-24       29.7778 [0.000]**II#2011-05-01       13.0422 [0.000]**
II#2011-05-08       17.1304 [0.000]**II#2011-05-15       11.5675 [0.000]**
II#2011-05-22       38.4884 [0.000]**II#2011-05-29       10.9276 [0.000]**
II#2011-06-05       28.9178 [0.000]**II#2011-06-19       3.74823 [0.011]* 
II#2011-08-14       2.93056 [0.034]* II#2011-09-18       3.97993 [0.008]**
II#2011-10-09       3.51262 [0.015]* II#2011-11-06       14.7803 [0.000]**
II#2011-11-13       3.79122 [0.011]* II#2011-12-18       4.69898 [0.003]**
II#2012-01-15       6.15284 [0.000]**II#2012-02-26       4.03045 [0.008]**
II#2012-03-11       3.08951 [0.027]* II#2012-03-25       2.29456 [0.078]  
II#2012-04-08       5.65560 [0.001]**II#2012-04-15       5.06681 [0.002]**
II#2012-05-27       5.04121 [0.002]**II#2012-06-24       5.23079 [0.002]**
II#2012-07-15       25.5764 [0.000]**II#2012-07-29       10.9287 [0.000]**
II#2012-09-09       7.74231 [0.000]**II#2013-01-20       2.23854 [0.083]  
II#2013-02-03       50.6504 [0.000]**II#2013-03-10       6.00890 [0.001]**
II#2013-03-17       3.64087 [0.013]* II#2013-04-07       6.25702 [0.000]**
II#2013-04-14       4.96054 [0.002]**II#2013-04-21       7.13114 [0.000]**
II#2013-05-26       4.67160 [0.003]**II#2013-06-02       5.70632 [0.001]**
II#2013-06-30       5.62723 [0.001]**II#2013-07-14       3.33786 [0.020]* 
II#2013-07-28       2.79700 [0.040]* II#2013-09-22       2.93730 [0.033]* 
II#2013-10-20       3.12477 [0.026]* II#2013-12-01       24.4710 [0.000]**
II#2014-02-09       7.18891 [0.000]**II#2014-11-16       33.6656 [0.000]**
II#2015-02-01       37.0828 [0.000]**II#2015-02-08       33.8323 [0.000]**
II#2015-08-16       37.6801 [0.000]**II#2015-08-23       47.0157 [0.000]**
II#2015-10-04       64.2915 [0.000]**II#2015-10-18       67.7265 [0.000]**
II#2015-11-01       4.61323 [0.003]**II#2015-11-15       16.2275 [0.000]**
II#2015-12-06       62.7222 [0.000]**II#2016-01-03       20.2355 [0.000]**
II#2016-11-06       4.10406 [0.007]**II#2016-11-27       5.58783 [0.001]**
II#2016-12-04       7.47599 [0.000]**II#2016-12-11       5.97588 [0.001]**
II#2017-01-01       4.00281 [0.008]**II#2017-01-15       22.8688 [0.000]**
II#2017-02-12       9.89228 [0.000]**II#2017-03-12       7.41777 [0.000]**
II#2017-03-19       3.91202 [0.009]**II#2017-05-07       5.80114 [0.001]**
II#2017-06-04       3.46523 [0.016]* II#2017-06-18       12.0670 [0.000]**
II#2017-07-02       3.07647 [0.028]* II#2017-07-16       5.51983 [0.001]**
II#2017-07-23       7.21941 [0.000]**II#2017-07-30       90.5565 [0.000]**
II#2017-08-06       198.457 [0.000]**II#2017-08-13       179.186 [0.000]**
II#2017-08-20       122.616 [0.000]**II#2017-08-27       89.9986 [0.000]**
II#2017-09-03       35.7019 [0.000]**II#2017-09-10       37.9538 [0.000]**
II#2017-09-17       26.4579 [0.000]**II#2017-09-24       30.3727 [0.000]**
II#2017-10-01       40.0391 [0.000]**II#2017-10-08       48.4973 [0.000]**
II#2017-10-15       46.0179 [0.000]**II#2017-10-22       51.4405 [0.000]**
II#2017-10-29       88.8815 [0.000]**II#2017-11-05       17.5648 [0.000]**
II#2017-11-12       34.1866 [0.000]**II#2017-11-19       33.5387 [0.000]**
II#2017-11-26       37.0453 [0.000]**II#2017-12-03       76.0152 [0.000]**
II#2017-12-10       48.4038 [0.000]**II#2017-12-17       81.8291 [0.000]**
II#2017-12-24       49.3727 [0.000]**II#2017-12-31       8.14426 [0.000]**
II#2018-01-07       3.86144 [0.010]**II#2018-01-14       5.25135 [0.001]**
II#2018-02-11       8.57232 [0.000]**II#2018-03-25       12.9647 [0.000]**
II#2018-05-06       11.2432 [0.000]**II#2018-05-13       6.04168 [0.001]**
II#2018-05-20       33.1316 [0.000]**II#2018-05-27       48.1509 [0.000]**
II#2018-06-03       170.269 [0.000]**II#2018-07-01       2.56833 [0.054]  
II#2018-08-26       20.4613 [0.000]**II#2018-09-02       2.26865 [0.080]  
II#2018-09-09       53.1551 [0.000]**II#2018-09-23       7.87922 [0.000]**
II#2018-10-07       6.62350 [0.000]**II#2018-10-21       4.80788 [0.003]**
II#2018-11-04       11.2240 [0.000]**II#2018-11-18       24.7290 [0.000]**
II#2018-12-02       9.14390 [0.000]**II#2018-12-16       2.83365 [0.038]* 
II#2018-12-23       6.00774 [0.001]**II#2018-12-30       4.10262 [0.007]**
D_star_ETANOL_HIDRATADO U     2.69755 [0.046]* D_star_ETANOL_HIDRATADO_1 U    0.945433 [0.419]  
D_star_ETANOL_HIDRATADO_2 U     1.48095 [0.219]  D_star_ETANOL_HIDRATADO_3 U     4.05405 [0.007]**
D_star_ETANOL_HIDRATADO_4 U     10.4888 [0.000]**D_star_ETANOL_HIDRATADO_5 U    0.622229 [0.601]  
D_star_ETANOL_HIDRATADO_6 U     2.83802 [0.038]* D_star_ETANOL_HIDRATADO_7 U    0.821060 [0.483]  
D_star_ETANOL_HIDRATADO_8 U     1.57257 [0.196]  D_star_OLEO_DIESEL U     45.8114 [0.000]**
D_star_OLEO_DIESEL_1 U     14.3138 [0.000]**D_star_OLEO_DIESEL_2 U    0.313880 [0.815]  
D_star_OLEO_DIESEL_3 U     4.55955 [0.004]**D_star_OLEO_DIESEL_4 U     1.03530 [0.377]  
D_star_OLEO_DIESEL_5 U     3.51211 [0.015]* D_star_OLEO_DIESEL_6 U    0.562946 [0.640]  
D_star_OLEO_DIESEL_7 U     1.14799 [0.330]  D_star_OLEO_DIESEL_8 U     11.8690 [0.000]**
D_star_GASOLINA_COMUM U     6.70741 [0.000]**D_star_GASOLINA_COMUM_1 U     3.76085 [0.011]* 
D_star_GASOLINA_COMUM_2 U     3.14430 [0.025]* D_star_GASOLINA_COMUM_3 U     2.77574 [0.041]* 
D_star_GASOLINA_COMUM_4 U     4.75984 [0.003]**D_star_GASOLINA_COMUM_5 U     2.03774 [0.108]  
D_star_GASOLINA_COMUM_6 U     9.40839 [0.000]**D_star_GASOLINA_COMUM_7 U    0.316157 [0.814]  
D_star_GASOLINA_COMUM_8 U     8.75524 [0.000]**     betaZ_1 U     3.49434 [0.016]* 
     D_brent U     2.38280 [0.069]     D_brent_1 U     2.35152 [0.072]  
   D_brent_2 U     3.04227 [0.029]*    D_brent_3 U    0.179320 [0.910]  
   D_brent_4 U    0.692429 [0.557]     D_brent_5 U     1.39110 [0.245]  
   D_brent_6 U     4.13653 [0.007]**   D_brent_7 U     3.13001 [0.026]* 
   D_brent_8 U    0.212089 [0.888]    D_lnCambio U    0.825729 [0.480]  
D_lnCambio_1 U    0.837502 [0.474]  D_lnCambio_2 U   0.0672295 [0.977]  
D_lnCambio_3 U    0.930685 [0.426]  D_lnCambio_4 U     1.09290 [0.352]  
D_lnCambio_5 U     1.98458 [0.116]  D_lnCambio_6 U     1.21432 [0.304]  
D_lnCambio_7 U    0.260553 [0.854]  D_lnCambio_8 U     1.28321 [0.280]  
    Constant U     3.39870 [0.018]*    CSeasonal U     3.34576 [0.019]* 
 CSeasonal_1 U     3.77385 [0.011]*  CSeasonal_2 U    0.955135 [0.414]  
 CSeasonal_3 U     1.07866 [0.358]   CSeasonal_4 U     1.64473 [0.179]  
 CSeasonal_5 U     4.30260 [0.005]** CSeasonal_6 U     4.28431 [0.005]**
 CSeasonal_7 U     1.71991 [0.162]   CSeasonal_8 U     1.15319 [0.328]  
 CSeasonal_9 U     1.36753 [0.252]  CSeasonal_10 U     4.63036 [0.003]**
CSeasonal_11 U     1.28114 [0.281]  CSeasonal_12 U     3.48728 [0.016]* 
CSeasonal_13 U     4.26120 [0.006]**CSeasonal_14 U     1.02588 [0.381]  
CSeasonal_15 U     4.19188 [0.006]**CSeasonal_16 U     1.46631 [0.223]  
CSeasonal_17 U     4.27970 [0.005]**CSeasonal_18 U     2.10127 [0.100]  
CSeasonal_19 U     4.74697 [0.003]**CSeasonal_20 U     1.46928 [0.223]  
CSeasonal_21 U    0.287111 [0.835]  CSeasonal_22 U     2.04373 [0.107]  
CSeasonal_23 U     1.75929 [0.155]  CSeasonal_24 U    0.634323 [0.593]  
CSeasonal_25 U     3.66925 [0.013]* CSeasonal_26 U     1.10436 [0.347]  
CSeasonal_27 U     4.90382 [0.002]**CSeasonal_28 U     1.36973 [0.252]  
CSeasonal_29 U     2.35780 [0.071]  CSeasonal_30 U     1.31068 [0.271]  
CSeasonal_31 U    0.447725 [0.719]  CSeasonal_32 U     1.83146 [0.141]  
CSeasonal_33 U     1.76608 [0.153]  CSeasonal_34 U     1.64885 [0.178]  
CSeasonal_35 U    0.976353 [0.404]  CSeasonal_36 U    0.704459 [0.550]  
CSeasonal_37 U     3.82615 [0.010]* CSeasonal_38 U     5.53042 [0.001]**
CSeasonal_39 U    0.468153 [0.705]  CSeasonal_40 U     3.76263 [0.011]* 
CSeasonal_41 U     3.68143 [0.012]* CSeasonal_42 U     1.19787 [0.310]  
CSeasonal_43 U    0.404527 [0.750]  CSeasonal_44 U     1.22996 [0.299]  
CSeasonal_45 U     1.24009 [0.295]  CSeasonal_46 U    0.992237 [0.396]  
CSeasonal_47 U     1.85492 [0.137]  CSeasonal_48 U    0.466388 [0.706]  
CSeasonal_49 U     2.06713 [0.104]  CSeasonal_50 U     1.06182 [0.365]  

correlation of URF residuals (standard deviations on diagonal)
                      D_R_6_ETANOL_HIDRATADOD_R_6_OLEO_DIESELD_R_6_GASOLINA_COMUM
D_R_6_ETANOL_HIDRATADO    0.0044832      0.15023      0.27043
D_R_6_OLEO_DIESEL           0.15023    0.0016488      0.61888
D_R_6_GASOLINA_COMUM        0.27043      0.61888    0.0014599
correlation between actual and fitted
D_R_6_ETANOL_HIDRATADOD_R_6_OLEO_DIESELD_R_6_GASOLINA_COMUM
      0.98937      0.99423      0.99305

Single equation statistics
                            mean(Y)        se(Y)        sigma          R^2
D_R_6_ETANOL_HIDRATADO   0.00086327     0.022107    0.0044832      0.97886
D_R_6_OLEO_DIESEL         0.0010942     0.011016    0.0016488      0.98848
D_R_6_GASOLINA_COMUM     0.00083082    0.0088922    0.0014599      0.98615

Single-equation diagnostics using reduced-form residuals:
                               AR 1-7            ARCH 1-7           Normality              Hetero   
D_R_6_ETANOL_HIDRATADO    1.25 [0.2761]       2.78 [0.0074]**    47.58 [0.0000]**     1.09 [0.2528]   
D_R_6_OLEO_DIESEL       1.07 [0.3831]       1.20 [0.2992]      40.81 [0.0000]**     1.32 [0.0165]*  
D_R_6_GASOLINA_COMUM    0.28 [0.9597]       1.93 [0.0625]     110.53 [0.0000]**     1.27 [0.0325]*  

Vector AR 1-7 test:      F(63,1027)=   1.3002 [0.0618]  
Vector Normality test:   Chi^2(6)  =   166.44 [0.0000]**
Vector Hetero test:      F(1146,1761)=   1.0593 [0.1402]  
Vector RESET23 test:     F(18,1015)=   3.3621 [0.0000]**
When the log-likelihood constant is NOT included:
AIC                  -36.3288  SC                   -29.6526
HQ                   -33.7506  FPE              -4.81288e-17
When the log-likelihood constant is included:
AIC                  -27.8152  SC                   -21.1390
HQ                   -25.2370  FPE              -2.39788e-13

          AIC           SC           HQ          FPE
      -27.815      -21.139      -25.237  -2.3979e-13
>>> AIC: -27.8152
>>> SC: -21.139
>>> HQ: -25.237
Fazendo aquisicao de parametros
Processo Extracao da matriz de saturacao (IIS)
Processo Extracao da matriz de longo prazo
Processo Lambda iniciado
Processo Lambda finalizado
Processo Phi iniciado
Processo Phi finalizado
Processo U iniciado
Processo U finalizado
Processo Extracao das variaveis macroeconomicas (matrix de longo Prazo inclusive)

Apagando o modelo PcGive referente a regiao 6


*****************************************
             Regiao 7
*****************************************

Iniciando um nomo objeto do tipo PcGive referente a regiao 7
PcGive package version 16.10, object created on  4-06-2025
(C) Jurgen A Doornik - requires a licensed version of PcGive Professional

Carregando base de dados para regiao 7
	Periodo da base de dados
	Data inicial: 2004-5
	Data final: 2018-41
(1) Iniciando construcao das variaveis star para a regiao 7
	Adicionando variavel star da regiao 7
	Adicionando variavel star da regiao 7 (ETANOL_HIDRATADO)
	Adicionando variavel star da regiao 7 (OLEO_DIESEL)
	Adicionando variavel star da regiao 7 (GASOLINA_COMUM)
	Concluido construcao das variaveis star para a regiao 7
(2) Iniciando construcao da variavel Delta para a regiao 7
	Adicionando variavel Delta da regiao 7 (ETANOL_HIDRATADO)
	Adicionando variavel Delta* da regiao 7 (star_ETANOL_HIDRATADO)
	Adicionando variavel Delta da regiao 7 (OLEO_DIESEL)
	Adicionando variavel Delta* da regiao 7 (star_OLEO_DIESEL)
	Adicionando variavel Delta da regiao 7 (GASOLINA_COMUM)
	Adicionando variavel Delta* da regiao 7 (star_GASOLINA_COMUM)
	Concluido construcao da variavel Delta para a regiao 7
(3) Iniciando construcao da variavel beta*Z (Cointegracao) para a regiao 7
	Adicionando variavel R_7_ETANOL_HIDRATADO
	Adicionando variavel R_7_OLEO_DIESEL
	Adicionando variavel R_7_GASOLINA_COMUM
	Adicionando variavel star_ETANOL_HIDRATADO
	Adicionando variavel star_OLEO_DIESEL
	Adicionando variavel star_GASOLINA_COMUM
	Adicionando variavel brent
	Adicionando variavel lnCambio

                ETA          DIS          GAS         ETA*         DIS*         GAS*        brent           FX
T_1         0.55369      0.35030      0.79961      0.15279      0.34348      0.69868       3.6298       1.1361
T_2         0.54831      0.35195      0.79638      0.14416      0.34469      0.69680       3.6192       1.1460
T_3         0.54774      0.35089      0.79736      0.16706      0.34448      0.69697       3.6137       1.1467
T_4         0.54928      0.35171      0.79743      0.20190      0.34583      0.70362       3.6110       1.1436
            0.55714      0.35148      0.80871      0.21435      0.34491      0.70928       3.5694       1.1379
            0.57239      0.35884      0.81396      0.22045      0.36275      0.72066       3.5746       1.1446

                T_1          T_2          T_3          T_4                                                    
ETA         0.00000      0.00000      0.00000      0.00000      0.00000      0.00000      0.00000      0.00000
rows: 
[0] = betaZ_1
	Concluido construcao da variavel beta*Z (Cointegracao) para a regiao 7
(4) Iniciando adicao de macrovariaveis para a regiao 7
	Adicao de macrovariaveis em primeira differenca para a regiao 7
(6) Construindo modelo de estimacao da regiao 7
	Adicionando variavel dependente da regiao 7 (ETANOL_HIDRATADO)
	Adicionando variavel dependente da regiao 7 (OLEO_DIESEL)
	Adicionando variavel dependente da regiao 7 (GASOLINA_COMUM)
	Adicionando variavel independente (lag da independente) da regiao 7 (ETANOL_HIDRATADO)
	Adicionando variavel independente (lag da independente) da regiao 7 (OLEO_DIESEL)
	Adicionando variavel independente (lag da independente) da regiao 7 (GASOLINA_COMUM)
	Adicionando variavel star da regiao 7 (ETANOL_HIDRATADO)
	Adicionando variavel star da regiao 7 (OLEO_DIESEL)
	Adicionando variavel star da regiao 7 (GASOLINA_COMUM)
	Adicionado: D_brent
	Adicionado: D_lnCambio
	Adicionado: Constant
	Adicionado: CSeasonal U
Processo IIS LIGADO para esta regiao
INICIANDO ESTIMACAO

Autometrics identification block search over regressors
no. initial regressors    715  no. of observations       715
significance level       0.01  block method         standard
extension effort     standard  reduction effort     standard
block backtesting        GUM0  used in blocks      A,B,C1,D1


A. Step 1: block search for omitted regressors
   significance           0.01  diagnostics             off
   no of blocks              6  blocked by         variable
   0(127):11 1(127):0 2(127):0 3(127):0 4(127):0 5(80):28  found: 39
A. Step 2   size= 39 #pars= 483 loglik=     8428.61 selected: 39

B. Step 1: block search for omitted regressors
   significance           0.01  diagnostics         delayed
   no of blocks              6  blocked by         variable
   0(166):0