--------------- Ox at 18:26:29 on 07-Jun-2025 ---------------

Ox 9.10 (Windows_64/Parallel) (C) J.A. Doornik, 1994-2023 (oxlang.dev)
******************************************
------------------------------------------
	Configuracao de variaveis
------------------------------------------

REGIOES
	Quantidade de lags: 8
	Quantidade de Regioes: 110
	Quantidade de Variaveis Dependente: 3
Variaveis Dependentes:
[0] = ETANOL_HIDRATADO
[1] = OLEO_DIESEL
[2] = GASOLINA_COMUM

DATABASE
	Macrovariaveis: ../export/database for ox/db_oil_withSesonal.in7
	Regioes: ../export/database for ox/db_oil_withSesonal.in7
	Database Star: ../export/database for ox/db_oil_withSesonal_Star.in7

DIRETORIOS
	W Matrix Dir: ./mat_files/W_mat/
	Cointeration Matrix Dir: ./mat_files/Cointegration/
	Raw Matrix Dir: ./mat_files/RawMatrix/
	A Matrix Dir: ./mat_files/A_Matrix/
	G Matrix Dir: ./mat_files/G_Matrix/
	Result Matrix Dir: ./mat_files/Result_Matrix/

WEIGHT MATRIX
	Matrix de Pesos: ./mat_files/W_mat/All/PIB_PC_1.mat

Configuracoes
	is_IIS_ON: 1
	IIS_pvalue: 0.01
	is_DUMMY_ON: 1
	type_DUMMY: U
******************************************
Script responsavel pela estimacao do modelo da regiao dominante
GVAR Passo 2 Inicializado
>>> Inicio da estimacao do modelo de macrovariaveis


*****************************************
             Macrovariaveis 
*****************************************

Carregando dados das variaveis exogenas
Carregando base de dados com informacoes regionais
Construindo variaveis X
Concluido construcao das variaveis X
Construindo influencia das variaveis
Salvando matriz W_w para ser utilizada depois
Inicio um nomo objeto do tipo PcGive referente a macrovariaveis
PcGive package version 16.10, object created on  7-06-2025
(C) Jurgen A Doornik - requires a licensed version of PcGive Professional
Carregando base de dados de macrovariaveis
Iniciando construcao da variavel Delta para variaveis
Adicionado Diff da variavel: brent
Adicionado Diff da variavel: lnCambio
Adicionando variavel mX
Adicionando variavel D_mX 
Adicionando variavel betaMacro
	Adicionado: CSeasonal U
Model Sample: 2005-04-24 - 2018-12-30

Autometrics identification block search over regressors
no. initial regressors    715  no. of observations       715
significance level       0.01  block method         standard
extension effort     standard  reduction effort     standard
block backtesting        GUM0  used in blocks      A,B,C1,D1

Free variables in the GUM:
 II#2005-04-24 II#2005-05-01 II#2005-05-08 II#2005-05-15 II#2005-05-22 II#2005-05-29 II#2005-06-05 II#2005-06-12
 II#2005-06-19 II#2005-06-26 II#2005-07-03 II#2005-07-10 II#2005-07-17 II#2005-07-24 II#2005-07-31 II#2005-08-07
 II#2005-08-14 II#2005-08-21 II#2005-08-28 II#2005-09-04 II#2005-09-11 II#2005-09-18 II#2005-09-25 II#2005-10-02
 II#2005-10-09 II#2005-10-16 II#2005-10-23 II#2005-10-30 II#2005-11-06 II#2005-11-13 II#2005-11-20 II#2005-11-27
 II#2005-12-04 II#2005-12-11 II#2005-12-18 II#2005-12-25 II#2006-01-01 II#2006-01-08 II#2006-01-15 II#2006-01-22
 II#2006-01-29 II#2006-02-05 II#2006-02-12 II#2006-02-19 II#2006-02-26 II#2006-03-05 II#2006-03-12 II#2006-03-19
 II#2006-03-26 II#2006-04-02 II#2006-04-09 II#2006-04-16 II#2006-04-23 II#2006-04-30 II#2006-05-07 II#2006-05-14
 II#2006-05-21 II#2006-05-28 II#2006-06-04 II#2006-06-11 II#2006-06-18 II#2006-06-25 II#2006-07-02 II#2006-07-09
 II#2006-07-16 II#2006-07-23 II#2006-07-30 II#2006-08-06 II#2006-08-13 II#2006-08-20 II#2006-08-27 II#2006-09-03
 II#2006-09-10 II#2006-09-17 II#2006-09-24 II#2006-10-01 II#2006-10-08 II#2006-10-15 II#2006-10-22 II#2006-10-29
 II#2006-11-05 II#2006-11-12 II#2006-11-19 II#2006-11-26 II#2006-12-03 II#2006-12-10 II#2006-12-17 II#2006-12-24
 II#2006-12-31 II#2007-01-07 II#2007-01-14 II#2007-01-21 II#2007-01-28 II#2007-02-04 II#2007-02-11 II#2007-02-18
 II#2007-02-25 II#2007-03-04 II#2007-03-11 II#2007-03-18 II#2007-03-25 II#2007-04-01 II#2007-04-08 II#2007-04-15
 II#2007-04-22 II#2007-04-29 II#2007-05-06 II#2007-05-13 II#2007-05-20 II#2007-05-27 II#2007-06-03 II#2007-06-10
 II#2007-06-17 II#2007-06-24 II#2007-07-01 II#2007-07-08 II#2007-07-15 II#2007-07-22 II#2007-07-29 II#2007-08-05
 II#2007-08-12 II#2007-08-19 II#2007-08-26 II#2007-09-02 II#2007-09-09 II#2007-09-16 II#2007-09-23 II#2007-09-30
 II#2007-10-07 II#2007-10-14 II#2007-10-21 II#2007-10-28 II#2007-11-04 II#2007-11-11 II#2007-11-18 II#2007-11-25
 II#2007-12-02 II#2007-12-09 II#2007-12-16 II#2007-12-23 II#2007-12-30 II#2008-01-06 II#2008-01-13 II#2008-01-20
 II#2008-01-27 II#2008-02-03 II#2008-02-10 II#2008-02-17 II#2008-02-24 II#2008-03-02 II#2008-03-09 II#2008-03-16
 II#2008-03-23 II#2008-03-30 II#2008-04-06 II#2008-04-13 II#2008-04-20 II#2008-04-27 II#2008-05-04 II#2008-05-11
 II#2008-05-18 II#2008-05-25 II#2008-06-01 II#2008-06-08 II#2008-06-15 II#2008-06-22 II#2008-06-29 II#2008-07-06
 II#2008-07-13 II#2008-07-20 II#2008-07-27 II#2008-08-03 II#2008-08-10 II#2008-08-17 II#2008-08-24 II#2008-08-31
 II#2008-09-07 II#2008-09-14 II#2008-09-21 II#2008-09-28 II#2008-10-05 II#2008-10-12 II#2008-10-19 II#2008-10-26
 II#2008-11-02 II#2008-11-09 II#2008-11-16 II#2008-11-23 II#2008-11-30 II#2008-12-07 II#2008-12-14 II#2008-12-21
 II#2008-12-28 II#2009-01-04 II#2009-01-11 II#2009-01-18 II#2009-01-25 II#2009-02-01 II#2009-02-08 II#2009-02-15
 II#2009-02-22 II#2009-03-01 II#2009-03-08 II#2009-03-15 II#2009-03-22 II#2009-03-29 II#2009-04-05 II#2009-04-12
 II#2009-04-19 II#2009-04-26 II#2009-05-03 II#2009-05-10 II#2009-05-17 II#2009-05-24 II#2009-05-31 II#2009-06-07
 II#2009-06-14 II#2009-06-21 II#2009-06-28 II#2009-07-05 II#2009-07-12 II#2009-07-19 II#2009-07-26 II#2009-08-02
 II#2009-08-09 II#2009-08-16 II#2009-08-23 II#2009-08-30 II#2009-09-06 II#2009-09-13 II#2009-09-20 II#2009-09-27
 II#2009-10-04 II#2009-10-11 II#2009-10-18 II#2009-10-25 II#2009-11-01 II#2009-11-08 II#2009-11-15 II#2009-11-22
 II#2009-11-29 II#2009-12-06 II#2009-12-13 II#2009-12-20 II#2009-12-27 II#2010-01-03 II#2010-01-10 II#2010-01-17
 II#2010-01-24 II#2010-01-31 II#2010-02-07 II#2010-02-14 II#2010-02-21 II#2010-02-28 II#2010-03-07 II#2010-03-14
 II#2010-03-21 II#2010-03-28 II#2010-04-04 II#2010-04-11 II#2010-04-18 II#2010-04-25 II#2010-05-02 II#2010-05-09
 II#2010-05-16 II#2010-05-23 II#2010-05-30 II#2010-06-06 II#2010-06-13 II#2010-06-20 II#2010-06-27 II#2010-07-04
 II#2010-07-11 II#2010-07-18 II#2010-07-25 II#2010-08-01 II#2010-08-08 II#2010-08-15 II#2010-08-22 II#2010-08-29
 II#2010-09-05 II#2010-09-12 II#2010-09-19 II#2010-09-26 II#2010-10-03 II#2010-10-10 II#2010-10-17 II#2010-10-24
 II#2010-10-31 II#2010-11-07 II#2010-11-14 II#2010-11-21 II#2010-11-28 II#2010-12-05 II#2010-12-12 II#2010-12-19
 II#2010-12-26 II#2011-01-02 II#2011-01-09 II#2011-01-16 II#2011-01-23 II#2011-01-30 II#2011-02-06 II#2011-02-13
 II#2011-02-20 II#2011-02-27 II#2011-03-06 II#2011-03-13 II#2011-03-20 II#2011-03-27 II#2011-04-03 II#2011-04-10
 II#2011-04-17 II#2011-04-24 II#2011-05-01 II#2011-05-08 II#2011-05-15 II#2011-05-22 II#2011-05-29 II#2011-06-05
 II#2011-06-12 II#2011-06-19 II#2011-06-26 II#2011-07-03 II#2011-07-10 II#2011-07-17 II#2011-07-24 II#2011-07-31
 II#2011-08-07 II#2011-08-14 II#2011-08-21 II#2011-08-28 II#2011-09-04 II#2011-09-11 II#2011-09-18 II#2011-09-25
 II#2011-10-02 II#2011-10-09 II#2011-10-16 II#2011-10-23 II#2011-10-30 II#2011-11-06 II#2011-11-13 II#2011-11-20
 II#2011-11-27 II#2011-12-04 II#2011-12-11 II#2011-12-18 II#2011-12-25 II#2012-01-01 II#2012-01-08 II#2012-01-15
 II#2012-01-22 II#2012-01-29 II#2012-02-05 II#2012-02-12 II#2012-02-19 II#2012-02-26 II#2012-03-04 II#2012-03-11
 II#2012-03-18 II#2012-03-25 II#2012-04-01 II#2012-04-08 II#2012-04-15 II#2012-04-22 II#2012-04-29 II#2012-05-06
 II#2012-05-13 II#2012-05-20 II#2012-05-27 II#2012-06-03 II#2012-06-10 II#2012-06-17 II#2012-06-24 II#2012-07-01
 II#2012-07-08 II#2012-07-15 II#2012-07-22 II#2012-07-29 II#2012-08-05 II#2012-08-12 II#2012-08-19 II#2012-08-26
 II#2012-09-02 II#2012-09-09 II#2012-09-16 II#2012-09-23 II#2012-09-30 II#2012-10-07 II#2012-10-14 II#2012-10-21
 II#2012-10-28 II#2012-11-04 II#2012-11-11 II#2012-11-18 II#2012-11-25 II#2012-12-02 II#2012-12-09 II#2012-12-16
 II#2012-12-23 II#2012-12-30 II#2013-01-06 II#2013-01-13 II#2013-01-20 II#2013-01-27 II#2013-02-03 II#2013-02-10
 II#2013-02-17 II#2013-02-24 II#2013-03-03 II#2013-03-10 II#2013-03-17 II#2013-03-24 II#2013-03-31 II#2013-04-07
 II#2013-04-14 II#2013-04-21 II#2013-04-28 II#2013-05-05 II#2013-05-12 II#2013-05-19 II#2013-05-26 II#2013-06-02
 II#2013-06-09 II#2013-06-16 II#2013-06-23 II#2013-06-30 II#2013-07-07 II#2013-07-14 II#2013-07-21 II#2013-07-28
 II#2013-08-04 II#2013-08-11 II#2013-08-18 II#2013-08-25 II#2013-09-01 II#2013-09-08 II#2013-09-15 II#2013-09-22
 II#2013-09-29 II#2013-10-06 II#2013-10-13 II#2013-10-20 II#2013-10-27 II#2013-11-03 II#2013-11-10 II#2013-11-17
 II#2013-11-24 II#2013-12-01 II#2013-12-08 II#2013-12-15 II#2013-12-22 II#2013-12-29 II#2014-01-05 II#2014-01-12
 II#2014-01-19 II#2014-01-26 II#2014-02-02 II#2014-02-09 II#2014-02-16 II#2014-02-23 II#2014-03-02 II#2014-03-09
 II#2014-03-16 II#2014-03-23 II#2014-03-30 II#2014-04-06 II#2014-04-13 II#2014-04-20 II#2014-04-27 II#2014-05-04
 II#2014-05-11 II#2014-05-18 II#2014-05-25 II#2014-06-01 II#2014-06-08 II#2014-06-15 II#2014-06-22 II#2014-06-29
 II#2014-07-06 II#2014-07-13 II#2014-07-20 II#2014-07-27 II#2014-08-03 II#2014-08-10 II#2014-08-17 II#2014-08-24
 II#2014-08-31 II#2014-09-07 II#2014-09-14 II#2014-09-21 II#2014-09-28 II#2014-10-05 II#2014-10-12 II#2014-10-19
 II#2014-10-26 II#2014-11-02 II#2014-11-09 II#2014-11-16 II#2014-11-23 II#2014-11-30 II#2014-12-07 II#2014-12-14
 II#2014-12-21 II#2014-12-28 II#2015-01-04 II#2015-01-11 II#2015-01-18 II#2015-01-25 II#2015-02-01 II#2015-02-08
 II#2015-02-15 II#2015-02-22 II#2015-03-01 II#2015-03-08 II#2015-03-15 II#2015-03-22 II#2015-03-29 II#2015-04-05
 II#2015-04-12 II#2015-04-19 II#2015-04-26 II#2015-05-03 II#2015-05-10 II#2015-05-17 II#2015-05-24 II#2015-05-31
 II#2015-06-07 II#2015-06-14 II#2015-06-21 II#2015-06-28 II#2015-07-05 II#2015-07-12 II#2015-07-19 II#2015-07-26
 II#2015-08-02 II#2015-08-09 II#2015-08-16 II#2015-08-23 II#2015-08-30 II#2015-09-06 II#2015-09-13 II#2015-09-20
 II#2015-09-27 II#2015-10-04 II#2015-10-11 II#2015-10-18 II#2015-10-25 II#2015-11-01 II#2015-11-08 II#2015-11-15
 II#2015-11-22 II#2015-11-29 II#2015-12-06 II#2015-12-13 II#2015-12-20 II#2015-12-27 II#2016-01-03 II#2016-01-10
 II#2016-01-17 II#2016-01-24 II#2016-01-31 II#2016-02-07 II#2016-02-14 II#2016-02-21 II#2016-02-28 II#2016-03-06
 II#2016-03-13 II#2016-03-20 II#2016-03-27 II#2016-04-03 II#2016-04-10 II#2016-04-17 II#2016-04-24 II#2016-05-01
 II#2016-05-08 II#2016-05-15 II#2016-05-22 II#2016-05-29 II#2016-06-05 II#2016-06-12 II#2016-06-19 II#2016-06-26
 II#2016-07-03 II#2016-07-10 II#2016-07-17 II#2016-07-24 II#2016-07-31 II#2016-08-07 II#2016-08-14 II#2016-08-21
 II#2016-08-28 II#2016-09-04 II#2016-09-11 II#2016-09-18 II#2016-09-25 II#2016-10-02 II#2016-10-09 II#2016-10-16
 II#2016-10-23 II#2016-10-30 II#2016-11-06 II#2016-11-13 II#2016-11-20 II#2016-11-27 II#2016-12-04 II#2016-12-11
 II#2016-12-18 II#2016-12-25 II#2017-01-01 II#2017-01-08 II#2017-01-15 II#2017-01-22 II#2017-01-29 II#2017-02-05
 II#2017-02-12 II#2017-02-19 II#2017-02-26 II#2017-03-05 II#2017-03-12 II#2017-03-19 II#2017-03-26 II#2017-04-02
 II#2017-04-09 II#2017-04-16 II#2017-04-23 II#2017-04-30 II#2017-05-07 II#2017-05-14 II#2017-05-21 II#2017-05-28
 II#2017-06-04 II#2017-06-11 II#2017-06-18 II#2017-06-25 II#2017-07-02 II#2017-07-09 II#2017-07-16 II#2017-07-23
 II#2017-07-30 II#2017-08-06 II#2017-08-13 II#2017-08-20 II#2017-08-27 II#2017-09-03 II#2017-09-10 II#2017-09-17
 II#2017-09-24 II#2017-10-01 II#2017-10-08 II#2017-10-15 II#2017-10-22 II#2017-10-29 II#2017-11-05 II#2017-11-12
 II#2017-11-19 II#2017-11-26 II#2017-12-03 II#2017-12-10 II#2017-12-17 II#2017-12-24 II#2017-12-31 II#2018-01-07
 II#2018-01-14 II#2018-01-21 II#2018-01-28 II#2018-02-04 II#2018-02-11 II#2018-02-18 II#2018-02-25 II#2018-03-04
 II#2018-03-11 II#2018-03-18 II#2018-03-25 II#2018-04-01 II#2018-04-08 II#2018-04-15 II#2018-04-22 II#2018-04-29
 II#2018-05-06 II#2018-05-13 II#2018-05-20 II#2018-05-27 II#2018-06-03 II#2018-06-10 II#2018-06-17 II#2018-06-24
 II#2018-07-01 II#2018-07-08 II#2018-07-15 II#2018-07-22 II#2018-07-29 II#2018-08-05 II#2018-08-12 II#2018-08-19
 II#2018-08-26 II#2018-09-02 II#2018-09-09 II#2018-09-16 II#2018-09-23 II#2018-09-30 II#2018-10-07 II#2018-10-14
 II#2018-10-21 II#2018-10-28 II#2018-11-04 II#2018-11-11 II#2018-11-18 II#2018-11-25 II#2018-12-02 II#2018-12-09
 II#2018-12-16 II#2018-12-23 II#2018-12-30

A. Step 1: block search for omitted regressors
   significance           0.01  diagnostics             off
   no of blocks              6  blocked by         variable
   0(127):0 1(127):12 2(127):0 3(127):0 4(127):8 5(80):0  found: 20

A. Step 2: determination of new candidate set, target size=0.01
   size= 20 #pars= 176 loglik=     3614.82 selected: 19

                     lag  sel count    sel run     in GUM
II#2008-09-21          0          1          1          1
II#2008-09-28          0          1          1          1
II#2008-10-05          0          1          1          1
II#2008-10-12          0          1          1          1
II#2008-10-26          0          1          1          1
II#2008-11-09          0          1          1          1
II#2008-11-23          0          1          1          1
II#2008-11-30          0          1          1          1
II#2008-12-21          0          1          1          1
II#2008-12-28          0          1          1          1
II#2009-07-05          0          1          1          1
II#2015-02-01          0          1          1          1
II#2015-03-08          0          1          1          1
II#2015-08-30          0          1          1          1
II#2015-09-20          0          1          1          1
II#2015-12-06          0          1          1          1
II#2016-01-10          0          1          1          1
II#2016-01-24          0          1          1          1
II#2016-08-14          0          1          1          1


B. Step 1: block search for omitted regressors
   significance           0.01  diagnostics         delayed
   no of blocks              6  blocked by         variable
   0(146):0OMP: Warning #227: Cannot determine machine load balance - Using KMP_DYNAMIC_MODE=thread limit
 1(146):5 2(146):0 3(146):0 4(146):12 5(80):2  found: 19

B. Step 2: determination of new candidate set, target size=0.01
   size= 38 #pars= 204 loglik=     3689.23 selected: 33

B. Step 1: block search for omitted regressors
   significance           0.01  diagnostics         delayed
   no of blocks              6  blocked by         variable
   0(160):4 1(160):1 2(160):0 3(160):0 4(160):0 5(80):0  found: 5

B. Step 2: determination of new candidate set, target size=0.01
   size= 38 #pars= 212 loglik=     3723.69 selected: 37

B. Step 1: block search for omitted regressors
   significance           0.01  diagnostics              on
   no of blocks              6  blocked by         variable
   0(164):0 1(164):3 2(164):42 3(164):30 4(164):0 5(80):0  found: 75

B. Step 2: determination of new candidate set, target size=0.01
   size= 79 #pars= 296 loglik=     3767.69 selected: 79

B. Step 1: block search for omitted regressors
   significance           0.01  diagnostics         delayed
   no of blocks              6  blocked by         variable
   0(206):0 1(206):0 2(206):0 3(206):1 4(206):0 5(80):0  found: 1

B. Step 2: determination of new candidate set, target size=0.01
   size= 80 #pars= 292 loglik=     3773.66 selected: 77

B. Step 1: block search for omitted regressors
   significance           0.01  diagnostics         delayed
   no of blocks              6  blocked by         variable
   0(204):0 1(204):0 2(204):0 3(204):0 4(204):0 5(80):0  found: 0

                     lag  sel count    sel run     in GUM
II#2005-07-24          0          4          4          1
II#2006-05-14          0          4          4          1
II#2006-05-21          0          4          4          1
II#2007-08-12          0          4          4          1
II#2008-09-07          0          5          5          1
II#2008-09-21          0          6          6          1
II#2008-09-28          0          6          6          1
II#2008-10-05          0          6          6          1
II#2008-10-12          0          6          6          1
II#2008-10-19          0          5          5          1
II#2008-10-26          0          6          6          1
II#2008-11-09          0          6          6          1
II#2008-11-23          0          6          6          1
II#2008-11-30          0          6          6          1
II#2008-12-21          0          6          6          1
II#2008-12-28          0          6          6          1
II#2009-02-15          0          5          5          1
II#2009-03-15          0          4          4          1
II#2009-03-29          0          5          5          1
II#2009-07-05          0          6          6          1
II#2010-05-16          0          5          5          1
II#2010-09-19          0          1          0          0
II#2010-10-10          0          3          3          1
II#2010-12-19          0          3          3          1
II#2010-12-26          0          3          3          1
II#2011-01-09          0          3          3          1
II#2011-01-23          0          3          3          1
II#2011-02-13          0          1          0          0
II#2011-03-13          0          3          3          1
II#2011-03-27          0          3          3          1
II#2011-04-17          0          3          3          1
II#2011-04-24          0          3          3          1
II#2011-05-01          0          3          3          1
II#2011-05-08          0          3          3          1
II#2011-05-29          0          3          3          1
II#2011-06-05          0          3          3          1
II#2011-07-10          0          3          3          1
II#2011-07-17          0          3          3          1
II#2011-07-24          0          3          3          1
II#2011-08-21          0          3          3          1
II#2011-09-18          0          3          3          1
II#2011-10-02          0          3          3          1
II#2011-10-09          0          3          3          1
II#2011-10-23          0          3          3          1
II#2011-11-20          0          3          3          1
II#2011-12-18          0          3          3          1
II#2012-01-01          0          3          3          1
II#2012-01-08          0          3          3          1
II#2012-02-12          0          3          3          1
II#2012-02-26          0          3          3          1
II#2012-03-04          0          3          3          1
II#2012-03-25          0          3          3          1
II#2012-05-27          0          3          3          1
II#2012-06-03          0          3          3          1
II#2012-08-12          0          3          3          1
II#2012-09-09          0          3          3          1
II#2012-09-23          0          3          3          1
II#2012-09-30          0          3          3          1
II#2012-10-28          0          1          0          0
II#2012-11-11          0          3          3          1
II#2012-11-25          0          3          3          1
II#2012-12-16          0          3          3          1
II#2012-12-23          0          3          3          1
II#2015-02-01          0          6          6          1
II#2015-03-08          0          6          6          1
II#2015-05-03          0          5          5          1
II#2015-08-30          0          6          6          1
II#2015-09-06          0          2          2          1
II#2015-09-20          0          6          6          1
II#2015-11-01          0          5          5          1
II#2015-12-06          0          6          6          1
II#2016-01-10          0          6          6          1
II#2016-01-24          0          6          6          1
II#2016-02-07          0          5          5          1
II#2016-02-28          0          5          5          1
II#2016-03-06          0          5          5          1
II#2016-04-10          0          5          5          1
II#2016-08-14          0          6          6          1
II#2017-01-29          0          1          0          0
II#2018-10-07          0          5          5          1
II#2018-12-30          0          5          5          1


C. Step 1: block search for omitted regressors
   significance           0.02  diagnostics         delayed
   no of blocks              6  blocked by         variable
   0(204):0 1(204):5 2(204):0 3(204):2 4(204):0 5(80):0  found: 7

C. Step 2: determination of new candidate set, target size=0.005
   size= 84 #pars= 300 loglik=     3802.13 selected: 81

                     lag  sel count    sel run     in GUM
II#2005-07-24          0          5          5          1
II#2006-05-14          0          5          5          1
II#2006-05-21          0          5          5          1
II#2007-08-12          0          5          5          1
II#2008-05-04          0          1          1          1
II#2008-09-07          0          6          6          1
II#2008-09-14          0          1          1          1
II#2008-09-21          0          7          7          1
II#2008-09-28          0          7          7          1
II#2008-10-05          0          7          7          1
II#2008-10-12          0          7          7          1
II#2008-10-19          0          6          6          1
II#2008-10-26          0          7          7          1
II#2008-11-09          0          7          7          1
II#2008-11-23          0          7          7          1
II#2008-11-30          0          7          7          1
II#2008-12-21          0          7          7          1
II#2008-12-28          0          7          7          1
II#2009-01-04          0          1          1          1
II#2009-01-11          0          1          1          1
II#2009-02-15          0          6          6          1
II#2009-03-15          0          5          5          1
II#2009-03-29          0          6          6          1
II#2009-05-03          0          1          1          1
II#2009-07-05          0          7          7          1
II#2010-05-16          0          6          6          1
II#2010-09-19          0          1          0          0
II#2010-10-10          0          4          4          1
II#2010-12-19          0          4          4          1
II#2010-12-26          0          4          4          1
II#2011-01-09          0          4          4          1
II#2011-01-23          0          4          4          1
II#2011-02-13          0          1          0          0
II#2011-03-13          0          4          4          1
II#2011-03-27          0          4          4          1
II#2011-04-17          0          4          4          1
II#2011-04-24          0          4          4          1
II#2011-05-01          0          4          4          1
II#2011-05-08          0          4          4          1
II#2011-05-29          0          4          4          1
II#2011-06-05          0          4          4          1
II#2011-07-10          0          4          4          1
II#2011-07-17          0          3          0          0
II#2011-07-24          0          3          0          0
II#2011-08-21          0          4          4          1
II#2011-09-18          0          4          4          1
II#2011-10-02          0          4          4          1
II#2011-10-09          0          4          4          1
II#2011-10-23          0          4          4          1
II#2011-11-20          0          4          4          1
II#2011-12-18          0          4          4          1
II#2012-01-01          0          4          4          1
II#2012-01-08          0          4          4          1
II#2012-02-12          0          4          4          1
II#2012-02-26          0          4          4          1
II#2012-03-04          0          4          4          1
II#2012-03-25          0          4          4          1
II#2012-05-27          0          4          4          1
II#2012-06-03          0          4          4          1
II#2012-08-12          0          4          4          1
II#2012-09-09          0          4          4          1
II#2012-09-23          0          4          4          1
II#2012-09-30          0          4          4          1
II#2012-10-28          0          1          0          0
II#2012-11-11          0          4          4          1
II#2012-11-25          0          4          4          1
II#2012-12-16          0          4          4          1
II#2012-12-23          0          4          4          1
II#2014-10-05          0          1          1          1
II#2015-02-01          0          7          7          1
II#2015-03-08          0          7          7          1
II#2015-05-03          0          6          6          1
II#2015-08-30          0          7          7          1
II#2015-09-06          0          3          3          1
II#2015-09-20          0          7          7          1
II#2015-11-01          0          6          6          1
II#2015-12-06          0          7          7          1
II#2016-01-10          0          7          7          1
II#2016-01-24          0          7          7          1
II#2016-02-07          0          6          6          1
II#2016-02-28          0          6          6          1
II#2016-03-06          0          6          6          1
II#2016-04-10          0          6          6          1
II#2016-08-14          0          7          7          1
II#2017-01-29          0          1          0          0
II#2018-10-07          0          6          6          1
II#2018-12-30          0          6          6          1


D. Step 1: block search for omitted regressors
   significance           0.01  diagnostics         delayed
   no of blocks              5  blocked by         variable
   0(208):0 1(208):0 2(208):0 3(208):0 4(207):0  found: 0

                     lag  sel count    sel run     in GUM
II#2005-07-24          0          6          6          1
II#2006-05-14          0          6          6          1
II#2006-05-21          0          6          6          1
II#2007-08-12          0          6          6          1
II#2008-05-04          0          2          2          1
II#2008-09-07          0          7          7          1
II#2008-09-14          0          2          2          1
II#2008-09-21          0          8          8          1
II#2008-09-28          0          8          8          1
II#2008-10-05          0          8          8          1
II#2008-10-12          0          8          8          1
II#2008-10-19          0          7          7          1
II#2008-10-26          0          8          8          1
II#2008-11-09          0          8          8          1
II#2008-11-23          0          8          8          1
II#2008-11-30          0          8          8          1
II#2008-12-21          0          8          8          1
II#2008-12-28          0          8          8          1
II#2009-01-04          0          2          2          1
II#2009-01-11          0          2          2          1
II#2009-02-15          0          7          7          1
II#2009-03-15          0          6          6          1
II#2009-03-29          0          7          7          1
II#2009-05-03          0          2          2          1
II#2009-07-05          0          8          8          1
II#2010-05-16          0          7          7          1
II#2010-09-19          0          1          0          0
II#2010-10-10          0          5          5          1
II#2010-12-19          0          5          5          1
II#2010-12-26          0          5          5          1
II#2011-01-09          0          5          5          1
II#2011-01-23          0          5          5          1
II#2011-02-13          0          1          0          0
II#2011-03-13          0          5          5          1
II#2011-03-27          0          5          5          1
II#2011-04-17          0          5          5          1
II#2011-04-24          0          5          5          1
II#2011-05-01          0          5          5          1
II#2011-05-08          0          5          5          1
II#2011-05-29          0          5          5          1
II#2011-06-05          0          5          5          1
II#2011-07-10          0          5          5          1
II#2011-07-17          0          3          0          0
II#2011-07-24          0          3          0          0
II#2011-08-21          0          5          5          1
II#2011-09-18          0          5          5          1
II#2011-10-02          0          5          5          1
II#2011-10-09          0          5          5          1
II#2011-10-23          0          5          5          1
II#2011-11-20          0          5          5          1
II#2011-12-18          0          5          5          1
II#2012-01-01          0          5          5          1
II#2012-01-08          0          5          5          1
II#2012-02-12          0          5          5          1
II#2012-02-26          0          5          5          1
II#2012-03-04          0          5          5          1
II#2012-03-25          0          5          5          1
II#2012-05-27          0          5          5          1
II#2012-06-03          0          5          5          1
II#2012-08-12          0          5          5          1
II#2012-09-09          0          5          5          1
II#2012-09-23          0          5          5          1
II#2012-09-30          0          5          5          1
II#2012-10-28          0          1          0          0
II#2012-11-11          0          5          5          1
II#2012-11-25          0          5          5          1
II#2012-12-16          0          5          5          1
II#2012-12-23          0          5          5          1
II#2014-10-05          0          2          2          1
II#2015-02-01          0          8          8          1
II#2015-03-08          0          8          8          1
II#2015-05-03          0          7          7          1
II#2015-08-30          0          8          8          1
II#2015-09-06          0          4          4          1
II#2015-09-20          0          8          8          1
II#2015-11-01          0          7          7          1
II#2015-12-06          0          8          8          1
II#2016-01-10          0          8          8          1
II#2016-01-24          0          8          8          1
II#2016-02-07          0          7          7          1
II#2016-02-28          0          7          7          1
II#2016-03-06          0          7          7          1
II#2016-04-10          0          7          7          1
II#2016-08-14          0          8          8          1
II#2017-01-29          0          1          0          0
II#2018-10-07          0          7          7          1
II#2018-12-30          0          7          7          1


Block search complete, estimated 14428 models in  5:39.26
- final selection size= 87 regs= 87 total= 156 loglik=     3802.65

GUM( 1) Estimating the system by OLS
        The dataset is: ../export/database for ox/db_oil_withSesonal.in7
        The estimation sample is: 2005-04-24 - 2018-12-30

URF equation for: D_brent
                  Coefficient  Std.Error  t-value  t-prob
II#2005-07-24       0.0176872    0.02989    0.592  0.5543
II#2006-05-14     -0.00914064    0.02997   -0.305  0.7605
II#2006-05-21      -0.0106372    0.03003   -0.354  0.7233
II#2007-08-12       0.0274688    0.02970    0.925  0.3554
II#2008-05-04       0.0889758    0.02992     2.97  0.0031
II#2008-09-07      -0.0525530    0.02991    -1.76  0.0794
II#2008-09-14      -0.0434111    0.03022    -1.44  0.1515
II#2008-09-21        0.125398    0.03024     4.15  0.0000
II#2008-09-28       -0.118848    0.03067    -3.88  0.0001
II#2008-10-05       -0.128624    0.03116    -4.13  0.0000
II#2008-10-12       -0.157771    0.03293    -4.79  0.0000
II#2008-10-19     -0.00330846    0.03376  -0.0980  0.9220
II#2008-10-26      -0.0523675    0.03399    -1.54  0.1240
II#2008-11-09       -0.117675    0.03418    -3.44  0.0006
II#2008-11-23       0.0813810    0.03380     2.41  0.0164
II#2008-11-30       -0.154111    0.03383    -4.56  0.0000
II#2008-12-21       -0.121366    0.03183    -3.81  0.0002
II#2008-12-28        0.110481    0.03166     3.49  0.0005
II#2009-01-04       0.0761004    0.03185     2.39  0.0172
II#2009-01-11      -0.0367680    0.03215    -1.14  0.2532
II#2009-02-15      -0.0986259    0.03102    -3.18  0.0016
II#2009-03-15       0.0944183    0.03064     3.08  0.0022
II#2009-03-29       -0.103670    0.03066    -3.38  0.0008
II#2009-05-03       0.0820283    0.03052     2.69  0.0074
II#2009-07-05       -0.116750    0.02985    -3.91  0.0001
II#2010-05-16      -0.0900342    0.02972    -3.03  0.0026
II#2010-09-19     -0.00331280    0.02984   -0.111  0.9117
II#2010-10-10      -0.0427909    0.02989    -1.43  0.1528
II#2010-12-19       0.0201023    0.02998    0.670  0.5029
II#2010-12-26     -0.00614505    0.02981   -0.206  0.8368
II#2011-01-09       0.0566994    0.02989     1.90  0.0584
II#2011-01-23      -0.0104067    0.02973   -0.350  0.7265
II#2011-02-13      0.00569013    0.03003    0.189  0.8498
II#2011-03-13     -0.00898935    0.03005   -0.299  0.7650
II#2011-03-27      -0.0144608    0.02992   -0.483  0.6290
II#2011-04-17      0.00104792    0.02972   0.0353  0.9719
II#2011-04-24       0.0183755    0.02962    0.620  0.5353
II#2011-05-01      -0.0444649    0.02983    -1.49  0.1367
II#2011-05-08      0.00298085    0.02987   0.0998  0.9206
II#2011-05-29      0.00126940    0.02977   0.0426  0.9660
II#2011-06-05       0.0259576    0.02981    0.871  0.3843
II#2011-07-10       0.0211173    0.02970    0.711  0.4773
II#2011-07-17      -0.0173241    0.02977   -0.582  0.5608
II#2011-07-24      0.00253987    0.02971   0.0855  0.9319
II#2011-08-21       0.0128592    0.02974    0.432  0.6657
II#2011-09-18      -0.0332192    0.03003    -1.11  0.2691
II#2011-10-02      -0.0122961    0.03044   -0.404  0.6864
II#2011-10-09       0.0356747    0.03051     1.17  0.2429
II#2011-10-23      0.00481099    0.03047    0.158  0.8746
II#2011-11-20     -0.00159709    0.02990  -0.0534  0.9574
II#2011-12-18       0.0138917    0.03016    0.461  0.6452
II#2012-01-01       0.0550847    0.02985     1.85  0.0656
II#2012-01-08       0.0113916    0.03010    0.379  0.7052
II#2012-02-12      0.00509111    0.03008    0.169  0.8656
II#2012-02-26      0.00464396    0.02973    0.156  0.8759
II#2012-03-04      0.00190384    0.02979   0.0639  0.9491
II#2012-03-25      -0.0172492    0.02993   -0.576  0.5647
II#2012-05-27      -0.0298333    0.02973    -1.00  0.3161
II#2012-06-03      -0.0186983    0.02986   -0.626  0.5314
II#2012-08-12      0.00808984    0.02984    0.271  0.7864
II#2012-09-09       0.0142247    0.02986    0.476  0.6340
II#2012-09-23       0.0197161    0.02984    0.661  0.5091
II#2012-09-30      -0.0118220    0.02984   -0.396  0.6921
II#2012-10-28      0.00428256    0.02965    0.144  0.8852
II#2012-11-11       0.0183337    0.02964    0.618  0.5365
II#2012-11-25     -0.00998252    0.02966   -0.337  0.7366
II#2012-12-16       0.0171752    0.02989    0.575  0.5658
II#2012-12-23      0.00590402    0.02973    0.199  0.8427
II#2014-10-05      -0.0525808    0.03010    -1.75  0.0812
II#2015-02-01        0.122950    0.03016     4.08  0.0001
II#2015-03-08      -0.0858793    0.03129    -2.74  0.0063
II#2015-05-03       0.0339725    0.03040     1.12  0.2643
II#2015-08-30        0.117534    0.03019     3.89  0.0001
II#2015-09-06      -0.0931301    0.03073    -3.03  0.0026
II#2015-09-20       0.0195685    0.03094    0.632  0.5273
II#2015-11-01       0.0370123    0.03033     1.22  0.2229
II#2015-12-06      -0.0724971    0.02987    -2.43  0.0155
II#2016-01-10       -0.124588    0.03011    -4.14  0.0000
II#2016-01-24        0.111590    0.03052     3.66  0.0003
II#2016-02-07       -0.104528    0.03103    -3.37  0.0008
II#2016-02-28       0.0689104    0.03098     2.22  0.0265
II#2016-03-06       0.0688026    0.03128     2.20  0.0282
II#2016-04-10       0.0956960    0.03018     3.17  0.0016
II#2016-08-14       0.0875538    0.02999     2.92  0.0036
II#2017-01-29       0.0116226    0.02988    0.389  0.6974
II#2018-10-07      -0.0134210    0.02994   -0.448  0.6541
II#2018-12-30        0.109650    0.03023     3.63  0.0003
D_brent_1     U      0.302889    0.03752     8.07  0.0000
D_brent_2     U    -0.0220167    0.03972   -0.554  0.5796
D_brent_3     U      0.105026    0.03998     2.63  0.0088
D_brent_4     U    -0.0728504    0.04002    -1.82  0.0692
D_brent_5     U      0.112230    0.03992     2.81  0.0051
D_brent_6     U    -0.0251047    0.03892   -0.645  0.5192
D_brent_7     U     0.0696847    0.03880     1.80  0.0730
D_brent_8     U     0.0115350    0.03753    0.307  0.7587
D_lnCambio_1  U      0.150781    0.08177     1.84  0.0657
D_lnCambio_2  U    -0.0647509    0.08222   -0.788  0.4313
D_lnCambio_3  U      0.117532    0.08107     1.45  0.1477
D_lnCambio_4  U     0.0263808    0.07823    0.337  0.7361
D_lnCambio_5  U      0.242913    0.08398     2.89  0.0040
D_lnCambio_6  U     0.0130580    0.07872    0.166  0.8683
D_lnCambio_7  U    -0.0158833    0.08068   -0.197  0.8440
D_lnCambio_8  U     -0.182290    0.07882    -2.31  0.0211
betaMacro_1   U    -0.0185393   0.005014    -3.70  0.0002
Constant      U     0.0922513    0.02487     3.71  0.0002
CSeasonal     U   -0.00233397    0.01212   -0.193  0.8474
CSeasonal_1   U    -0.0154975    0.01208    -1.28  0.2001
CSeasonal_2   U   -0.00957970    0.01236   -0.775  0.4385
CSeasonal_3   U    -0.0179850    0.01205    -1.49  0.1363
CSeasonal_4   U    -0.0160731    0.01256    -1.28  0.2013
CSeasonal_5   U    -0.0257974    0.01247    -2.07  0.0390
CSeasonal_6   U    0.00521751    0.01232    0.423  0.6722
CSeasonal_7   U   -0.00729252    0.01179   -0.618  0.5366
CSeasonal_8   U   -0.00949200    0.01230   -0.772  0.4404
CSeasonal_9   U    -0.0192700    0.01220    -1.58  0.1149
CSeasonal_10  U   -0.00676626    0.01186   -0.570  0.5686
CSeasonal_11  U    -0.0265259    0.01187    -2.23  0.0258
CSeasonal_12  U   -0.00914820    0.01191   -0.768  0.4429
CSeasonal_13  U   -0.00223617    0.01207   -0.185  0.8531
CSeasonal_14  U    -0.0168218    0.01209    -1.39  0.1647
CSeasonal_15  U    -0.0101444    0.01225   -0.828  0.4081
CSeasonal_16  U    -0.0115016    0.01210   -0.950  0.3424
CSeasonal_17  U    -0.0139046    0.01192    -1.17  0.2438
CSeasonal_18  U    -0.0330271    0.01207    -2.74  0.0064
CSeasonal_19  U   -0.00183832    0.01205   -0.153  0.8788
CSeasonal_20  U    -0.0226587    0.01221    -1.86  0.0640
CSeasonal_21  U    -0.0196016    0.01193    -1.64  0.1010
CSeasonal_22  U    -0.0160098    0.01225    -1.31  0.1918
CSeasonal_23  U    -0.0100243    0.01257   -0.797  0.4257
CSeasonal_24  U    -0.0251980    0.01253    -2.01  0.0448
CSeasonal_25  U    -0.0206992    0.01255    -1.65  0.0997
CSeasonal_26  U    0.00169329    0.01255    0.135  0.8928
CSeasonal_27  U     0.0159615    0.01283     1.24  0.2140
CSeasonal_28  U    -0.0210294    0.01241    -1.69  0.0907
CSeasonal_29  U    -0.0201774    0.01237    -1.63  0.1035
CSeasonal_30  U    -0.0105838    0.01219   -0.868  0.3857
CSeasonal_31  U    -0.0231369    0.01236    -1.87  0.0617
CSeasonal_32  U    -0.0179824    0.01220    -1.47  0.1411
CSeasonal_33  U    -0.0211424    0.01226    -1.72  0.0851
CSeasonal_34  U   -0.00441218    0.01229   -0.359  0.7198
CSeasonal_35  U    -0.0246268    0.01200    -2.05  0.0406
CSeasonal_36  U    -0.0219584    0.01218    -1.80  0.0720
CSeasonal_37  U    -0.0179692    0.01282    -1.40  0.1616
CSeasonal_38  U    -0.0100552    0.01261   -0.797  0.4257
CSeasonal_39  U    -0.0205331    0.01238    -1.66  0.0977
CSeasonal_40  U    -0.0352062    0.01297    -2.72  0.0068
CSeasonal_41  U    -0.0175934    0.01233    -1.43  0.1543
CSeasonal_42  U   -0.00671430    0.01238   -0.542  0.5879
CSeasonal_43  U   -0.00628952    0.01235   -0.509  0.6108
CSeasonal_44  U   -0.00940805    0.01263   -0.745  0.4565
CSeasonal_45  U   -0.00194773    0.01318   -0.148  0.8826
CSeasonal_46  U     0.0104917    0.01210    0.867  0.3864
CSeasonal_47  U    -0.0154242    0.01232    -1.25  0.2111
CSeasonal_48  U   -0.00837601    0.01258   -0.666  0.5059
CSeasonal_49  U    -0.0249544    0.01314    -1.90  0.0580
CSeasonal_50  U   -0.00516154    0.01207   -0.428  0.6691

sigma = 0.0283533   RSS = 0.4493846275

URF equation for: D_lnCambio
                  Coefficient  Std.Error  t-value  t-prob
II#2005-07-24       0.0453016    0.01423     3.18  0.0015
II#2006-05-14       0.0483170    0.01427     3.39  0.0008
II#2006-05-21       0.0554511    0.01430     3.88  0.0001
II#2007-08-12       0.0392037    0.01414     2.77  0.0058
II#2008-05-04     -0.00949000    0.01425   -0.666  0.5057
II#2008-09-07       0.0453636    0.01424     3.19  0.0015
II#2008-09-14       0.0345499    0.01439     2.40  0.0167
II#2008-09-21      -0.0259048    0.01440    -1.80  0.0726
II#2008-09-28       0.0788520    0.01460     5.40  0.0000
II#2008-10-05        0.119142    0.01484     8.03  0.0000
II#2008-10-12      -0.0573872    0.01568    -3.66  0.0003
II#2008-10-19       0.0460008    0.01607     2.86  0.0044
II#2008-10-26      -0.0625491    0.01619    -3.86  0.0001
II#2008-11-09       0.0234100    0.01628     1.44  0.1509
II#2008-11-23      -0.0391807    0.01610    -2.43  0.0152
II#2008-11-30       0.0412710    0.01611     2.56  0.0107
II#2008-12-21     -0.00358254    0.01516   -0.236  0.8132
II#2008-12-28     -0.00337462    0.01507   -0.224  0.8229
II#2009-01-04      -0.0405544    0.01516    -2.67  0.0077
II#2009-01-11       0.0398885    0.01531     2.61  0.0094
II#2009-02-15       0.0336448    0.01477     2.28  0.0231
II#2009-03-15      -0.0309773    0.01459    -2.12  0.0342
II#2009-03-29       0.0312223    0.01460     2.14  0.0329
II#2009-05-03      -0.0259598    0.01453    -1.79  0.0746
II#2009-07-05       0.0333862    0.01421     2.35  0.0192
II#2010-05-16       0.0329987    0.01415     2.33  0.0201
II#2010-09-19      0.00444963    0.01421    0.313  0.7543
II#2010-10-10      0.00150619    0.01423    0.106  0.9158
II#2010-12-19     -0.00818468    0.01428   -0.573  0.5667
II#2010-12-26     -0.00314835    0.01420   -0.222  0.8246
II#2011-01-09      0.00597227    0.01423    0.420  0.6749
II#2011-01-23      0.00346350    0.01416    0.245  0.8068
II#2011-02-13    -7.60892e-05    0.01430 -0.00532  0.9958
II#2011-03-13     -0.00279174    0.01431   -0.195  0.8454
II#2011-03-27     -0.00135252    0.01425  -0.0949  0.9244
II#2011-04-17     -0.00633122    0.01415   -0.447  0.6548
II#2011-04-24     -0.00190656    0.01411   -0.135  0.8925
II#2011-05-01       0.0116333    0.01421    0.819  0.4132
II#2011-05-08      0.00948977    0.01422    0.667  0.5050
II#2011-05-29      -0.0290048    0.01418    -2.05  0.0413
II#2011-06-05     -0.00305940    0.01420   -0.216  0.8294
II#2011-07-10      0.00886557    0.01414    0.627  0.5310
II#2011-07-17      0.00137616    0.01418   0.0971  0.9227
II#2011-07-24     -0.00472828    0.01415   -0.334  0.7383
II#2011-08-21      0.00648146    0.01416    0.458  0.6474
II#2011-09-18       0.0630035    0.01430     4.41  0.0000
II#2011-10-02      0.00789423    0.01449    0.545  0.5862
II#2011-10-09      -0.0398509    0.01453    -2.74  0.0063
II#2011-10-23      -0.0164088    0.01451    -1.13  0.2586
II#2011-11-20       0.0300300    0.01424     2.11  0.0354
II#2011-12-18     -0.00516286    0.01436   -0.360  0.7193
II#2012-01-01      -0.0111114    0.01422   -0.782  0.4348
II#2012-01-08      -0.0256162    0.01433    -1.79  0.0744
II#2012-02-12     -0.00506628    0.01432   -0.354  0.7237
II#2012-02-26      0.00310565    0.01416    0.219  0.8264
II#2012-03-04       0.0289044    0.01419     2.04  0.0421
II#2012-03-25      0.00589060    0.01425    0.413  0.6796
II#2012-05-27      -0.0292483    0.01416    -2.07  0.0393
II#2012-06-03      0.00328940    0.01422    0.231  0.8171
II#2012-08-12      0.00342510    0.01421    0.241  0.8096
II#2012-09-09     -0.00495118    0.01422   -0.348  0.7279
II#2012-09-23      0.00427302    0.01421    0.301  0.7638
II#2012-09-30      0.00174496    0.01421    0.123  0.9023
II#2012-10-28      0.00208931    0.01412    0.148  0.8824
II#2012-11-11     -0.00177563    0.01412   -0.126  0.8999
II#2012-11-25      0.00432421    0.01412    0.306  0.7596
II#2012-12-16     -0.00530529    0.01423   -0.373  0.7095
II#2012-12-23     -0.00867403    0.01416   -0.613  0.5403
II#2014-10-05      -0.0235340    0.01433    -1.64  0.1012
II#2015-02-01       0.0502581    0.01436     3.50  0.0005
II#2015-03-08       0.0597614    0.01490     4.01  0.0001
II#2015-05-03       0.0366005    0.01448     2.53  0.0117
II#2015-08-30       0.0376208    0.01437     2.62  0.0091
II#2015-09-06       0.0287945    0.01463     1.97  0.0496
II#2015-09-20       0.0447561    0.01473     3.04  0.0025
II#2015-11-01      -0.0411611    0.01444    -2.85  0.0045
II#2015-12-06      -0.0209501    0.01422    -1.47  0.1413
II#2016-01-10     -0.00639805    0.01434   -0.446  0.6556
II#2016-01-24     -0.00478004    0.01453   -0.329  0.7424
II#2016-02-07      0.00807665    0.01477    0.547  0.5848
II#2016-02-28      -0.0138810    0.01475   -0.941  0.3472
II#2016-03-06      -0.0509290    0.01489    -3.42  0.0007
II#2016-04-10      -0.0365734    0.01437    -2.54  0.0112
II#2016-08-14       0.0203995    0.01428     1.43  0.1537
II#2017-01-29    -0.000156552    0.01423  -0.0110  0.9912
II#2018-10-07      -0.0507372    0.01426    -3.56  0.0004
II#2018-12-30      -0.0343284    0.01440    -2.38  0.0174
D_brent_1     U    -0.0382475    0.01786    -2.14  0.0327
D_brent_2     U   -0.00323010    0.01891   -0.171  0.8645
D_brent_3     U    -0.0102635    0.01904   -0.539  0.5900
D_brent_4     U    -0.0119672    0.01906   -0.628  0.5303
D_brent_5     U    -0.0401381    0.01901    -2.11  0.0352
D_brent_6     U    0.00375199    0.01853    0.202  0.8397
D_brent_7     U    -0.0203939    0.01848    -1.10  0.2701
D_brent_8     U    -0.0150510    0.01787   -0.842  0.4001
D_lnCambio_1  U      0.119405    0.03894     3.07  0.0023
D_lnCambio_2  U   -0.00486089    0.03915   -0.124  0.9012
D_lnCambio_3  U     0.0551337    0.03860     1.43  0.1538
D_lnCambio_4  U    -0.0635145    0.03725    -1.71  0.0887
D_lnCambio_5  U    -0.0537386    0.03999    -1.34  0.1796
D_lnCambio_6  U     0.0197435    0.03748    0.527  0.5986
D_lnCambio_7  U    0.00565256    0.03842    0.147  0.8831
D_lnCambio_8  U     0.0391200    0.03753     1.04  0.2977
betaMacro_1   U    0.00873354   0.002388     3.66  0.0003
Constant      U    -0.0434616    0.01184    -3.67  0.0003
CSeasonal     U    0.00353972   0.005773    0.613  0.5400
CSeasonal_1   U    0.00160594   0.005753    0.279  0.7802
CSeasonal_2   U     0.0151084   0.005884     2.57  0.0105
CSeasonal_3   U    0.00694845   0.005740     1.21  0.2266
CSeasonal_4   U     0.0116486   0.005982     1.95  0.0520
CSeasonal_5   U    0.00621504   0.005936     1.05  0.2956
CSeasonal_6   U    0.00514364   0.005869    0.876  0.3812
CSeasonal_7   U     0.0141422   0.005615     2.52  0.0121
CSeasonal_8   U     0.0142258   0.005855     2.43  0.0154
CSeasonal_9   U     0.0133401   0.005811     2.30  0.0221
CSeasonal_10  U    0.00106240   0.005648    0.188  0.8509
CSeasonal_11  U    0.00990926   0.005652     1.75  0.0801
CSeasonal_12  U    0.00519386   0.005674    0.915  0.3603
CSeasonal_13  U    0.00412957   0.005749    0.718  0.4728
CSeasonal_14  U     0.0109538   0.005757     1.90  0.0576
CSeasonal_15  U  -0.000285344   0.005835  -0.0489  0.9610
CSeasonal_16  U    0.00368869   0.005764    0.640  0.5225
CSeasonal_17  U     0.0112136   0.005674     1.98  0.0486
CSeasonal_18  U     0.0167189   0.005746     2.91  0.0038
CSeasonal_19  U    0.00614954   0.005738     1.07  0.2843
CSeasonal_20  U     0.0111897   0.005814     1.92  0.0548
CSeasonal_21  U     0.0104890   0.005682     1.85  0.0654
CSeasonal_22  U    0.00898063   0.005833     1.54  0.1242
CSeasonal_23  U    0.00558760   0.005988    0.933  0.3511
CSeasonal_24  U     0.0100950   0.005966     1.69  0.0912
CSeasonal_25  U    0.00290131   0.005977    0.485  0.6276
CSeasonal_26  U    0.00395775   0.005978    0.662  0.5082
CSeasonal_27  U   -0.00197782   0.006110   -0.324  0.7463
CSeasonal_28  U     0.0142537   0.005909     2.41  0.0162
CSeasonal_29  U    0.00853427   0.005891     1.45  0.1480
CSeasonal_30  U    0.00559448   0.005805    0.964  0.3356
CSeasonal_31  U     0.0195801   0.005886     3.33  0.0009
CSeasonal_32  U     0.0189072   0.005810     3.25  0.0012
CSeasonal_33  U     0.0131150   0.005837     2.25  0.0250
CSeasonal_34  U   0.000385343   0.005854   0.0658  0.9475
CSeasonal_35  U     0.0169671   0.005713     2.97  0.0031
CSeasonal_36  U     0.0119828   0.005801     2.07  0.0393
CSeasonal_37  U     0.0143133   0.006105     2.34  0.0194
CSeasonal_38  U    0.00350283   0.006007    0.583  0.5600
CSeasonal_39  U    0.00366814   0.005895    0.622  0.5340
CSeasonal_40  U     0.0122921   0.006174     1.99  0.0470
CSeasonal_41  U    0.00432318   0.005873    0.736  0.4620
CSeasonal_42  U    0.00695885   0.005897     1.18  0.2385
CSeasonal_43  U    0.00345783   0.005882    0.588  0.5568
CSeasonal_44  U   0.000886053   0.006013    0.147  0.8829
CSeasonal_45  U    0.00965976   0.006278     1.54  0.1245
CSeasonal_46  U    0.00785249   0.005763     1.36  0.1736
CSeasonal_47  U    0.00912632   0.005866     1.56  0.1203
CSeasonal_48  U    0.00649375   0.005991     1.08  0.2789
CSeasonal_49  U     0.0156420   0.006256     2.50  0.0127
CSeasonal_50  U     0.0154441   0.005748     2.69  0.0074

sigma = 0.0135013   RSS = 0.1018969465

log-likelihood     3802.64631  -T/2log|Omega|     5831.72841
|Omega|        8.23302673e-08  log|Y'Y/T|        -15.2110927
R^2(LR)              0.667606  R^2(LM)               0.42321
no. of observations       715  no. of parameters         312

F-test on regressors except unrestricted: F(174,1116) = 4.71091 [0.0000] **
F-tests on retained regressors, F(2,558) =
II#2005-07-24       6.27102 [0.002]**II#2006-05-14       5.95639 [0.003]**
II#2006-05-21       7.81168 [0.000]**II#2007-08-12       5.42831 [0.005]**
II#2008-05-04       4.42981 [0.012]* II#2008-09-07       5.45842 [0.004]**
II#2008-09-14       3.18505 [0.042]* II#2008-09-21       8.79047 [0.000]**
II#2008-09-28       17.5260 [0.000]**II#2008-10-05       34.0303 [0.000]**
II#2008-10-12       25.1543 [0.000]**II#2008-10-19       4.36551 [0.013]* 
II#2008-10-26       11.2368 [0.000]**II#2008-11-09       6.03028 [0.003]**
II#2008-11-23       4.55521 [0.011]* II#2008-11-30       11.2318 [0.000]**
II#2008-12-21       8.20217 [0.000]**II#2008-12-28       6.40016 [0.002]**
II#2009-01-04       5.01073 [0.007]**II#2009-01-11       3.47669 [0.032]* 
II#2009-02-15       6.07032 [0.002]**II#2009-03-15       5.58274 [0.004]**
II#2009-03-29       6.45746 [0.002]**II#2009-05-03       4.17231 [0.016]* 
II#2009-07-05       8.46561 [0.000]**II#2010-05-16       5.75309 [0.003]**
II#2010-09-19     0.0491917 [0.952]  II#2010-10-10       1.07220 [0.343]  
II#2010-12-19      0.303846 [0.738]  II#2010-12-26     0.0638986 [0.938]  
II#2011-01-09       2.29516 [0.102]  II#2011-01-23     0.0725780 [0.930]  
II#2011-02-13     0.0191933 [0.981]  II#2011-03-13     0.0872741 [0.916]  
II#2011-03-27      0.145921 [0.864]  II#2011-04-17      0.104496 [0.901]  
II#2011-04-24      0.192967 [0.825]  II#2011-05-01       1.19352 [0.304]  
II#2011-05-08      0.267624 [0.765]  II#2011-05-29       2.24650 [0.107]  
II#2011-06-05      0.378942 [0.685]  II#2011-07-10      0.625604 [0.535]  
II#2011-07-17      0.171556 [0.842]  II#2011-07-24     0.0558176 [0.946]  
II#2011-08-21      0.276285 [0.759]  II#2011-09-18       9.70179 [0.000]**
II#2011-10-02      0.181743 [0.834]  II#2011-10-09       3.83646 [0.022]* 
II#2011-10-23      0.652847 [0.521]  II#2011-11-20       2.38242 [0.093]  
II#2011-12-18      0.134265 [0.874]  II#2012-01-01       1.73498 [0.177]  
II#2012-01-08       1.60382 [0.202]  II#2012-02-12     0.0650194 [0.937]  
II#2012-02-26     0.0499614 [0.951]  II#2012-03-04       2.29679 [0.102]  
II#2012-03-25      0.199516 [0.819]  II#2012-05-27       3.50466 [0.031]* 
II#2012-06-03      0.197272 [0.821]  II#2012-08-12     0.0916192 [0.912]  
II#2012-09-09      0.137802 [0.871]  II#2012-09-23      0.347450 [0.707]  
II#2012-09-30     0.0783832 [0.925]  II#2012-10-28     0.0298237 [0.971]  
II#2012-11-11      0.192269 [0.825]  II#2012-11-25     0.0805970 [0.923]  
II#2012-12-16      0.188615 [0.828]  II#2012-12-23      0.187664 [0.829]  
II#2014-10-05       4.00602 [0.019]* II#2015-02-01       20.0780 [0.000]**
II#2015-03-08       9.42781 [0.000]**II#2015-05-03       5.02071 [0.007]**
II#2015-08-30       15.0979 [0.000]**II#2015-09-06       5.24947 [0.006]**
II#2015-09-20       5.82191 [0.003]**II#2015-11-01       4.14522 [0.016]* 
II#2015-12-06       5.48112 [0.004]**II#2016-01-10       9.97666 [0.000]**
II#2016-01-24       6.94637 [0.001]**II#2016-02-07       5.75648 [0.003]**
II#2016-02-28       2.52072 [0.081]  II#2016-03-06       6.65493 [0.001]**
II#2016-04-10       6.48403 [0.002]**II#2016-08-14       7.02383 [0.001]**
II#2017-01-29     0.0809266 [0.922]  II#2018-10-07       7.47899 [0.001]**
II#2018-12-30       7.56104 [0.001]**   D_brent_1 U     32.5460 [0.000]**
   D_brent_2 U    0.211911 [0.809]     D_brent_3 U     3.46817 [0.032]* 
   D_brent_4 U     2.36635 [0.095]     D_brent_5 U     4.87860 [0.008]**
   D_brent_6 U    0.207824 [0.812]     D_brent_7 U     1.80107 [0.166]  
   D_brent_8 U    0.356492 [0.700]  D_lnCambio_1 U     8.69873 [0.000]**
D_lnCambio_2 U    0.375307 [0.687]  D_lnCambio_3 U     2.88838 [0.056]  
D_lnCambio_4 U     1.46288 [0.232]  D_lnCambio_5 U     4.32317 [0.014]* 
D_lnCambio_6 U    0.192579 [0.825]  D_lnCambio_7 U   0.0238558 [0.976]  
D_lnCambio_8 U     2.74996 [0.065]   betaMacro_1 U     10.5120 [0.000]**
    Constant U     10.5791 [0.000]**   CSeasonal U    0.187827 [0.829]  
 CSeasonal_1 U    0.825346 [0.439]   CSeasonal_2 U     3.29205 [0.038]* 
 CSeasonal_3 U     1.44686 [0.236]   CSeasonal_4 U     2.17849 [0.114]  
 CSeasonal_5 U     2.25152 [0.106]   CSeasonal_6 U    0.629016 [0.533]  
 CSeasonal_7 U     3.17105 [0.043]*  CSeasonal_8 U     2.95026 [0.053]  
 CSeasonal_9 U     3.09639 [0.046]* CSeasonal_10 U    0.162764 [0.850]  
CSeasonal_11 U     3.17135 [0.043]* CSeasonal_12 U    0.558148 [0.573]  
CSeasonal_13 U    0.257760 [0.773]  CSeasonal_14 U     2.19956 [0.112]  
CSeasonal_15 U    0.385983 [0.680]  CSeasonal_16 U    0.524849 [0.592]  
CSeasonal_17 U     2.14792 [0.118]  CSeasonal_18 U     6.20595 [0.002]**
CSeasonal_19 U    0.585762 [0.557]  CSeasonal_20 U     2.77877 [0.063]  
CSeasonal_21 U     2.37925 [0.094]  CSeasonal_22 U     1.59334 [0.204]  
CSeasonal_23 U    0.588243 [0.556]  CSeasonal_24 U     2.70016 [0.068]  
CSeasonal_25 U     1.35742 [0.258]  CSeasonal_26 U    0.275464 [0.759]  
CSeasonal_27 U    0.772821 [0.462]  CSeasonal_28 U     3.45730 [0.032]* 
CSeasonal_29 U     1.85449 [0.157]  CSeasonal_30 U    0.655230 [0.520]  
CSeasonal_31 U     5.98929 [0.003]**CSeasonal_32 U     5.44820 [0.005]**
CSeasonal_33 U     3.15980 [0.043]* CSeasonal_34 U   0.0650051 [0.937]  
CSeasonal_35 U     5.19462 [0.006]**CSeasonal_36 U     2.93119 [0.054]  
CSeasonal_37 U     3.03633 [0.049]* CSeasonal_38 U    0.386133 [0.680]  
CSeasonal_39 U     1.38542 [0.251]  CSeasonal_40 U     4.48684 [0.012]* 
CSeasonal_41 U     1.07487 [0.342]  CSeasonal_42 U    0.718221 [0.488]  
CSeasonal_43 U    0.236036 [0.790]  CSeasonal_44 U    0.279322 [0.756]  
CSeasonal_45 U     1.22721 [0.294]  CSeasonal_46 U     1.78085 [0.169]  
CSeasonal_47 U     1.56416 [0.210]  CSeasonal_48 U    0.655728 [0.519]  
CSeasonal_49 U     3.88738 [0.021]* CSeasonal_50 U     3.66502 [0.026]* 

correlation of URF residuals (standard deviations on diagonal)
                   D_brent   D_lnCambio
D_brent           0.028353     -0.28432
D_lnCambio        -0.28432     0.013501
correlation between actual and fitted
      D_brent   D_lnCambio
      0.72693      0.73151

Single equation statistics
                   mean(Y)        se(Y)        sigma          R^2
D_brent         5.4909e-05     0.036533     0.028353      0.52842
D_lnCambio      0.00055022     0.017521     0.013501      0.53510

Vector AR 1-7 test:      F(28,1088)=   1.4263 [0.0705]  
Vector Normality test:   Chi^2(4)  =   8.2491 [0.0829]  
Vector Hetero test:      F(255,1620)=   1.1713 [0.0433]* 
Vector Chow test:        F(428,688)=   1.1497 [0.0530]   for break after 2014-11-23


---------- Autometrics: dimensions of initial GUM ----------
no. of observations       715  no. of parameters         312
no. free regressors (k1)   87  no. free components (k2)    0
no. of equations            2  no. diagnostic tests        4

Fixed regressors:  D_brent_1 D_brent_2 D_brent_3 D_brent_4 D_brent_5 D_brent_6 D_brent_7 D_brent_8 D_lnCambio_1
 D_lnCambio_2 D_lnCambio_3 D_lnCambio_4 D_lnCambio_5 D_lnCambio_6 D_lnCambio_7 D_lnCambio_8 betaMacro_1
 Constant CSeasonal CSeasonal_1 ... CSeasonal_50

Presearch reduction: none removed

[0.3] Testing GUM 0 at 0.114127:  LRF(174) [0.0000] kept

[1.0] Start of Autometrics tree search

Searching from GUM 0  k=  87 loglik=     3802.65
Found new terminal 1  k=  60 loglik=     3789.21 SC=   -8.2277
Found new terminal 2  k=  65 loglik=     3784.69 SC=   -8.1231
Found new terminal 3  k=  69 loglik=     3779.42 SC=   -8.0348
Found new terminal 4  k=  61 loglik=     3779.44 SC=   -8.1819
Found new terminal 5  k=  65 loglik=     3786.67 SC=   -8.1286
Found new terminal 6  k=  65 loglik=     3785.48 SC=   -8.1253
Found new terminal 7  k=  70 loglik=     3786.78 SC=   -8.0370
Found new terminal 8  k=  57 loglik=     3786.41 SC=   -8.2750
Found new terminal 9  k=  72 loglik=     3787.57 SC=   -8.0025
Found new terminal 10 k=  53 loglik=     3784.28 SC=   -8.3425
Found new terminal 11 k=  66 loglik=     3779.25 SC=   -8.0895

Searching for contrasting terminals in terminal paths
Found new terminal 12 k=  60 loglik=     3788.57 SC=   -8.2259
Found new terminal 13 k=  64 loglik=     3786.85 SC=   -8.1475
Found new terminal 14 k=  64 loglik=     3786.98 SC=   -8.1479
Found new terminal 15 k=  64 loglik=     3786.94 SC=   -8.1478
Found new terminal 16 k=  63 loglik=     3787.06 SC=   -8.1665
Found new terminal 17 k=  63 loglik=     3787.15 SC=   -8.1667
Found new terminal 18 k=  70 loglik=     3780.44 SC=   -8.0193

Encompassing test against GUM 0 removes: none

p-values in GUM 1 and saved terminal candidate model(s)
                     GUM 1  terminal 1  terminal 2  terminal 3  terminal 4  terminal 5  terminal 6  terminal 7  terminal 8  terminal 9 terminal 10 terminal 11 terminal 12 terminal 13 terminal 14 terminal 15 terminal 16 terminal 17 terminal 18
II#2005-07-24   0.00181923  0.00162368  0.00148325  0.00191645  0.00113226  0.00146908  0.00187257  0.00193260  0.00139655  0.00169950  0.00133704  0.00107199  0.00139945  0.00145247  0.00145607  0.00145418  0.00145036  0.00144861  0.00192383
II#2006-05-14   0.00298624  0.00252972  0.00297061  0.00322467  0.00265378  0.00267822  0.00300515  0.00312977  0.00276680  0.00252406  0.00264788  0.00221551  0.00267628  0.00284091  0.00284138  0.00284562  0.00284509  0.00290011  0.00323166
II#2006-05-21   0.00049514  0.00037624  0.00039897  0.00043427  0.00048196  0.00047665  0.00042293  0.00044592  0.00036403  0.00037254  0.00033467  0.00047466  0.00037442  0.00039564  0.00039297  0.00039016  0.00038651  0.00038798  0.00043547
II#2007-08-12   0.00496575  0.00432037  0.00434781  0.00524692  0.00404187  0.00428736  0.00464965  0.00453213  0.00403714  0.00595860  0.00398131  0.00405027  0.00415477  0.00433310  0.00432500  0.00429730  0.00423665  0.00421901  0.00528357
II#2008-05-04   0.00774086  0.00669369  0.00764095  0.00745725  0.00734278  0.00696817  0.00709282  0.00729824  0.01260498  0.00792038           .  0.00900227  0.00682044  0.00759860  0.00763789  0.00762910  0.00748859  0.00748148  0.00781554
II#2008-09-07   0.00471118  0.00379171  0.00435637  0.00506058  0.00428176  0.00431026  0.00392916  0.00518430  0.00405493  0.00456160  0.00357830  0.00379506  0.00382777  0.00405724  0.00406233  0.00407295  0.00405778  0.00402353  0.00497065
II#2008-09-14   0.04352578  0.03470140  0.04318121  0.04156063           .  0.03901641  0.03413422  0.03879412  0.03577361  0.05081011  0.03572948  0.02996984  0.03704500  0.04281209  0.04287787  0.04291427  0.04198838  0.04171375  0.04221758
II#2008-09-21   0.00017098  0.00010160  0.00014403  0.00017028  0.00009170  0.00013425  0.00011210  0.00015025  0.00011186  0.00013877  0.00010800  0.00020876  0.00011038  0.00013525  0.00013533  0.00013557  0.00012578  0.00012825  0.00014726
II#2008-09-28   0.00000003  0.00000002  0.00000002  0.00000002  0.00000005  0.00000002  0.00000002  0.00000003  0.00000003  0.00000004  0.00000002  0.00000003  0.00000002  0.00000003  0.00000003  0.00000003  0.00000002  0.00000002  0.00000002
II#2008-10-05   0.00000000  0.00000000  0.00000000  0.00000000  0.00000000  0.00000000  0.00000000  0.00000000  0.00000000  0.00000000  0.00000000  0.00000000  0.00000000  0.00000000  0.00000000  0.00000000  0.00000000  0.00000000  0.00000000
II#2008-10-12   0.00000000  0.00000000  0.00000000  0.00000000  0.00000000  0.00000000  0.00000000  0.00000000  0.00000000  0.00000000  0.00000000  0.00000000  0.00000000  0.00000000  0.00000000  0.00000000  0.00000000  0.00000000  0.00000000
II#2008-10-19   0.01599414  0.01328317  0.01411350  0.01153949  0.02038039  0.01281870  0.01227013  0.00972164  0.01358341           .  0.01378370  0.01531943  0.01554847  0.01550894  0.01569495  0.01551136  0.01428612  0.01360685  0.01259477
II#2008-10-26   0.00002225  0.00001925  0.00002961  0.00004474  0.00001582  0.00003081  0.00002811  0.00001972  0.00001195  0.00002151  0.00001343  0.00002103  0.00002110  0.00002272  0.00002215  0.00002314  0.00002295  0.00002091  0.00004708
II#2008-11-09   0.00262602  0.00230887  0.00170747  0.00286366  0.00389154  0.00200439  0.00213599  0.00154129  0.00158355  0.00215295  0.00236945  0.00114406  0.00177779  0.00165899  0.00169642  0.00170060  0.00175030  0.00172313  0.00261032
II#2008-11-23   0.01130240  0.00913557  0.01155779  0.00924371  0.00564639  0.01012069  0.01003894  0.01052658  0.00757711  0.00884784  0.00907158           .  0.00964252  0.01064840  0.01063556  0.01052177  0.01019548  0.01009833  0.00752278
II#2008-11-30   0.00001697  0.00001363  0.00001264  0.00000513  0.00002734  0.00001550  0.00001308  0.00000684  0.00002285  0.00001575  0.00001593  0.00002879  0.00001711  0.00001458  0.00001441  0.00001573  0.00001294  0.00001394  0.00001116
II#2008-12-21   0.00029567  0.00016573  0.00019974  0.00022284  0.00019502  0.00019461  0.00023168  0.00024876  0.00013639  0.00017154  0.00014508  0.00023395  0.00014820  0.00015923  0.00015639  0.00015681  0.00015849  0.00015524  0.00029307
II#2008-12-28   0.00194832  0.00133857  0.00136383  0.00171767  0.00180639  0.00143974  0.00148770  0.00143513  0.00094611  0.00143600  0.00106070  0.00127952  0.00132312  0.00138116  0.00134588  0.00149216  0.00132812  0.00137886  0.00148475
II#2009-01-04   0.00615842  0.00516882  0.00904402  0.00519585  0.00537661  0.00626265  0.00513441  0.00675629  0.00793027  0.00892748  0.00599612           .  0.00615228  0.00883868  0.00883621  0.00872746  0.00832988  0.00825433  0.00741623
II#2009-01-11   0.02351065  0.02123051  0.02213256  0.01545349           .  0.02977044  0.02246783  0.01697130  0.02353014  0.02647933  0.02240763           .  0.02276137  0.02256987  0.02257169  0.02244394  0.02220052  0.02217965  0.01999376
II#2009-02-15   0.00233027  0.00174694  0.00248888  0.00261409  0.00183896  0.00180954  0.00176642  0.00197337  0.00119453  0.00242766  0.00195061  0.00123507  0.00197191  0.00246340  0.00249103  0.00249612  0.00244679  0.00244068  0.00242217
II#2009-03-15   0.00443449  0.00298407  0.00384235  0.00446091  0.00474528  0.00369761  0.00330816  0.00398691  0.00296546  0.00386109  0.00263613  0.00316922  0.00320322  0.00348307  0.00345272  0.00348906  0.00355363  0.00361230  0.00441746
II#2009-03-29   0.00163042  0.00155778  0.00165899  0.00114288  0.00309085  0.00185251  0.00158083  0.00153772  0.00198173  0.00142835  0.00170802  0.00333153  0.00154052  0.00167693  0.00159355  0.00157938  0.00161874  0.00163273  0.00149120
II#2009-05-03   0.00937544  0.00771428  0.00874690  0.00753390  0.00938858  0.00891828  0.00821454  0.00965027           .  0.00797802  0.01500037  0.01160499  0.00838501  0.00868207  0.00861419  0.00865574  0.00847187  0.00864591  0.00858063
II#2009-07-05   0.00022595  0.00017415  0.00022812  0.00020400  0.00016420  0.00018501  0.00018284  0.00021153  0.00017892  0.00023352  0.00020156  0.00045177  0.00020481  0.00023130  0.00022960  0.00022691  0.00021968  0.00021639  0.00019927
II#2010-05-16   0.00330006  0.00285047  0.00317591  0.00316521  0.00297775  0.00303040  0.00284131  0.00297619  0.00280189  0.00372828  0.00303803  0.00281865  0.00304979  0.00332078  0.00332776  0.00332239  0.00320440  0.00317865  0.00317443
II#2010-09-19   0.95045608           .  0.94901585           .           .           .           .           .           .  0.92893965           .           .  0.94751360  0.94927622  0.94917428  0.94973043           .           .           .
II#2010-10-10   0.34292727  0.32582306           .  0.32595165  0.32237713  0.29504970  0.43163467  0.33409504  0.33046914  0.34517187  0.33407455  0.34784887           .           .           .           .           .           .  0.33180425
II#2010-12-19   0.72814046  0.77263193           .  0.70498294  0.80277437  0.75481136  0.71915395  0.73368926  0.79283359  0.75350494           .  0.73180729           .           .           .           .           .           .  0.72923771
II#2010-12-26   0.93795428           .           .           .           .           .           .           .           .           .           .           .           .           .           .  0.94332056           .           .           .
II#2011-01-09   0.08845830  0.08475668  0.08619519           .  0.08810910  0.08417730  0.08675050  0.08569036  0.08343332  0.08143071  0.08290122  0.08068601  0.08428661  0.08521571  0.08506983  0.08502349  0.08480820  0.08486112           .
II#2011-01-23   0.93103752           .  0.92595855           .           .           .           .           .           .  0.92541105           .           .  0.92935935  0.92706852  0.92698226  0.92657837  0.92567068  0.92550907  0.92544211
II#2011-03-13   0.91420359           .  0.91801325  0.91115233           .           .           .  0.91318568           .  0.91447385           .           .  0.91739051  0.91793442  0.91835503  0.91863896  0.91796565  0.91873941  0.90635535
II#2011-03-27   0.86656096           .  0.87504995  0.85390231           .  0.87550571           .  0.86274479           .  0.86948404           .           .           .           .  0.87528583  0.87496834  0.87525990  0.87493975  0.86261228
II#2011-04-17   0.89246307           .  0.88991007  0.87947245           .           .           .  0.88959418           .  0.90518190           .  0.85075878           .  0.89649632  0.89623356  0.89558412  0.89309343  0.89362333  0.88260899
II#2011-04-24   0.82552475           .           .  0.81457741  0.83227203  0.81884031  0.82367565  0.81820970           .  0.82415677           .  0.81653984           .           .           .           .           .           .  0.82559059
II#2011-05-08   0.76769959  0.75823775           .  0.77494600  0.77428181  0.77816365  0.75662959  0.77365308           .  0.75198723           .  0.80133270           .           .           .           .           .           .  0.77508124
II#2011-06-05   0.67620693  0.67208587           .  0.67357000  0.69230979  0.67153216  0.67473306  0.64067782  0.65188899  0.67211224  0.64589981  0.68002898           .           .           .           .           .           .  0.63589244
II#2011-07-10   0.52362576  0.52190913           .  0.54453003  0.52023033  0.52299448  0.53019461  0.53324584  0.51412690  0.47357536           .  0.52547634           .           .           .           .           .           .  0.53612941
II#2011-07-24   0.94286085           .  0.93991016           .           .           .           .           .           .  0.92913820           .           .  0.94265669  0.94303231  0.94314797  0.94242307  0.94197558           .  0.93371601
II#2011-08-21   0.75626457  0.75354169           .  0.75558564  0.75414128  0.75094921  0.75820986  0.74136500  0.75310372  0.78646197           .  0.75724996           .           .           .           .           .           .  0.75602464
II#2011-09-18   0.00006904  0.00005271  0.00006244  0.00006141  0.00009045  0.00007674  0.00005243  0.00007019  0.00006176  0.00008057  0.00004884  0.00008090  0.00005714  0.00005999  0.00005999  0.00006052  0.00006000  0.00005914  0.00006318
II#2011-10-02   0.82069646           .  0.84592595  0.80494499  0.84501037  0.82599720  0.81806802  0.81475034           .           .           .  0.90732751           .           .           .           .  0.84915366  0.84763324  0.80711425
II#2011-10-09   0.02315290  0.02027230  0.02058541  0.02203362  0.03007429           .  0.02734196  0.02049993  0.02113071  0.01944035  0.01925359  0.03128418  0.01895665  0.01992797  0.01986595  0.02001374  0.02005087  0.02001297  0.02355658
II#2011-10-23   0.50748113  0.51703287           .  0.51403570  0.51093801  0.54602023  0.49470521  0.50384735  0.51442338  0.53145952  0.51968494  0.58631661           .           .           .           .           .           .  0.51561418
II#2011-11-20   0.09887067  0.09339306  0.09688704           .  0.08467551  0.09792396  0.09636872  0.10152414  0.08910861  0.10182337  0.08892655  0.06169632  0.09019878  0.09222783  0.09213765  0.09217485  0.09189235  0.09174138           .
II#2011-12-18   0.87378194           .  0.90483115  0.84747192           .           .  0.86687646  0.86367500           .  0.89283948           .  0.86056119           .  0.92677054  0.92639647  0.92574530  0.92450815  0.92339706  0.87128474
II#2012-01-01   0.17404147  0.16291852           .  0.18344448  0.15948439  0.17044556  0.16664989  0.17815941  0.15828543           .  0.17248027  0.21360591  0.16395809           .           .           .           .           .           .
II#2012-02-12   0.93937145           .  0.93573257  0.93103686           .           .           .           .           .           .           .           .  0.93820166  0.93836359  0.93848601  0.93786856  0.93731029  0.93645442           .
II#2012-02-26   0.94908843           .           .           .           .           .           .           .           .           .           .           .           .  0.95338790  0.95390774  0.95411963           .  0.95401025           .
II#2012-03-04   0.10229820  0.09595578           .           .  0.09637032           .  0.09960810           .  0.09270096  0.09749156  0.09262011  0.10905822  0.09633220  0.09793023  0.09826712  0.09853680  0.09863653  0.09815173           .
II#2012-03-25   0.81545674           .           .  0.82203086           .           .           .  0.81495375           .           .           .  0.87619882           .           .           .           .           .           .  0.81507686
II#2012-05-27   0.04467399           .  0.04303381           .  0.03876009  0.04335504           .  0.04487830  0.03887208  0.03666063  0.03917855  0.04177247  0.04046639  0.04118558  0.04107122  0.04116145  0.04140530  0.04116513           .
II#2012-06-03   0.81898135  0.82085440           .  0.81313080  0.80042378  0.80817545  0.82184405           .           .  0.81858854           .  0.79232892           .           .           .           .           .           .           .
II#2012-08-12   0.90773209           .  0.90846237  0.92657200           .  0.90236537  0.91358492  0.90944707           .  0.89927383           .           .  0.90603607  0.90439233  0.90558529  0.90532303  0.90496751  0.90554067  0.92307969
II#2012-09-09   0.87720936           .  0.87508563  0.88793771  0.66448521           .           .           .           .  0.87773553           .           .           .  0.87408511  0.87532400  0.87545610  0.87710102  0.87603197  0.88373309
II#2012-09-23   0.70699289  0.70228269           .  0.69686272  0.71538245  0.70178944  0.69702794  0.70544108  0.70303565  0.69134894           .  0.67150792           .           .           .           .           .           .  0.71376872
II#2012-09-30   0.92560300           .  0.91768349           .           .           .           .           .           .  0.93513635           .           .  0.92719433  0.92931663  0.92857724  0.92861686  0.91737034  0.91800206  0.92727100
II#2012-10-28   0.96979783           .           .           .           .           .           .           .           .           .           .           .           .  0.97189030           .           .           .           .           .
II#2012-11-11   0.82054167  0.81453344           .  0.82435394  0.80614041  0.81534065  0.81897040  0.81608696           .  0.81412389           .  0.83191055           .           .           .           .           .           .  0.81261289
II#2012-11-25   0.91968058           .  0.91791299           .           .           .           .  0.92206720           .           .           .           .  0.91185473  0.91495376  0.91506892           .  0.91616823           .           .
II#2012-12-16   0.82732214           .  0.85462927  0.82223307           .  0.84992540  0.82200801  0.82313834           .  0.82464231           .  0.82307497           .           .           .           .           .           .  0.82144406
II#2012-12-23   0.83409766           .  0.83629375  0.83630212           .  0.83821394  0.83767865  0.83225187           .           .           .  0.81452038           .           .           .           .           .  0.83767875  0.83766482
II#2014-10-05   0.01924308  0.01787623  0.02248962  0.02055417  0.01749995  0.02289252           .  0.01786083  0.01634738  0.01788958  0.01656577  0.01866336  0.02104269  0.02189126  0.02198304  0.02209545  0.02195101  0.02209586  0.01992377
II#2015-02-01   0.00000000  0.00000000  0.00000000  0.00000000  0.00000000  0.00000000  0.00000000  0.00000000  0.00000000  0.00000000  0.00000000  0.00000000  0.00000000  0.00000000  0.00000000  0.00000000  0.00000000  0.00000000  0.00000000
II#2015-03-08   0.00008591  0.00005739  0.00007709  0.00007334  0.00008732  0.00005415  0.00005993  0.00011351  0.00006248  0.00007593  0.00006329  0.00007888  0.00006492  0.00007561  0.00007572  0.00007467  0.00007061  0.00007188  0.00007836
II#2015-05-03   0.00743572  0.00674023  0.00692893  0.00841670  0.00625542  0.00674621  0.00820054  0.00634286  0.00694135  0.00701182  0.00696158  0.00522950  0.00673698  0.00700265  0.00700249  0.00697509  0.00698575  0.00704992  0.00819292
II#2015-08-30   0.00000043  0.00000025  0.00000030  0.00000035  0.00000028  0.00000028  0.00000034  0.00000031  0.00000025  0.00000033  0.00000023  0.00000032  0.00000027  0.00000030  0.00000029  0.00000029  0.00000028  0.00000029  0.00000036
II#2015-09-06   0.00545564  0.00385484  0.00453663  0.00496669           .  0.00416777  0.00394625  0.00394965  0.00372356  0.00481398  0.00382316  0.00218110  0.00371457  0.00450249  0.00449742  0.00455039  0.00455230  0.00457837  0.00493598
II#2015-09-20   0.00281781  0.00253825  0.00257998  0.00237791  0.00196592  0.00214313  0.00227205  0.00264637  0.00237793  0.00344372  0.00248475  0.00139704  0.00284870  0.00285980  0.00284371  0.00283155  0.00274926  0.00272032  0.00240904
II#2015-11-01   0.01408581  0.01246254  0.01420176  0.01692414  0.00960992  0.01312096  0.01338334           .  0.01349969  0.00952406  0.01195463  0.01138929  0.01186722  0.01285975  0.01289272  0.01298264  0.01310109  0.01322204  0.01584673
II#2015-12-06   0.00438383  0.00375877  0.00416045  0.00418029  0.00359497  0.00374700  0.00426206  0.00409835  0.00368892  0.00478201  0.00376738  0.00367044  0.00374894  0.00391721  0.00396409  0.00397600  0.00394781  0.00392738  0.00437558
II#2016-01-10   0.00005100  0.00003903  0.00004648  0.00006225  0.00004097  0.00003914  0.00005248  0.00004255  0.00003606  0.00004880  0.00004249  0.00004779  0.00003898  0.00004369  0.00004498  0.00004533  0.00004427  0.00004421  0.00005278
II#2016-01-24   0.00099840  0.00074636  0.00091214  0.00104256  0.00070498  0.00088231  0.00087091  0.00088745  0.00086170  0.00109822  0.00080084  0.00139189  0.00074893  0.00090928  0.00091254  0.00091062  0.00089499  0.00091230  0.00093779
II#2016-02-07   0.00281539  0.00225975  0.00278869  0.00245287  0.00228565  0.00236463  0.00226335  0.00245595  0.00248587  0.00253213  0.00261520  0.00171835  0.00253141  0.00268871  0.00273085  0.00275866  0.00271073  0.00270359  0.00286339
II#2016-02-28   0.07904519  0.07066835  0.07162669           .  0.05840458  0.06612526  0.07884812  0.07970042  0.06135028  0.07980374  0.07109007  0.06632799  0.06682128  0.07541467  0.07629958  0.07699318  0.07663452  0.07714317  0.07653587
II#2016-03-06   0.00164354  0.00115515  0.00138833  0.00166353  0.00206596  0.00157367  0.00125941  0.00177548  0.00127351  0.00212480  0.00099812  0.00217706  0.00117300  0.00125017  0.00125015  0.00125624  0.00126021  0.00124240  0.00160436
II#2016-04-10   0.00173801  0.00145193  0.00149345  0.00181746  0.00222159  0.00162173  0.00153917  0.00171026  0.00148952  0.00199392  0.00142618  0.00171107  0.00132717  0.00140779  0.00140894  0.00142352  0.00140429  0.00139997  0.00192172
II#2016-08-14   0.00093232  0.00081976  0.00109394  0.00110277  0.00081909  0.00083611  0.00103017  0.00085234  0.00074051  0.00086240  0.00087728  0.00074624  0.00095044  0.00102529  0.00102889  0.00102859  0.00101961  0.00101831  0.00102871
II#2017-01-29   0.92132156           .  0.92988676  0.92373014           .           .           .  0.92151103           .  0.92722730           .  0.88371934  0.92291333  0.92685912  0.92776288  0.92883782  0.92818799  0.92801937  0.92449430
II#2018-10-07   0.00062018  0.00052951  0.00059424  0.00063346  0.00057604  0.00058493  0.00055646  0.00072927  0.00047461  0.00028814  0.00045903  0.00058430  0.00053630  0.00055334  0.00055144  0.00054760  0.00054357  0.00053174  0.00064885
II#2018-12-30   0.00069870  0.00055447  0.00063211  0.00100115  0.00030508  0.00062070  0.00058764  0.00066939  0.00061080  0.00057335  0.00060576  0.00060918  0.00056751  0.00063730  0.00063946  0.00064219  0.00062676  0.00063359  0.00092445
k                       82          60          65          69          61          65          65          70          57          72          53          66          60          64          64          64          63          63          70
parameters             302         258         268         276         260         268         268         278         252         282         244         270         258         266         266         266         264         264         278
loglik              3796.0      3789.2      3784.7      3779.4      3779.4      3786.7      3785.5      3786.8      3786.4      3787.6      3784.3      3779.3      3788.6      3786.8      3787.0      3786.9      3787.1      3787.1      3780.4
AIC                -9.7734     -9.8775     -9.8369     -9.7998     -9.8446     -9.8424     -9.8391     -9.8148     -9.8865     -9.8058     -9.9029     -9.8161     -9.8757     -9.8485     -9.8489     -9.8488     -9.8547     -9.8550     -9.7970
HQ                 -9.0276     -9.2404     -9.1750     -9.1182     -9.2025     -9.1806     -9.1773     -9.1282     -9.2641     -9.1094     -9.3003     -9.1493     -9.2386     -9.1916     -9.1920     -9.1919     -9.2027     -9.2030     -9.1105
SC                 -7.8422     -8.2277     -8.1231     -8.0348     -8.1819     -8.1286     -8.1253     -8.0370     -8.2750     -8.0025     -8.3425     -8.0895     -8.2259     -8.1475     -8.1479     -8.1478     -8.1665     -8.1667     -8.0193

Searching from GUM 1  k=  82 loglik=     3796.00 LRF_GUM0( 5) [0.4056]
Recalling terminal 1  k=  60 loglik=     3789.21 SC=   -8.2277
Recalling terminal 2  k=  65 loglik=     3784.69 SC=   -8.1231
Recalling terminal 3  k=  69 loglik=     3779.42 SC=   -8.0348
Recalling terminal 4  k=  61 loglik=     3779.44 SC=   -8.1819
Recalling terminal 5  k=  65 loglik=     3786.67 SC=   -8.1286
Recalling terminal 6  k=  65 loglik=     3785.48 SC=   -8.1253
Recalling terminal 7  k=  70 loglik=     3786.78 SC=   -8.0370
Recalling terminal 8  k=  57 loglik=     3786.41 SC=   -8.2750
Recalling terminal 9  k=  72 loglik=     3787.57 SC=   -8.0025
Recalling terminal 10 k=  53 loglik=     3784.28 SC=   -8.3425
Recalling terminal 11 k=  66 loglik=     3779.25 SC=   -8.0895
Recalling terminal 12 k=  60 loglik=     3788.57 SC=   -8.2259
Recalling terminal 13 k=  64 loglik=     3786.85 SC=   -8.1475
Recalling terminal 14 k=  64 loglik=     3786.98 SC=   -8.1479
Recalling terminal 15 k=  64 loglik=     3786.94 SC=   -8.1478
Recalling terminal 16 k=  63 loglik=     3787.06 SC=   -8.1665
Recalling terminal 17 k=  63 loglik=     3787.15 SC=   -8.1667
Recalling terminal 18 k=  70 loglik=     3780.44 SC=   -8.0193

Searching for contrasting terminals in terminal paths
Found new terminal 19 k=  65 loglik=     3787.51 SC=   -8.1310
Found new terminal 20 k=  70 loglik=     3782.95 SC=   -8.0263
Maximum number of terminal candidates reached

[2.0] Selection of final model from terminal candidates: terminal 10

p-values in Final GUM and terminal model(s)
                 Final GUM  terminal 1  terminal 2  terminal 3  terminal 4  terminal 5  terminal 6  terminal 7  terminal 8  terminal 9 terminal 10 terminal 11 terminal 12 terminal 13 terminal 14 terminal 15 terminal 16 terminal 17 terminal 18 terminal 19 terminal 20
II#2005-07-24   0.00181923  0.00162368  0.00148325  0.00191645  0.00113226  0.00146908  0.00187257  0.00193260  0.00139655  0.00169950  0.00133704  0.00107199  0.00139945  0.00145247  0.00145607  0.00145418  0.00145036  0.00144861  0.00192383  0.00145804  0.00165123
II#2006-05-14   0.00298624  0.00252972  0.00297061  0.00322467  0.00265378  0.00267822  0.00300515  0.00312977  0.00276680  0.00252406  0.00264788  0.00221551  0.00267628  0.00284091  0.00284138  0.00284562  0.00284509  0.00290011  0.00323166  0.00290587  0.00344491
II#2006-05-21   0.00049514  0.00037624  0.00039897  0.00043427  0.00048196  0.00047665  0.00042293  0.00044592  0.00036403  0.00037254  0.00033467  0.00047466  0.00037442  0.00039564  0.00039297  0.00039016  0.00038651  0.00038798  0.00043547  0.00039807  0.00043660
II#2007-08-12   0.00496575  0.00432037  0.00434781  0.00524692  0.00404187  0.00428736  0.00464965  0.00453213  0.00403714  0.00595860  0.00398131  0.00405027  0.00415477  0.00433310  0.00432500  0.00429730  0.00423665  0.00421901  0.00528357  0.00428081  0.00501529
II#2008-05-04   0.00774086  0.00669369  0.00764095  0.00745725  0.00734278  0.00696817  0.00709282  0.00729824  0.01260498  0.00792038           .  0.00900227  0.00682044  0.00759860  0.00763789  0.00762910  0.00748859  0.00748148  0.00781554  0.00769688  0.00784201
II#2008-09-07   0.00471118  0.00379171  0.00435637  0.00506058  0.00428176  0.00431026  0.00392916  0.00518430  0.00405493  0.00456160  0.00357830  0.00379506  0.00382777  0.00405724  0.00406233  0.00407295  0.00405778  0.00402353  0.00497065  0.00403228  0.00485479
II#2008-09-14   0.04352578  0.03470140  0.04318121  0.04156063           .  0.03901641  0.03413422  0.03879412  0.03577361  0.05081011  0.03572948  0.02996984  0.03704500  0.04281209  0.04287787  0.04291427  0.04198838  0.04171375  0.04221758  0.04236757  0.04500536
II#2008-09-21   0.00017098  0.00010160  0.00014403  0.00017028  0.00009170  0.00013425  0.00011210  0.00015025  0.00011186  0.00013877  0.00010800  0.00020876  0.00011038  0.00013525  0.00013533  0.00013557  0.00012578  0.00012825  0.00014726  0.00012586  0.00016051
II#2008-09-28   0.00000003  0.00000002  0.00000002  0.00000002  0.00000005  0.00000002  0.00000002  0.00000003  0.00000003  0.00000004  0.00000002  0.00000003  0.00000002  0.00000003  0.00000003  0.00000003  0.00000002  0.00000002  0.00000002  0.00000003  0.00000002
II#2008-10-05   0.00000000  0.00000000  0.00000000  0.00000000  0.00000000  0.00000000  0.00000000  0.00000000  0.00000000  0.00000000  0.00000000  0.00000000  0.00000000  0.00000000  0.00000000  0.00000000  0.00000000  0.00000000  0.00000000  0.00000000  0.00000000
II#2008-10-12   0.00000000  0.00000000  0.00000000  0.00000000  0.00000000  0.00000000  0.00000000  0.00000000  0.00000000  0.00000000  0.00000000  0.00000000  0.00000000  0.00000000  0.00000000  0.00000000  0.00000000  0.00000000  0.00000000  0.00000000  0.00000000
II#2008-10-19   0.01599414  0.01328317  0.01411350  0.01153949  0.02038039  0.01281870  0.01227013  0.00972164  0.01358341           .  0.01378370  0.01531943  0.01554847  0.01550894  0.01569495  0.01551136  0.01428612  0.01360685  0.01259477  0.01444216  0.01546590
II#2008-10-26   0.00002225  0.00001925  0.00002961  0.00004474  0.00001582  0.00003081  0.00002811  0.00001972  0.00001195  0.00002151  0.00001343  0.00002103  0.00002110  0.00002272  0.00002215  0.00002314  0.00002295  0.00002091  0.00004708  0.00002254  0.00004646
II#2008-11-09   0.00262602  0.00230887  0.00170747  0.00286366  0.00389154  0.00200439  0.00213599  0.00154129  0.00158355  0.00215295  0.00236945  0.00114406  0.00177779  0.00165899  0.00169642  0.00170060  0.00175030  0.00172313  0.00261032  0.00166718  0.00171287
II#2008-11-23   0.01130240  0.00913557  0.01155779  0.00924371  0.00564639  0.01012069  0.01003894  0.01052658  0.00757711  0.00884784  0.00907158           .  0.00964252  0.01064840  0.01063556  0.01052177  0.01019548  0.01009833  0.00752278  0.01079098  0.00844441
II#2008-11-30   0.00001697  0.00001363  0.00001264  0.00000513  0.00002734  0.00001550  0.00001308  0.00000684  0.00002285  0.00001575  0.00001593  0.00002879  0.00001711  0.00001458  0.00001441  0.00001573  0.00001294  0.00001394  0.00001116  0.00001388  0.00001123
II#2008-12-21   0.00029567  0.00016573  0.00019974  0.00022284  0.00019502  0.00019461  0.00023168  0.00024876  0.00013639  0.00017154  0.00014508  0.00023395  0.00014820  0.00015923  0.00015639  0.00015681  0.00015849  0.00015524  0.00029307  0.00018921  0.00019531
II#2008-12-28   0.00194832  0.00133857  0.00136383  0.00171767  0.00180639  0.00143974  0.00148770  0.00143513  0.00094611  0.00143600  0.00106070  0.00127952  0.00132312  0.00138116  0.00134588  0.00149216  0.00132812  0.00137886  0.00148475  0.00150224  0.00141576
II#2009-01-04   0.00615842  0.00516882  0.00904402  0.00519585  0.00537661  0.00626265  0.00513441  0.00675629  0.00793027  0.00892748  0.00599612           .  0.00615228  0.00883868  0.00883621  0.00872746  0.00832988  0.00825433  0.00741623  0.00906029  0.00891348
II#2009-01-11   0.02351065  0.02123051  0.02213256  0.01545349           .  0.02977044  0.02246783  0.01697130  0.02353014  0.02647933  0.02240763           .  0.02276137  0.02256987  0.02257169  0.02244394  0.02220052  0.02217965  0.01999376  0.02269783  0.02157185
II#2009-02-15   0.00233027  0.00174694  0.00248888  0.00261409  0.00183896  0.00180954  0.00176642  0.00197337  0.00119453  0.00242766  0.00195061  0.00123507  0.00197191  0.00246340  0.00249103  0.00249612  0.00244679  0.00244068  0.00242217  0.00247053  0.00271260
II#2009-03-15   0.00443449  0.00298407  0.00384235  0.00446091  0.00474528  0.00369761  0.00330816  0.00398691  0.00296546  0.00386109  0.00263613  0.00316922  0.00320322  0.00348307  0.00345272  0.00348906  0.00355363  0.00361230  0.00441746  0.00349999  0.00435744
II#2009-03-29   0.00163042  0.00155778  0.00165899  0.00114288  0.00309085  0.00185251  0.00158083  0.00153772  0.00198173  0.00142835  0.00170802  0.00333153  0.00154052  0.00167693  0.00159355  0.00157938  0.00161874  0.00163273  0.00149120  0.00160943  0.00153397
II#2009-05-03   0.00937544  0.00771428  0.00874690  0.00753390  0.00938858  0.00891828  0.00821454  0.00965027           .  0.00797802  0.01500037  0.01160499  0.00838501  0.00868207  0.00861419  0.00865574  0.00847187  0.00864591  0.00858063  0.00892057  0.00902432
II#2009-07-05   0.00022595  0.00017415  0.00022812  0.00020400  0.00016420  0.00018501  0.00018284  0.00021153  0.00017892  0.00023352  0.00020156  0.00045177  0.00020481  0.00023130  0.00022960  0.00022691  0.00021968  0.00021639  0.00019927  0.00022991  0.00023519
II#2010-05-16   0.00330006  0.00285047  0.00317591  0.00316521  0.00297775  0.00303040  0.00284131  0.00297619  0.00280189  0.00372828  0.00303803  0.00281865  0.00304979  0.00332078  0.00332776  0.00332239  0.00320440  0.00317865  0.00317443  0.00331255  0.00325316
II#2010-09-19   0.95045608           .  0.94901585           .           .           .           .           .           .  0.92893965           .           .  0.94751360  0.94927622  0.94917428  0.94973043           .           .           .           .  0.94626955
II#2010-10-10   0.34292727  0.32582306           .  0.32595165  0.32237713  0.29504970  0.43163467  0.33409504  0.33046914  0.34517187  0.33407455  0.34784887           .           .           .           .           .           .  0.33180425           .           .
II#2010-12-19   0.72814046  0.77263193           .  0.70498294  0.80277437  0.75481136  0.71915395  0.73368926  0.79283359  0.75350494           .  0.73180729           .           .           .           .           .           .  0.72923771           .           .
II#2010-12-26   0.93795428           .           .           .           .           .           .           .           .           .           .           .           .           .           .  0.94332056           .           .           .  0.93498900           .
II#2011-01-09   0.08845830  0.08475668  0.08619519           .  0.08810910  0.08417730  0.08675050  0.08569036  0.08343332  0.08143071  0.08290122  0.08068601  0.08428661  0.08521571  0.08506983  0.08502349  0.08480820  0.08486112           .  0.08508956  0.08758292
II#2011-01-23   0.93103752           .  0.92595855           .           .           .           .           .           .  0.92541105           .           .  0.92935935  0.92706852  0.92698226  0.92657837  0.92567068  0.92550907  0.92544211  0.92617730  0.92677582
II#2011-03-13   0.91420359           .  0.91801325  0.91115233           .           .           .  0.91318568           .  0.91447385           .           .  0.91739051  0.91793442  0.91835503  0.91863896  0.91796565  0.91873941  0.90635535  0.91881401  0.91457542
II#2011-03-27   0.86656096           .  0.87504995  0.85390231           .  0.87550571           .  0.86274479           .  0.86948404           .           .           .           .  0.87528583  0.87496834  0.87525990  0.87493975  0.86261228  0.87579107  0.86050159
II#2011-04-17   0.89246307           .  0.88991007  0.87947245           .           .           .  0.88959418           .  0.90518190           .  0.85075878           .  0.89649632  0.89623356  0.89558412  0.89309343  0.89362333  0.88260899  0.89481816  0.88891611
II#2011-04-24   0.82552475           .           .  0.81457741  0.83227203  0.81884031  0.82367565  0.81820970           .  0.82415677           .  0.81653984           .           .           .           .           .           .  0.82559059  0.82388715  0.82287930
II#2011-05-08   0.76769959  0.75823775           .  0.77494600  0.77428181  0.77816365  0.75662959  0.77365308           .  0.75198723           .  0.80133270           .           .           .           .           .           .  0.77508124           .           .
II#2011-06-05   0.67620693  0.67208587           .  0.67357000  0.69230979  0.67153216  0.67473306  0.64067782  0.65188899  0.67211224  0.64589981  0.68002898           .           .           .           .           .           .  0.63589244           .           .
II#2011-07-10   0.52362576  0.52190913           .  0.54453003  0.52023033  0.52299448  0.53019461  0.53324584  0.51412690  0.47357536           .  0.52547634           .           .           .           .           .           .  0.53612941           .           .
II#2011-07-24   0.94286085           .  0.93991016           .           .           .           .           .           .  0.92913820           .           .  0.94265669  0.94303231  0.94314797  0.94242307  0.94197558           .  0.93371601           .  0.93980010
II#2011-08-21   0.75626457  0.75354169           .  0.75558564  0.75414128  0.75094921  0.75820986  0.74136500  0.75310372  0.78646197           .  0.75724996           .           .           .           .           .           .  0.75602464           .           .
II#2011-09-18   0.00006904  0.00005271  0.00006244  0.00006141  0.00009045  0.00007674  0.00005243  0.00007019  0.00006176  0.00008057  0.00004884  0.00008090  0.00005714  0.00005999  0.00005999  0.00006052  0.00006000  0.00005914  0.00006318  0.00006287  0.00006785
II#2011-10-02   0.82069646           .  0.84592595  0.80494499  0.84501037  0.82599720  0.81806802  0.81475034           .           .           .  0.90732751           .           .           .           .  0.84915366  0.84763324  0.80711425           .  0.83417904
II#2011-10-09   0.02315290  0.02027230  0.02058541  0.02203362  0.03007429           .  0.02734196  0.02049993  0.02113071  0.01944035  0.01925359  0.03128418  0.01895665  0.01992797  0.01986595  0.02001374  0.02005087  0.02001297  0.02355658  0.02016707  0.02254771
II#2011-10-23   0.50748113  0.51703287           .  0.51403570  0.51093801  0.54602023  0.49470521  0.50384735  0.51442338  0.53145952  0.51968494  0.58631661           .           .           .           .           .           .  0.51561418           .           .
II#2011-11-20   0.09887067  0.09339306  0.09688704           .  0.08467551  0.09792396  0.09636872  0.10152414  0.08910861  0.10182337  0.08892655  0.06169632  0.09019878  0.09222783  0.09213765  0.09217485  0.09189235  0.09174138           .  0.09194144           .
II#2011-12-18   0.87378194           .  0.90483115  0.84747192           .           .  0.86687646  0.86367500           .  0.89283948           .  0.86056119           .  0.92677054  0.92639647  0.92574530  0.92450815  0.92339706  0.87128474  0.90859006  0.90392256
II#2012-01-01   0.17404147  0.16291852           .  0.18344448  0.15948439  0.17044556  0.16664989  0.17815941  0.15828543           .  0.17248027  0.21360591  0.16395809           .           .           .           .           .           .           .           .
II#2012-02-12   0.93937145           .  0.93573257  0.93103686           .           .           .           .           .           .           .           .  0.93820166  0.93836359  0.93848601  0.93786856  0.93731029  0.93645442           .  0.93785985  0.93278802
II#2012-02-26   0.94908843           .           .           .           .           .           .           .           .           .           .           .           .  0.95338790  0.95390774  0.95411963           .  0.95401025           .           .  0.95847187
II#2012-03-04   0.10229820  0.09595578           .           .  0.09637032           .  0.09960810           .  0.09270096  0.09749156  0.09262011  0.10905822  0.09633220  0.09793023  0.09826712  0.09853680  0.09863653  0.09815173           .  0.09906169           .
II#2012-03-25   0.81545674           .           .  0.82203086           .           .           .  0.81495375           .           .           .  0.87619882           .           .           .           .           .           .  0.81507686           .  0.81637040
II#2012-05-27   0.04467399           .  0.04303381           .  0.03876009  0.04335504           .  0.04487830  0.03887208  0.03666063  0.03917855  0.04177247  0.04046639  0.04118558  0.04107122  0.04116145  0.04140530  0.04116513           .  0.04154079  0.04560675
II#2012-06-03   0.81898135  0.82085440           .  0.81313080  0.80042378  0.80817545  0.82184405           .           .  0.81858854           .  0.79232892           .           .           .           .           .           .           .           .  0.77181119
II#2012-08-12   0.90773209           .  0.90846237  0.92657200           .  0.90236537  0.91358492  0.90944707           .  0.89927383           .           .  0.90603607  0.90439233  0.90558529  0.90532303  0.90496751  0.90554067  0.92307969  0.90589916  0.91771577
II#2012-09-09   0.87720936           .  0.87508563  0.88793771  0.66448521           .           .           .           .  0.87773553           .           .           .  0.87408511  0.87532400  0.87545610  0.87710102  0.87603197  0.88373309  0.87318225  0.87623195
II#2012-09-23   0.70699289  0.70228269           .  0.69686272  0.71538245  0.70178944  0.69702794  0.70544108  0.70303565  0.69134894           .  0.67150792           .           .           .           .           .           .  0.71376872           .           .
II#2012-09-30   0.92560300           .  0.91768349           .           .           .           .           .           .  0.93513635           .           .  0.92719433  0.92931663  0.92857724  0.92861686  0.91737034  0.91800206  0.92727100  0.92990743  0.92148077
II#2012-10-28   0.96979783           .           .           .           .           .           .           .           .           .           .           .           .  0.97189030           .           .           .           .           .           .  0.97306894
II#2012-11-11   0.82054167  0.81453344           .  0.82435394  0.80614041  0.81534065  0.81897040  0.81608696           .  0.81412389           .  0.83191055           .           .           .           .           .           .  0.81261289           .  0.82107588
II#2012-11-25   0.91968058           .  0.91791299           .           .           .           .  0.92206720           .           .           .           .  0.91185473  0.91495376  0.91506892           .  0.91616823           .           .  0.91590832  0.92089573
II#2012-12-16   0.82732214           .  0.85462927  0.82223307           .  0.84992540  0.82200801  0.82313834           .  0.82464231           .  0.82307497           .           .           .           .           .           .  0.82144406  0.85663485  0.85536748
II#2012-12-23   0.83409766           .  0.83629375  0.83630212           .  0.83821394  0.83767865  0.83225187           .           .           .  0.81452038           .           .           .           .           .  0.83767875  0.83766482  0.83005940  0.83777066
II#2014-10-05   0.01924308  0.01787623  0.02248962  0.02055417  0.01749995  0.02289252           .  0.01786083  0.01634738  0.01788958  0.01656577  0.01866336  0.02104269  0.02189126  0.02198304  0.02209545  0.02195101  0.02209586  0.01992377  0.02226024  0.02336825
II#2015-02-01   0.00000000  0.00000000  0.00000000  0.00000000  0.00000000  0.00000000  0.00000000  0.00000000  0.00000000  0.00000000  0.00000000  0.00000000  0.00000000  0.00000000  0.00000000  0.00000000  0.00000000  0.00000000  0.00000000  0.00000000  0.00000000
II#2015-03-08   0.00008591  0.00005739  0.00007709  0.00007334  0.00008732  0.00005415  0.00005993  0.00011351  0.00006248  0.00007593  0.00006329  0.00007888  0.00006492  0.00007561  0.00007572  0.00007467  0.00007061  0.00007188  0.00007836  0.00007793  0.00008391
II#2015-05-03   0.00743572  0.00674023  0.00692893  0.00841670  0.00625542  0.00674621  0.00820054  0.00634286  0.00694135  0.00701182  0.00696158  0.00522950  0.00673698  0.00700265  0.00700249  0.00697509  0.00698575  0.00704992  0.00819292  0.00707852  0.00825563
II#2015-08-30   0.00000043  0.00000025  0.00000030  0.00000035  0.00000028  0.00000028  0.00000034  0.00000031  0.00000025  0.00000033  0.00000023  0.00000032  0.00000027  0.00000030  0.00000029  0.00000029  0.00000028  0.00000029  0.00000036  0.00000030  0.00000033
II#2015-09-06   0.00545564  0.00385484  0.00453663  0.00496669           .  0.00416777  0.00394625  0.00394965  0.00372356  0.00481398  0.00382316  0.00218110  0.00371457  0.00450249  0.00449742  0.00455039  0.00455230  0.00457837  0.00493598  0.00441433  0.00475759
II#2015-09-20   0.00281781  0.00253825  0.00257998  0.00237791  0.00196592  0.00214313  0.00227205  0.00264637  0.00237793  0.00344372  0.00248475  0.00139704  0.00284870  0.00285980  0.00284371  0.00283155  0.00274926  0.00272032  0.00240904  0.00280681  0.00261758
II#2015-11-01   0.01408581  0.01246254  0.01420176  0.01692414  0.00960992  0.01312096  0.01338334           .  0.01349969  0.00952406  0.01195463  0.01138929  0.01186722  0.01285975  0.01289272  0.01298264  0.01310109  0.01322204  0.01584673  0.01341371  0.01545349
II#2015-12-06   0.00438383  0.00375877  0.00416045  0.00418029  0.00359497  0.00374700  0.00426206  0.00409835  0.00368892  0.00478201  0.00376738  0.00367044  0.00374894  0.00391721  0.00396409  0.00397600  0.00394781  0.00392738  0.00437558  0.00401313  0.00428990
II#2016-01-10   0.00005100  0.00003903  0.00004648  0.00006225  0.00004097  0.00003914  0.00005248  0.00004255  0.00003606  0.00004880  0.00004249  0.00004779  0.00003898  0.00004369  0.00004498  0.00004533  0.00004427  0.00004421  0.00005278  0.00004462  0.00004970
II#2016-01-24   0.00099840  0.00074636  0.00091214  0.00104256  0.00070498  0.00088231  0.00087091  0.00088745  0.00086170  0.00109822  0.00080084  0.00139189  0.00074893  0.00090928  0.00091254  0.00091062  0.00089499  0.00091230  0.00093779  0.00091900  0.00096328
II#2016-02-07   0.00281539  0.00225975  0.00278869  0.00245287  0.00228565  0.00236463  0.00226335  0.00245595  0.00248587  0.00253213  0.00261520  0.00171835  0.00253141  0.00268871  0.00273085  0.00275866  0.00271073  0.00270359  0.00286339  0.00269983  0.00273632
II#2016-02-28   0.07904519  0.07066835  0.07162669           .  0.05840458  0.06612526  0.07884812  0.07970042  0.06135028  0.07980374  0.07109007  0.06632799  0.06682128  0.07541467  0.07629958  0.07699318  0.07663452  0.07714317  0.07653587  0.07696804  0.07341884
II#2016-03-06   0.00164354  0.00115515  0.00138833  0.00166353  0.00206596  0.00157367  0.00125941  0.00177548  0.00127351  0.00212480  0.00099812  0.00217706  0.00117300  0.00125017  0.00125015  0.00125624  0.00126021  0.00124240  0.00160436  0.00126026  0.00155172
II#2016-04-10   0.00173801  0.00145193  0.00149345  0.00181746  0.00222159  0.00162173  0.00153917  0.00171026  0.00148952  0.00199392  0.00142618  0.00171107  0.00132717  0.00140779  0.00140894  0.00142352  0.00140429  0.00139997  0.00192172  0.00140201  0.00161730
II#2016-08-14   0.00093232  0.00081976  0.00109394  0.00110277  0.00081909  0.00083611  0.00103017  0.00085234  0.00074051  0.00086240  0.00087728  0.00074624  0.00095044  0.00102529  0.00102889  0.00102859  0.00101961  0.00101831  0.00102871  0.00104629  0.00114018
II#2017-01-29   0.92132156           .  0.92988676  0.92373014           .           .           .  0.92151103           .  0.92722730           .  0.88371934  0.92291333  0.92685912  0.92776288  0.92883782  0.92818799  0.92801937  0.92449430  0.92876972  0.92791132
II#2018-10-07   0.00062018  0.00052951  0.00059424  0.00063346  0.00057604  0.00058493  0.00055646  0.00072927  0.00047461  0.00028814  0.00045903  0.00058430  0.00053630  0.00055334  0.00055144  0.00054760  0.00054357  0.00053174  0.00064885  0.00054993  0.00064741
II#2018-12-30   0.00069870  0.00055447  0.00063211  0.00100115  0.00030508  0.00062070  0.00058764  0.00066939  0.00061080  0.00057335  0.00060576  0.00060918  0.00056751  0.00063730  0.00063946  0.00064219  0.00062676  0.00063359  0.00092445  0.00064150  0.00067282
k                       82          60          65          69          61          65          65          70          57          72          53          66          60          64          64          64          63          63          70          65          70
parameters             302         258         268         276         260         268         268         278         252         282         244         270         258         266         266         266         264         264         278         268         278
loglik              3796.0      3789.2      3784.7      3779.4      3779.4      3786.7      3785.5      3786.8      3786.4      3787.6      3784.3      3779.3      3788.6      3786.8      3787.0      3786.9      3787.1      3787.1      3780.4      3787.5      3783.0
AIC                -9.7734     -9.8775     -9.8369     -9.7998     -9.8446     -9.8424     -9.8391     -9.8148     -9.8865     -9.8058     -9.9029     -9.8161     -9.8757     -9.8485     -9.8489     -9.8488     -9.8547     -9.8550     -9.7970     -9.8448     -9.8041
HQ                 -9.0276     -9.2404     -9.1750     -9.1182     -9.2025     -9.1806     -9.1773     -9.1282     -9.2641     -9.1094     -9.3003     -9.1493     -9.2386     -9.1916     -9.1920     -9.1919     -9.2027     -9.2030     -9.1105     -9.1830     -9.1175
SC                 -7.8422     -8.2277     -8.1231     -8.0348     -8.1819     -8.1286     -8.1253     -8.0370     -8.2750     -8.0025     -8.3425     -8.0895     -8.2259     -8.1475     -8.1479     -8.1478     -8.1665     -8.1667     -8.0193     -8.1310     -8.0263
                                                                                                                                           =======

p-values of diagnostic checks for model validity
          Initial GUM     cut-off   Final GUM     cut-off Final model
AR(7)         0.07049     0.01000     0.07311     0.01000     0.12117
Normality     0.08287     0.01000     0.09529     0.01000     0.19171
Hetero        0.04327     0.01000     0.05261     0.01000     0.01002
Chow(70%)     0.05302     0.01000     0.05501     0.01000     0.01714


The final model has 16 insignificant coefficients:
Joint significance  LRF(32) [0.0000] LRF_GUM0(100) [0.1210]
II#2008-09-14       Failed diagnostic testing
II#2008-10-19       Failed diagnostic testing
II#2009-01-11       Failed diagnostic testing
II#2009-05-03       Failed diagnostic testing
II#2010-10-10       Failed diagnostic testing
II#2011-01-09       Failed diagnostic testing
II#2011-06-05       Failed diagnostic testing
II#2011-10-09       Failed diagnostic testing
II#2011-10-23       Failed diagnostic testing
II#2011-11-20       Failed diagnostic testing
II#2012-01-01       Failed diagnostic testing
II#2012-03-04       Failed diagnostic testing
II#2012-05-27       Failed diagnostic testing
II#2014-10-05       Failed diagnostic testing
II#2015-11-01       Failed diagnostic testing
II#2016-02-28       Failed diagnostic testing

Summary of Autometrics search
initial search space     2^87  final search space       2^82
no. estimated models     2602  no. terminal models        20
test form                LR-F  target size        Small:0.01
large residuals            no  presearch reduction      lags
backtesting              GUM0  tie-breaker                SC
diagnostics p-value      0.01  search effort        standard
time                  6:56.94  Autometrics version       2.3

SYS( 2) Estimating the system by OLS
        The dataset is: ../export/database for ox/db_oil_withSesonal.in7
        The estimation sample is: 2005-04-24 - 2018-12-30

URF equation for: D_brent
                  Coefficient  Std.Error  t-value  t-prob
D_brent_1            0.301807    0.03633     8.31  0.0000
D_brent_2          -0.0210580    0.03854   -0.546  0.5850
D_brent_3            0.104897    0.03882     2.70  0.0071
D_brent_4          -0.0678968    0.03881    -1.75  0.0808
D_brent_5            0.109595    0.03851     2.85  0.0046
D_brent_6          -0.0229010    0.03763   -0.609  0.5430
D_brent_7           0.0667234    0.03765     1.77  0.0769
D_brent_8           0.0184890    0.03611    0.512  0.6088
D_lnCambio_1         0.159042    0.07951     2.00  0.0459
D_lnCambio_2       -0.0796431    0.07896    -1.01  0.3136
D_lnCambio_3         0.109771    0.07893     1.39  0.1648
D_lnCambio_4        0.0263765    0.07602    0.347  0.7287
D_lnCambio_5         0.242906    0.08158     2.98  0.0030
D_lnCambio_6        0.0110511    0.07677    0.144  0.8856
D_lnCambio_7       -0.0138170    0.07834   -0.176  0.8601
D_lnCambio_8        -0.176753    0.07691    -2.30  0.0219
II#2005-07-24       0.0187572    0.02940    0.638  0.5237
II#2006-05-14     -0.00989242    0.02943   -0.336  0.7369
II#2006-05-21      -0.0110533    0.02959   -0.374  0.7088
II#2007-08-12       0.0274965    0.02928    0.939  0.3480
II#2008-09-07      -0.0528262    0.02947    -1.79  0.0736
II#2008-09-14      -0.0441781    0.02970    -1.49  0.1374
II#2008-09-21        0.126425    0.02972     4.25  0.0000
II#2008-09-28       -0.118532    0.03009    -3.94  0.0001
II#2008-10-05       -0.127242    0.03052    -4.17  0.0000
II#2008-10-12       -0.157776    0.03237    -4.87  0.0000
II#2008-10-19     -0.00111495    0.03305  -0.0337  0.9731
II#2008-10-26      -0.0513170    0.03338    -1.54  0.1247
II#2008-11-09       -0.116418    0.03355    -3.47  0.0006
II#2008-11-23       0.0816918    0.03319     2.46  0.0141
II#2008-11-30       -0.151724    0.03319    -4.57  0.0000
II#2008-12-21       -0.124141    0.03107    -4.00  0.0001
II#2008-12-28        0.111528    0.03096     3.60  0.0003
II#2009-01-04       0.0757856    0.03128     2.42  0.0157
II#2009-01-11      -0.0363384    0.03155    -1.15  0.2499
II#2009-02-15      -0.0984548    0.03031    -3.25  0.0012
II#2009-03-15       0.0966152    0.03003     3.22  0.0014
II#2009-03-29       -0.100962    0.03002    -3.36  0.0008
II#2009-05-03       0.0793103    0.02986     2.66  0.0081
II#2009-07-05       -0.116203    0.02942    -3.95  0.0001
II#2010-05-16      -0.0894750    0.02930    -3.05  0.0024
II#2010-10-10      -0.0426712    0.02947    -1.45  0.1481
II#2011-01-09       0.0556675    0.02933     1.90  0.0582
II#2011-06-05       0.0273969    0.02928    0.936  0.3497
II#2011-09-18      -0.0327703    0.02950    -1.11  0.2670
II#2011-10-09       0.0358833    0.03007     1.19  0.2332
II#2011-10-23      0.00388764    0.03001    0.130  0.8970
II#2011-11-20     -0.00190782    0.02947  -0.0647  0.9484
II#2012-01-01       0.0547350    0.02943     1.86  0.0634
II#2012-03-04      0.00153400    0.02937   0.0522  0.9584
II#2012-05-27      -0.0296713    0.02921    -1.02  0.3101
II#2014-10-05      -0.0521923    0.02967    -1.76  0.0790
II#2015-02-01        0.122369    0.02964     4.13  0.0000
II#2015-03-08      -0.0841046    0.03066    -2.74  0.0063
II#2015-05-03       0.0331886    0.02986     1.11  0.2669
II#2015-08-30        0.118055    0.02974     3.97  0.0001
II#2015-09-06      -0.0941558    0.03017    -3.12  0.0019
II#2015-09-20       0.0188762    0.03036    0.622  0.5344
II#2015-11-01       0.0373696    0.02988     1.25  0.2115
II#2015-12-06      -0.0723027    0.02944    -2.46  0.0143
II#2016-01-10       -0.124145    0.02966    -4.19  0.0000
II#2016-01-24        0.112088    0.03005     3.73  0.0002
II#2016-02-07       -0.104260    0.03029    -3.44  0.0006
II#2016-02-28       0.0694642    0.03049     2.28  0.0231
II#2016-03-06       0.0711960    0.03062     2.32  0.0204
II#2016-04-10       0.0955407    0.02967     3.22  0.0014
II#2016-08-14       0.0867790    0.02946     2.95  0.0033
II#2018-10-07      -0.0140660    0.02951   -0.477  0.6338
II#2018-12-30        0.108425    0.02969     3.65  0.0003
betaMacro_1   U    -0.0179265   0.004834    -3.71  0.0002
Constant      U     0.0893783    0.02402     3.72  0.0002
CSeasonal     U   0.000293755    0.01136   0.0259  0.9794
CSeasonal_1   U    -0.0128300    0.01135    -1.13  0.2586
CSeasonal_2   U   -0.00721559    0.01144   -0.631  0.5283
CSeasonal_3   U    -0.0143019    0.01113    -1.28  0.1994
CSeasonal_4   U    -0.0102377    0.01139   -0.899  0.3689
CSeasonal_5   U    -0.0229643    0.01149    -2.00  0.0461
CSeasonal_6   U    0.00764327    0.01159    0.659  0.5099
CSeasonal_7   U   -0.00462842    0.01105   -0.419  0.6754
CSeasonal_8   U   -0.00678480    0.01132   -0.599  0.5493
CSeasonal_9   U    -0.0179555    0.01126    -1.59  0.1113
CSeasonal_10  U   -0.00429807    0.01112   -0.387  0.6992
CSeasonal_11  U    -0.0238030    0.01111    -2.14  0.0326
CSeasonal_12  U   -0.00671773    0.01117   -0.601  0.5478
CSeasonal_13  U   0.000347397    0.01135   0.0306  0.9756
CSeasonal_14  U    -0.0128328    0.01117    -1.15  0.2510
CSeasonal_15  U   -0.00897942    0.01132   -0.793  0.4279
CSeasonal_16  U   -0.00878642    0.01118   -0.786  0.4321
CSeasonal_17  U    -0.0112889    0.01118    -1.01  0.3128
CSeasonal_18  U    -0.0306069    0.01134    -2.70  0.0072
CSeasonal_19  U    0.00129047    0.01115    0.116  0.9079
CSeasonal_20  U    -0.0188397    0.01127    -1.67  0.0950
CSeasonal_21  U    -0.0169950    0.01118    -1.52  0.1290
CSeasonal_22  U    -0.0132973    0.01152    -1.15  0.2489
CSeasonal_23  U   -0.00628986    0.01157   -0.544  0.5870
CSeasonal_24  U    -0.0227347    0.01155    -1.97  0.0494
CSeasonal_25  U    -0.0166758    0.01157    -1.44  0.1501
CSeasonal_26  U    0.00258122    0.01135    0.227  0.8202
CSeasonal_27  U     0.0185628    0.01212     1.53  0.1261
CSeasonal_28  U    -0.0182649    0.01168    -1.56  0.1184
CSeasonal_29  U    -0.0177673    0.01167    -1.52  0.1283
CSeasonal_30  U   -0.00779287    0.01128   -0.691  0.4898
CSeasonal_31  U    -0.0206989    0.01162    -1.78  0.0753
CSeasonal_32  U    -0.0141872    0.01128    -1.26  0.2089
CSeasonal_33  U    -0.0184885    0.01155    -1.60  0.1098
CSeasonal_34  U   -0.00237544    0.01134   -0.210  0.8341
CSeasonal_35  U    -0.0217373    0.01124    -1.93  0.0537
CSeasonal_36  U    -0.0193690    0.01146    -1.69  0.0917
CSeasonal_37  U    -0.0112609    0.01135   -0.992  0.3215
CSeasonal_38  U   -0.00739992    0.01138   -0.650  0.5159
CSeasonal_39  U    -0.0176442    0.01165    -1.51  0.1303
CSeasonal_40  U    -0.0315622    0.01197    -2.64  0.0086
CSeasonal_41  U    -0.0152043    0.01164    -1.31  0.1920
CSeasonal_42  U   -0.00489607    0.01143   -0.429  0.6684
CSeasonal_43  U   -0.00366390    0.01162   -0.315  0.7526
CSeasonal_44  U   -0.00568453    0.01164   -0.488  0.6256
CSeasonal_45  U    0.00155948    0.01185    0.132  0.8953
CSeasonal_46  U     0.0129473    0.01139     1.14  0.2562
CSeasonal_47  U    -0.0124860    0.01137    -1.10  0.2727
CSeasonal_48  U   -0.00573844    0.01186   -0.484  0.6287
CSeasonal_49  U    -0.0233809    0.01209    -1.93  0.0535
CSeasonal_50  U   -0.00270359    0.01133   -0.239  0.8115

sigma = 0.0279561   RSS = 0.4634541115

URF equation for: D_lnCambio
                  Coefficient  Std.Error  t-value  t-prob
D_brent_1          -0.0408750    0.01722    -2.37  0.0179
D_brent_2         -0.00134932    0.01827  -0.0739  0.9411
D_brent_3          -0.0126157    0.01840   -0.686  0.4932
D_brent_4         -0.00980781    0.01840   -0.533  0.5942
D_brent_5          -0.0406311    0.01826    -2.23  0.0264
D_brent_6          0.00402088    0.01784    0.225  0.8217
D_brent_7          -0.0184387    0.01784    -1.03  0.3019
D_brent_8          -0.0182986    0.01712    -1.07  0.2855
D_lnCambio_1         0.116612    0.03769     3.09  0.0021
D_lnCambio_2       0.00221596    0.03743   0.0592  0.9528
D_lnCambio_3        0.0567276    0.03741     1.52  0.1300
D_lnCambio_4       -0.0676631    0.03603    -1.88  0.0609
D_lnCambio_5       -0.0512541    0.03867    -1.33  0.1855
D_lnCambio_6        0.0205319    0.03639    0.564  0.5728
D_lnCambio_7      -0.00109301    0.03713  -0.0294  0.9765
D_lnCambio_8        0.0414522    0.03646     1.14  0.2560
II#2005-07-24       0.0455985    0.01393     3.27  0.0011
II#2006-05-14       0.0474358    0.01395     3.40  0.0007
II#2006-05-21       0.0554370    0.01402     3.95  0.0001
II#2007-08-12       0.0389355    0.01388     2.81  0.0052
II#2008-09-07       0.0454520    0.01397     3.25  0.0012
II#2008-09-14       0.0346014    0.01408     2.46  0.0143
II#2008-09-21      -0.0265995    0.01409    -1.89  0.0595
II#2008-09-28       0.0784977    0.01426     5.50  0.0000
II#2008-10-05        0.118262    0.01446     8.18  0.0000
II#2008-10-12      -0.0572809    0.01534    -3.73  0.0002
II#2008-10-19       0.0442868    0.01567     2.83  0.0049
II#2008-10-26      -0.0617434    0.01582    -3.90  0.0001
II#2008-11-09       0.0224721    0.01590     1.41  0.1581
II#2008-11-23      -0.0390307    0.01573    -2.48  0.0134
II#2008-11-30       0.0399392    0.01573     2.54  0.0114
II#2008-12-21     -0.00316163    0.01473   -0.215  0.8301
II#2008-12-28     -0.00176655    0.01467   -0.120  0.9042
II#2009-01-04      -0.0403144    0.01483    -2.72  0.0067
II#2009-01-11       0.0409877    0.01496     2.74  0.0063
II#2009-02-15       0.0331967    0.01436     2.31  0.0212
II#2009-03-15      -0.0306950    0.01423    -2.16  0.0314
II#2009-03-29       0.0308956    0.01423     2.17  0.0303
II#2009-05-03      -0.0269217    0.01416    -1.90  0.0577
II#2009-07-05       0.0331495    0.01395     2.38  0.0178
II#2010-05-16       0.0327533    0.01389     2.36  0.0187
II#2010-10-10      0.00148369    0.01397    0.106  0.9154
II#2011-01-09      0.00825737    0.01390    0.594  0.5528
II#2011-06-05     -0.00339675    0.01388   -0.245  0.8067
II#2011-09-18       0.0628258    0.01398     4.49  0.0000
II#2011-10-09      -0.0397954    0.01425    -2.79  0.0054
II#2011-10-23      -0.0160424    0.01422    -1.13  0.2598
II#2011-11-20       0.0297767    0.01397     2.13  0.0334
II#2012-01-01      -0.0110034    0.01395   -0.789  0.4305
II#2012-03-04       0.0289629    0.01392     2.08  0.0379
II#2012-05-27      -0.0270727    0.01385    -1.96  0.0510
II#2014-10-05      -0.0235782    0.01406    -1.68  0.0941
II#2015-02-01       0.0504109    0.01405     3.59  0.0004
II#2015-03-08       0.0599723    0.01453     4.13  0.0000
II#2015-05-03       0.0357363    0.01415     2.52  0.0118
II#2015-08-30       0.0374071    0.01409     2.65  0.0082
II#2015-09-06       0.0296335    0.01430     2.07  0.0387
II#2015-09-20       0.0447174    0.01439     3.11  0.0020
II#2015-11-01      -0.0419081    0.01416    -2.96  0.0032
II#2015-12-06      -0.0208525    0.01395    -1.49  0.1356
II#2016-01-10     -0.00649162    0.01406   -0.462  0.6445
II#2016-01-24     -0.00508913    0.01425   -0.357  0.7210
II#2016-02-07      0.00819307    0.01436    0.571  0.5685
II#2016-02-28      -0.0144189    0.01445   -0.998  0.3189
II#2016-03-06      -0.0504405    0.01451    -3.48  0.0005
II#2016-04-10      -0.0359240    0.01406    -2.55  0.0109
II#2016-08-14       0.0198734    0.01396     1.42  0.1552
II#2018-10-07      -0.0506433    0.01399    -3.62  0.0003
II#2018-12-30      -0.0322630    0.01407    -2.29  0.0222
betaMacro_1   U    0.00847596   0.002291     3.70  0.0002
Constant      U    -0.0422432    0.01138    -3.71  0.0002
CSeasonal     U    0.00313114   0.005386    0.581  0.5612
CSeasonal_1   U    0.00122646   0.005378    0.228  0.8197
CSeasonal_2   U     0.0143461   0.005421     2.65  0.0084
CSeasonal_3   U    0.00645837   0.005277     1.22  0.2215
CSeasonal_4   U     0.0114977   0.005397     2.13  0.0335
CSeasonal_5   U    0.00666000   0.005445     1.22  0.2218
CSeasonal_6   U    0.00468122   0.005495    0.852  0.3946
CSeasonal_7   U     0.0137475   0.005236     2.63  0.0089
CSeasonal_8   U     0.0115546   0.005367     2.15  0.0317
CSeasonal_9   U     0.0132411   0.005337     2.48  0.0134
CSeasonal_10  U   0.000676659   0.005270    0.128  0.8979
CSeasonal_11  U    0.00950000   0.005268     1.80  0.0719
CSeasonal_12  U    0.00484620   0.005294    0.915  0.3603
CSeasonal_13  U    0.00377617   0.005382    0.702  0.4832
CSeasonal_14  U     0.0111489   0.005294     2.11  0.0356
CSeasonal_15  U  -0.000510765   0.005365  -0.0952  0.9242
CSeasonal_16  U    0.00296613   0.005298    0.560  0.5758
CSeasonal_17  U     0.0107420   0.005297     2.03  0.0430
CSeasonal_18  U     0.0164810   0.005377     3.07  0.0023
CSeasonal_19  U    0.00588173   0.005283     1.11  0.2660
CSeasonal_20  U     0.0112398   0.005340     2.10  0.0357
CSeasonal_21  U     0.0101048   0.005300     1.91  0.0570
CSeasonal_22  U    0.00859408   0.005462     1.57  0.1161
CSeasonal_23  U    0.00470742   0.005485    0.858  0.3911
CSeasonal_24  U     0.0100574   0.005474     1.84  0.0666
CSeasonal_25  U    0.00293328   0.005485    0.535  0.5930
CSeasonal_26  U    0.00416148   0.005380    0.773  0.4396
CSeasonal_27  U   -0.00233948   0.005744   -0.407  0.6840
CSeasonal_28  U     0.0139243   0.005536     2.52  0.0122
CSeasonal_29  U    0.00816508   0.005530     1.48  0.1404
CSeasonal_30  U    0.00538184   0.005345     1.01  0.3144
CSeasonal_31  U     0.0192019   0.005507     3.49  0.0005
CSeasonal_32  U     0.0184879   0.005346     3.46  0.0006
CSeasonal_33  U     0.0126687   0.005473     2.31  0.0210
CSeasonal_34  U   7.72239e-05   0.005374   0.0144  0.9885
CSeasonal_35  U     0.0166859   0.005329     3.13  0.0018
CSeasonal_36  U     0.0115687   0.005434     2.13  0.0337
CSeasonal_37  U     0.0124154   0.005379     2.31  0.0213
CSeasonal_38  U    0.00216581   0.005395    0.401  0.6883
CSeasonal_39  U    0.00327774   0.005521    0.594  0.5529
CSeasonal_40  U    0.00962717   0.005675     1.70  0.0903
CSeasonal_41  U    0.00395512   0.005517    0.717  0.4737
CSeasonal_42  U    0.00677223   0.005416     1.25  0.2116
CSeasonal_43  U    0.00304658   0.005507    0.553  0.5803
CSeasonal_44  U   0.000506982   0.005519   0.0919  0.9268
CSeasonal_45  U    0.00881172   0.005615     1.57  0.1171
CSeasonal_46  U    0.00747411   0.005400     1.38  0.1669
CSeasonal_47  U    0.00910890   0.005391     1.69  0.0916
CSeasonal_48  U    0.00599818   0.005622     1.07  0.2865
CSeasonal_49  U     0.0149896   0.005729     2.62  0.0091
CSeasonal_50  U     0.0149294   0.005372     2.78  0.0056

sigma = 0.013251   RSS = 0.1041249037

log-likelihood     3784.27766  -T/2log|Omega|     5813.35976
|Omega|        8.66710265e-08  log|Y'Y/T|        -15.0494147
R^2(LR)              0.702319  R^2(LM)              0.453064
no. of observations       715  no. of parameters         244

F-test on regressors except unrestricted: F(138,1184) = 7.14551 [0.0000] **
F-tests on retained regressors, F(2,592) =
   D_brent_1       34.4520 [0.000]**   D_brent_2      0.177815 [0.837]  
   D_brent_3       3.64933 [0.027]*    D_brent_4       2.10815 [0.122]  
   D_brent_5       5.12548 [0.006]**   D_brent_6      0.186302 [0.830]  
   D_brent_7       1.71850 [0.180]     D_brent_8      0.593562 [0.553]  
D_lnCambio_1       9.30544 [0.000]**D_lnCambio_2      0.536406 [0.585]  
D_lnCambio_3       2.95695 [0.053]  D_lnCambio_4       1.77991 [0.170]  
D_lnCambio_5       4.54722 [0.011]* D_lnCambio_6      0.209591 [0.811]  
D_lnCambio_7     0.0189988 [0.981]  D_lnCambio_8       2.76116 [0.064]  
II#2005-07-24       6.69182 [0.001]**II#2006-05-14       5.99387 [0.003]**
II#2006-05-21       8.11152 [0.000]**II#2007-08-12       5.57805 [0.004]**
II#2008-09-07       5.68681 [0.004]**II#2008-09-14       3.35060 [0.036]* 
II#2008-09-21       9.27570 [0.000]**II#2008-09-28       18.1572 [0.000]**
II#2008-10-05       35.1905 [0.000]**II#2008-10-12       26.1597 [0.000]**
II#2008-10-19       4.31542 [0.014]* II#2008-10-26       11.4331 [0.000]**
II#2008-11-09       6.10725 [0.002]**II#2008-11-23       4.74016 [0.009]**
II#2008-11-30       11.2559 [0.000]**II#2008-12-21       8.97153 [0.000]**
II#2008-12-28       6.92867 [0.001]**II#2009-01-04       5.16112 [0.006]**
II#2009-01-11       3.82283 [0.022]* II#2009-02-15       6.30584 [0.002]**
II#2009-03-15       5.99841 [0.003]**II#2009-03-29       6.44151 [0.002]**
II#2009-05-03       4.22961 [0.015]* II#2009-07-05       8.63293 [0.000]**
II#2010-05-16       5.85367 [0.003]**II#2010-10-10       1.09842 [0.334]  
II#2011-01-09       2.50061 [0.083]  II#2011-06-05      0.437434 [0.646]  
II#2011-09-18       10.0953 [0.000]**II#2011-10-09       3.97653 [0.019]* 
II#2011-10-23      0.655257 [0.520]  II#2011-11-20       2.42986 [0.089]  
II#2012-01-01       1.76270 [0.172]  II#2012-03-04       2.38884 [0.093]  
II#2012-05-27       3.25742 [0.039]* II#2014-10-05       4.12895 [0.017]* 
II#2015-02-01       20.8695 [0.000]**II#2015-03-08       9.82745 [0.000]**
II#2015-05-03       5.00926 [0.007]**II#2015-08-30       15.6751 [0.000]**
II#2015-09-06       5.61935 [0.004]**II#2015-09-20       6.05876 [0.002]**
II#2015-11-01       4.45990 [0.012]* II#2015-12-06       5.63433 [0.004]**
II#2016-01-10       10.2393 [0.000]**II#2016-01-24       7.21641 [0.001]**
II#2016-02-07       6.00655 [0.003]**II#2016-02-28       2.65565 [0.071]  
II#2016-03-06       6.99092 [0.001]**II#2016-04-10       6.62583 [0.001]**
II#2016-08-14       7.12304 [0.001]**II#2018-10-07       7.78707 [0.000]**
II#2018-12-30       7.50253 [0.001]** betaMacro_1 U     10.6511 [0.000]**
    Constant U     10.7183 [0.000]**   CSeasonal U    0.188795 [0.828]  
 CSeasonal_1 U    0.643319 [0.526]   CSeasonal_2 U     3.50449 [0.031]* 
 CSeasonal_3 U     1.22262 [0.295]   CSeasonal_4 U     2.31147 [0.100]  
 CSeasonal_5 U     2.22508 [0.109]   CSeasonal_6 U    0.805673 [0.447]  
 CSeasonal_7 U     3.50086 [0.031]*  CSeasonal_8 U     2.31382 [0.100]  
 CSeasonal_9 U     3.49809 [0.031]* CSeasonal_10 U   0.0747708 [0.928]  
CSeasonal_11 U     3.06001 [0.048]* CSeasonal_12 U    0.480979 [0.618]  
CSeasonal_13 U    0.274794 [0.760]  CSeasonal_14 U     2.37653 [0.094]  
CSeasonal_15 U    0.370610 [0.690]  CSeasonal_16 U    0.369468 [0.691]  
CSeasonal_17 U     2.15317 [0.117]  CSeasonal_18 U     6.49371 [0.002]**
CSeasonal_19 U    0.721221 [0.487]  CSeasonal_20 U     2.83383 [0.060]  
CSeasonal_21 U     2.33110 [0.098]  CSeasonal_22 U     1.50535 [0.223]  
CSeasonal_23 U    0.415968 [0.660]  CSeasonal_24 U     2.81747 [0.061]  
CSeasonal_25 U     1.04482 [0.352]  CSeasonal_26 U    0.408048 [0.665]  
CSeasonal_27 U     1.17166 [0.311]  CSeasonal_28 U     3.54591 [0.029]* 
CSeasonal_29 U     1.74652 [0.175]  CSeasonal_30 U    0.594368 [0.552]  
CSeasonal_31 U     6.40314 [0.002]**CSeasonal_32 U     6.00982 [0.003]**
CSeasonal_33 U     3.15427 [0.043]* CSeasonal_34 U   0.0230442 [0.977]  
CSeasonal_35 U     5.47828 [0.004]**CSeasonal_36 U     2.89674 [0.056]  
CSeasonal_37 U     2.71895 [0.067]  CSeasonal_38 U    0.236198 [0.790]  
CSeasonal_39 U     1.15942 [0.314]  CSeasonal_40 U     3.95132 [0.020]* 
CSeasonal_41 U    0.915794 [0.401]  CSeasonal_42 U    0.783289 [0.457]  
CSeasonal_43 U    0.166162 [0.847]  CSeasonal_44 U    0.120230 [0.887]  
CSeasonal_45 U     1.41259 [0.244]  CSeasonal_46 U     2.23282 [0.108]  
CSeasonal_47 U     1.63060 [0.197]  CSeasonal_48 U    0.585449 [0.557]  
CSeasonal_49 U     4.18240 [0.016]* CSeasonal_50 U     4.02379 [0.018]* 

correlation of URF residuals (standard deviations on diagonal)
                   D_brent   D_lnCambio
D_brent           0.027956     -0.28605
D_lnCambio        -0.28605     0.013251
correlation between actual and fitted
      D_brent   D_lnCambio
      0.71670      0.72453

Single equation statistics
                   mean(Y)        se(Y)        sigma          R^2
D_brent         5.4909e-05     0.036533     0.027956      0.51366
D_lnCambio      0.00055022     0.017521     0.013251      0.52494

Single-equation diagnostics using reduced-form residuals:
                               AR 1-7            ARCH 1-7           Normality              Hetero   
D_brent                 0.92 [0.4922]       1.83 [0.0783]       1.08 [0.5822]       1.42 [0.0113]*  
D_lnCambio              2.27 [0.0279]*      1.63 [0.1247]       4.45 [0.1081]       1.49 [0.0049]** 

Vector AR 1-7 test:      F(28,1156)=   1.3239 [0.1212]  
Vector Normality test:   Chi^2(4)  =   6.1013 [0.1917]  
Vector Hetero test:      F(255,1722)=   1.2373 [0.0100]* 
Vector RESET23 test:     F(8,1176) =  0.81326 [0.5909]  
Processo H iniciado
Processo U iniciado
Processo U finalizado
Processo Extracao da matriz de saturacao (IIS)
Processo AlphaBeta iniciado
Processo B iniciado
*** Fim da estimacao dos modelos de macrovariaveis *** 
